Wavenumber(cm^-1)   Wavelength(nm)  Electronvolts(eV)   Intensity(normalised)
 20085.27257947    497.87723619      2.49025764      0.00183193
 20090.48972274    497.74794632      2.49090448      0.00183767
 20095.70686601    497.61872357      2.49155132      0.00184333
 20100.92400928    497.48956791      2.49219817      0.00184893
 20106.14115256    497.36047927      2.49284501      0.00185446
 20111.35829583    497.23145761      2.49349185      0.00185993
 20116.57543910    497.10250287      2.49413870      0.00186534
 20121.79258237    496.97361500      2.49478554      0.00187070
 20127.00972564    496.84479395      2.49543239      0.00187599
 20132.22686892    496.71603967      2.49607923      0.00188122
 20137.44401219    496.58735210      2.49672607      0.00188639
 20142.66115546    496.45873119      2.49737292      0.00189149
 20147.87829873    496.33017689      2.49801976      0.00189653
 20153.09544200    496.20168915      2.49866660      0.00190148
 20158.31258528    496.07326792      2.49931345      0.00190635
 20163.52972855    495.94491315      2.49996029      0.00191114
 20168.74687182    495.81662478      2.50060714      0.00191583
 20173.96401509    495.68840276      2.50125398      0.00192041
 20179.18115836    495.56024704      2.50190082      0.00192488
 20184.39830164    495.43215758      2.50254767      0.00192923
 20189.61544491    495.30413431      2.50319451      0.00193345
 20194.83258818    495.17617719      2.50384135      0.00193752
 20200.04973145    495.04828616      2.50448820      0.00194144
 20205.26687472    494.92046118      2.50513504      0.00194519
 20210.48401800    494.79270220      2.50578188      0.00194877
 20215.70116127    494.66500915      2.50642873      0.00195216
 20220.91830454    494.53738200      2.50707557      0.00195535
 20226.13544781    494.40982069      2.50772242      0.00195833
 20231.35259108    494.28232517      2.50836926      0.00196109
 20236.56973435    494.15489538      2.50901610      0.00196362
 20241.78687763    494.02753129      2.50966295      0.00196590
 20247.00402090    493.90023283      2.51030979      0.00196793
 20252.22116417    493.77299996      2.51095663      0.00196969
 20257.43830744    493.64583262      2.51160348      0.00197118
 20262.65545071    493.51873077      2.51225032      0.00197239
 20267.87259399    493.39169435      2.51289716      0.00197331
 20273.08973726    493.26472332      2.51354401      0.00197393
 20278.30688053    493.13781762      2.51419085      0.00197425
 20283.52402380    493.01097720      2.51483770      0.00197426
 20288.74116707    492.88420201      2.51548454      0.00197395
 20293.95831035    492.75749201      2.51613138      0.00197333
 20299.17545362    492.63084714      2.51677823      0.00197238
 20304.39259689    492.50426735      2.51742507      0.00197112
 20309.60974016    492.37775260      2.51807191      0.00196954
 20314.82688343    492.25130282      2.51871876      0.00196763
 20320.04402671    492.12491798      2.51936560      0.00196540
 20325.26116998    491.99859802      2.52001244      0.00196286
 20330.47831325    491.87234289      2.52065929      0.00196001
 20335.69545652    491.74615254      2.52130613      0.00195685
 20340.91259979    491.62002693      2.52195298      0.00195338
 20346.12974306    491.49396599      2.52259982      0.00194963
 20351.34688634    491.36796969      2.52324666      0.00194559
 20356.56402961    491.24203797      2.52389351      0.00194128
 20361.78117288    491.11617079      2.52454035      0.00193670
 20366.99831615    490.99036808      2.52518719      0.00193186
 20372.21545942    490.86462981      2.52583404      0.00192679
 20377.43260270    490.73895593      2.52648088      0.00192149
 20382.64974597    490.61334638      2.52712772      0.00191597
 20387.86688924    490.48780112      2.52777457      0.00191025
 20393.08403251    490.36232009      2.52842141      0.00190435
 20398.30117578    490.23690325      2.52906826      0.00189828
 20403.51831906    490.11155055      2.52971510      0.00189206
 20408.73546233    489.98626193      2.53036194      0.00188570
 20413.95260560    489.86103736      2.53100879      0.00187922
 20419.16974887    489.73587678      2.53165563      0.00187265
 20424.38689214    489.61078013      2.53230247      0.00186598
 20429.60403542    489.48574738      2.53294932      0.00185925
 20434.82117869    489.36077848      2.53359616      0.00185248
 20440.03832196    489.23587336      2.53424300      0.00184567
 20445.25546523    489.11103199      2.53488985      0.00183885
 20450.47260850    488.98625432      2.53553669      0.00183203
 20455.68975177    488.86154030      2.53618354      0.00182523
 20460.90689505    488.73688988      2.53683038      0.00181848
 20466.12403832    488.61230301      2.53747722      0.00181177
 20471.34118159    488.48777964      2.53812407      0.00180514
 20476.55832486    488.36331972      2.53877091      0.00179860
 20481.77546813    488.23892321      2.53941775      0.00179216
 20486.99261141    488.11459006      2.54006460      0.00178583
 20492.20975468    487.99032021      2.54071144      0.00177964
 20497.42689795    487.86611362      2.54135828      0.00177359
 20502.64404122    487.74197025      2.54200513      0.00176770
 20507.86118449    487.61789004      2.54265197      0.00176198
 20513.07832777    487.49387294      2.54329882      0.00175644
 20518.29547104    487.36991892      2.54394566      0.00175109
 20523.51261431    487.24602791      2.54459250      0.00174595
 20528.72975758    487.12219987      2.54523935      0.00174102
 20533.94690085    486.99843475      2.54588619      0.00173632
 20539.16404413    486.87473251      2.54653303      0.00173184
 20544.38118740    486.75109310      2.54717988      0.00172761
 20549.59833067    486.62751646      2.54782672      0.00172362
 20554.81547394    486.50400256      2.54847356      0.00171989
 20560.03261721    486.38055134      2.54912041      0.00171641
 20565.24976049    486.25716276      2.54976725      0.00171320
 20570.46690376    486.13383677      2.55041410      0.00171027
 20575.68404703    486.01057331      2.55106094      0.00170760
 20580.90119030    485.88737235      2.55170778      0.00170522
 20586.11833357    485.76423384      2.55235463      0.00170312
 20591.33547684    485.64115772      2.55300147      0.00170131
 20596.55262012    485.51814396      2.55364831      0.00169979
 20601.76976339    485.39519249      2.55429516      0.00169856
 20606.98690666    485.27230329      2.55494200      0.00169763
 20612.20404993    485.14947629      2.55558884      0.00169700
 20617.42119320    485.02671145      2.55623569      0.00169667
 20622.63833648    484.90400873      2.55688253      0.00169665
 20627.85547975    484.78136808      2.55752938      0.00169694
 20633.07262302    484.65878944      2.55817622      0.00169754
 20638.28976629    484.53627278      2.55882306      0.00169845
 20643.50690956    484.41381805      2.55946991      0.00169968
 20648.72405284    484.29142519      2.56011675      0.00170123
 20653.94119611    484.16909417      2.56076359      0.00170310
 20659.15833938    484.04682493      2.56141044      0.00170530
 20664.37548265    483.92461744      2.56205728      0.00170783
 20669.59262592    483.80247163      2.56270412      0.00171069
 20674.80976920    483.68038747      2.56335097      0.00171389
 20680.02691247    483.55836491      2.56399781      0.00171744
 20685.24405574    483.43640390      2.56464466      0.00172133
 20690.46119901    483.31450439      2.56529150      0.00172558
 20695.67834228    483.19266634      2.56593834      0.00173019
 20700.89548555    483.07088971      2.56658519      0.00173517
 20706.11262883    482.94917444      2.56723203      0.00174051
 20711.32977210    482.82752049      2.56787887      0.00174625
 20716.54691537    482.70592782      2.56852572      0.00175237
 20721.76405864    482.58439637      2.56917256      0.00175888
 20726.98120191    482.46292611      2.56981940      0.00176581
 20732.19834519    482.34151697      2.57046625      0.00177315
 20737.41548846    482.22016893      2.57111309      0.00178091
 20742.63263173    482.09888193      2.57175994      0.00178911
 20747.84977500    481.97765592      2.57240678      0.00179776
 20753.06691827    481.85649087      2.57305362      0.00180687
 20758.28406155    481.73538672      2.57370047      0.00181645
 20763.50120482    481.61434343      2.57434731      0.00182651
 20768.71834809    481.49336095      2.57499415      0.00183706
 20773.93549136    481.37243924      2.57564100      0.00184813
 20779.15263463    481.25157824      2.57628784      0.00185971
 20784.36977791    481.13077793      2.57693468      0.00187184
 20789.58692118    481.01003824      2.57758153      0.00188451
 20794.80406445    480.88935914      2.57822837      0.00189775
 20800.02120772    480.76874058      2.57887522      0.00191157
 20805.23835099    480.64818251      2.57952206      0.00192598
 20810.45549427    480.52768488      2.58016890      0.00194100
 20815.67263754    480.40724766      2.58081575      0.00195665
 20820.88978081    480.28687080      2.58146259      0.00197294
 20826.10692408    480.16655424      2.58210943      0.00198989
 20831.32406735    480.04629795      2.58275628      0.00200750
 20836.54121062    479.92610189      2.58340312      0.00202580
 20841.75835390    479.80596599      2.58404996      0.00204481
 20846.97549717    479.68589023      2.58469681      0.00206453
 20852.19264044    479.56587455      2.58534365      0.00208498
 20857.40978371    479.44591892      2.58599050      0.00210618
 20862.62692698    479.32602328      2.58663734      0.00212813
 20867.84407026    479.20618758      2.58728418      0.00215086
 20873.06121353    479.08641180      2.58793103      0.00217438
 20878.27835680    478.96669587      2.58857787      0.00219870
 20883.49550007    478.84703976      2.58922471      0.00222382
 20888.71264334    478.72744342      2.58987156      0.00224978
 20893.92978662    478.60790680      2.59051840      0.00227656
 20899.14692989    478.48842987      2.59116524      0.00230420
 20904.36407316    478.36901257      2.59181209      0.00233269
 20909.58121643    478.24965486      2.59245893      0.00236204
 20914.79835970    478.13035670      2.59310578      0.00239227
 20920.01550298    478.01111804      2.59375262      0.00242338
 20925.23264625    477.89193884      2.59439946      0.00245538
 20930.44978952    477.77281905      2.59504631      0.00248827
 20935.66693279    477.65375864      2.59569315      0.00252207
 20940.88407606    477.53475754      2.59633999      0.00255678
 20946.10121933    477.41581573      2.59698684      0.00259240
 20951.31836261    477.29693315      2.59763368      0.00262893
 20956.53550588    477.17810977      2.59828053      0.00266639
 20961.75264915    477.05934553      2.59892737      0.00270476
 20966.96979242    476.94064040      2.59957421      0.00274406
 20972.18693569    476.82199432      2.60022106      0.00278429
 20977.40407897    476.70340726      2.60086790      0.00282544
 20982.62122224    476.58487918      2.60151474      0.00286752
 20987.83836551    476.46641002      2.60216159      0.00291052
 20993.05550878    476.34799974      2.60280843      0.00295445
 20998.27265205    476.22964830      2.60345527      0.00299930
 21003.48979533    476.11135566      2.60410212      0.00304507
 21008.70693860    475.99312177      2.60474896      0.00309176
 21013.92408187    475.87494658      2.60539581      0.00313936
 21019.14122514    475.75683007      2.60604265      0.00318787
 21024.35836841    475.63877217      2.60668949      0.00323728
 21029.57551169    475.52077285      2.60733634      0.00328759
 21034.79265496    475.40283206      2.60798318      0.00333880
 21040.00979823    475.28494976      2.60863002      0.00339089
 21045.22694150    475.16712591      2.60927687      0.00344387
 21050.44408477    475.04936047      2.60992371      0.00349772
 21055.66122804    474.93165338      2.61057055      0.00355243
 21060.87837132    474.81400461      2.61121740      0.00360800
 21066.09551459    474.69641411      2.61186424      0.00366442
 21071.31265786    474.57888184      2.61251109      0.00372169
 21076.52980113    474.46140775      2.61315793      0.00377978
 21081.74694440    474.34399181      2.61380477      0.00383869
 21086.96408768    474.22663397      2.61445162      0.00389842
 21092.18123095    474.10933419      2.61509846      0.00395895
 21097.39837422    473.99209242      2.61574530      0.00402027
 21102.61551749    473.87490862      2.61639215      0.00408237
 21107.83266076    473.75778275      2.61703899      0.00414523
 21113.04980404    473.64071476      2.61768583      0.00420886
 21118.26694731    473.52370462      2.61833268      0.00427323
 21123.48409058    473.40675227      2.61897952      0.00433834
 21128.70123385    473.28985768      2.61962637      0.00440417
 21133.91837712    473.17302081      2.62027321      0.00447071
 21139.13552040    473.05624160      2.62092005      0.00453795
 21144.35266367    472.93952003      2.62156690      0.00460588
 21149.56980694    472.82285603      2.62221374      0.00467448
 21154.78695021    472.70624958      2.62286058      0.00474375
 21160.00409348    472.58970064      2.62350743      0.00481368
 21165.22123676    472.47320915      2.62415427      0.00488424
 21170.43838003    472.35677507      2.62480111      0.00495544
 21175.65552330    472.24039837      2.62544796      0.00502726
 21180.87266657    472.12407899      2.62609480      0.00509969
 21186.08980984    472.00781691      2.62674165      0.00517271
 21191.30695311    471.89161207      2.62738849      0.00524633
 21196.52409639    471.77546444      2.62803533      0.00532052
 21201.74123966    471.65937396      2.62868218      0.00539528
 21206.95838293    471.54334061      2.62932902      0.00547060
 21212.17552620    471.42736433      2.62997586      0.00554646
 21217.39266947    471.31144509      2.63062271      0.00562286
 21222.60981275    471.19558284      2.63126955      0.00569978
 21227.82695602    471.07977754      2.63191639      0.00577722
 21233.04409929    470.96402914      2.63256324      0.00585516
 21238.26124256    470.84833762      2.63321008      0.00593359
 21243.47838583    470.73270292      2.63385693      0.00601250
 21248.69552911    470.61712500      2.63450377      0.00609189
 21253.91267238    470.50160383      2.63515061      0.00617172
 21259.12981565    470.38613935      2.63579746      0.00625200
 21264.34695892    470.27073154      2.63644430      0.00633271
 21269.56410219    470.15538033      2.63709114      0.00641384
 21274.78124547    470.04008571      2.63773799      0.00649536
 21279.99838874    469.92484761      2.63838483      0.00657726
 21285.21553201    469.80966601      2.63903167      0.00665952
 21290.43267528    469.69454085      2.63967852      0.00674213
 21295.64981855    469.57947211      2.64032536      0.00682506
 21300.86696182    469.46445973      2.64097221      0.00690829
 21306.08410510    469.34950368      2.64161905      0.00699180
 21311.30124837    469.23460391      2.64226589      0.00707557
 21316.51839164    469.11976038      2.64291274      0.00715956
 21321.73553491    469.00497305      2.64355958      0.00724375
 21326.95267818    468.89024189      2.64420642      0.00732811
 21332.16982146    468.77556684      2.64485327      0.00741261
 21337.38696473    468.66094787      2.64550011      0.00749722
 21342.60410800    468.54638494      2.64614695      0.00758190
 21347.82125127    468.43187800      2.64679380      0.00766661
 21353.03839454    468.31742702      2.64744064      0.00775133
 21358.25553782    468.20303195      2.64808749      0.00783600
 21363.47268109    468.08869276      2.64873433      0.00792059
 21368.68982436    467.97440939      2.64938117      0.00800506
 21373.90696763    467.86018182      2.65002802      0.00808935
 21379.12411090    467.74600999      2.65067486      0.00817343
 21384.34125418    467.63189388      2.65132170      0.00825725
 21389.55839745    467.51783343      2.65196855      0.00834076
 21394.77554072    467.40382861      2.65261539      0.00842391
 21399.99268399    467.28987938      2.65326223      0.00850665
 21405.20982726    467.17598569      2.65390908      0.00858892
 21410.42697053    467.06214751      2.65455592      0.00867067
 21415.64411381    466.94836480      2.65520277      0.00875185
 21420.86125708    466.83463751      2.65584961      0.00883240
 21426.07840035    466.72096560      2.65649645      0.00891227
 21431.29554362    466.60734904      2.65714330      0.00899140
 21436.51268689    466.49378778      2.65779014      0.00906972
 21441.72983017    466.38028178      2.65843698      0.00914719
 21446.94697344    466.26683100      2.65908383      0.00922374
 21452.16411671    466.15343541      2.65973067      0.00929931
 21457.38125998    466.04009496      2.66037751      0.00937385
 21462.59840325    465.92680961      2.66102436      0.00944729
 21467.81554653    465.81357932      2.66167120      0.00951959
 21473.03268980    465.70040406      2.66231805      0.00959067
 21478.24983307    465.58728377      2.66296489      0.00966048
 21483.46697634    465.47421843      2.66361173      0.00972897
 21488.68411961    465.36120799      2.66425858      0.00979607
 21493.90126289    465.24825241      2.66490542      0.00986174
 21499.11840616    465.13535165      2.66555226      0.00992591
 21504.33554943    465.02250567      2.66619911      0.00998853
 21509.55269270    464.90971444      2.66684595      0.01004956
 21514.76983597    464.79697790      2.66749279      0.01010894
 21519.98697925    464.68429603      2.66813964      0.01016663
 21525.20412252    464.57166878      2.66878648      0.01022257
 21530.42126579    464.45909611      2.66943333      0.01027673
 21535.63840906    464.34657799      2.67008017      0.01032906
 21540.85555233    464.23411436      2.67072701      0.01037953
 21546.07269560    464.12170521      2.67137386      0.01042809
 21551.28983888    464.00935047      2.67202070      0.01047472
 21556.50698215    463.89705012      2.67266754      0.01051939
 21561.72412542    463.78480412      2.67331439      0.01056206
 21566.94126869    463.67261242      2.67396123      0.01060272
 21572.15841196    463.56047499      2.67460807      0.01064134
 21577.37555524    463.44839178      2.67525492      0.01067791
 21582.59269851    463.33636277      2.67590176      0.01071242
 21587.80984178    463.22438790      2.67654861      0.01074485
 21593.02698505    463.11246714      2.67719545      0.01077520
 21598.24412832    463.00060045      2.67784229      0.01080346
 21603.46127160    462.88878779      2.67848914      0.01082965
 21608.67841487    462.77702912      2.67913598      0.01085376
 21613.89555814    462.66532440      2.67978282      0.01087580
 21619.11270141    462.55367360      2.68042967      0.01089579
 21624.32984468    462.44207667      2.68107651      0.01091374
 21629.54698796    462.33053358      2.68172335      0.01092967
 21634.76413123    462.21904428      2.68237020      0.01094361
 21639.98127450    462.10760874      2.68301704      0.01095557
 21645.19841777    461.99622692      2.68366389      0.01096559
 21650.41556104    461.88489878      2.68431073      0.01097370
 21655.63270431    461.77362428      2.68495757      0.01097993
 21660.84984759    461.66240339      2.68560442      0.01098431
 21666.06699086    461.55123605      2.68625126      0.01098690
 21671.28413413    461.44012224      2.68689810      0.01098771
 21676.50127740    461.32906192      2.68754495      0.01098681
 21681.71842067    461.21805504      2.68819179      0.01098422
 21686.93556395    461.10710158      2.68883863      0.01097999
 21692.15270722    460.99620148      2.68948548      0.01097418
 21697.36985049    460.88535472      2.69013232      0.01096681
 21702.58699376    460.77456125      2.69077917      0.01095794
 21707.80413703    460.66382103      2.69142601      0.01094761
 21713.02128031    460.55313403      2.69207285      0.01093587
 21718.23842358    460.44250021      2.69271970      0.01092276
 21723.45556685    460.33191953      2.69336654      0.01090833
 21728.67271012    460.22139196      2.69401338      0.01089261
 21733.88985339    460.11091744      2.69466023      0.01087565
 21739.10699667    460.00049595      2.69530707      0.01085750
 21744.32413994    459.89012745      2.69595392      0.01083818
 21749.54128321    459.77981190      2.69660076      0.01081774
 21754.75842648    459.66954925      2.69724760      0.01079621
 21759.97556975    459.55933948      2.69789445      0.01077362
 21765.19271303    459.44918255      2.69854129      0.01075001
 21770.40985630    459.33907841      2.69918813      0.01072541
 21775.62699957    459.22902703      2.69983498      0.01069985
 21780.84414284    459.11902837      2.70048182      0.01067335
 21786.06128611    459.00908240      2.70112866      0.01064594
 21791.27842938    458.89918907      2.70177551      0.01061764
 21796.49557266    458.78934835      2.70242235      0.01058846
 21801.71271593    458.67956019      2.70306920      0.01055844
 21806.92985920    458.56982457      2.70371604      0.01052758
 21812.14700247    458.46014145      2.70436288      0.01049590
 21817.36414574    458.35051078      2.70500973      0.01046342
 21822.58128902    458.24093253      2.70565657      0.01043015
 21827.79843229    458.13140666      2.70630341      0.01039609
 21833.01557556    458.02193313      2.70695026      0.01036127
 21838.23271883    457.91251191      2.70759710      0.01032568
 21843.44986210    457.80314296      2.70824394      0.01028934
 21848.66700538    457.69382624      2.70889079      0.01025226
 21853.88414865    457.58456172      2.70953763      0.01021445
 21859.10129192    457.47534935      2.71018448      0.01017590
 21864.31843519    457.36618910      2.71083132      0.01013664
 21869.53557846    457.25708093      2.71147816      0.01009666
 21874.75272174    457.14802481      2.71212501      0.01005598
 21879.96986501    457.03902070      2.71277185      0.01001461
 21885.18700828    456.93006855      2.71341869      0.00997255
 21890.40415155    456.82116834      2.71406554      0.00992982
 21895.62129482    456.71232003      2.71471238      0.00988642
 21900.83843809    456.60352357      2.71535922      0.00984238
 21906.05558137    456.49477894      2.71600607      0.00979770
 21911.27272464    456.38608609      2.71665291      0.00975241
 21916.48986791    456.27744499      2.71729976      0.00970651
 21921.70701118    456.16885560      2.71794660      0.00966003
 21926.92415445    456.06031788      2.71859344      0.00961299
 21932.14129773    455.95183180      2.71924029      0.00956542
 21937.35844100    455.84339732      2.71988713      0.00951733
 21942.57558427    455.73501441      2.72053397      0.00946876
 21947.79272754    455.62668302      2.72118082      0.00941973
 21953.00987081    455.51840312      2.72182766      0.00937028
 21958.22701409    455.41017467      2.72247450      0.00932044
 21963.44415736    455.30199764      2.72312135      0.00927025
 21968.66130063    455.19387200      2.72376819      0.00921974
 21973.87844390    455.08579769      2.72441504      0.00916896
 21979.09558717    454.97777469      2.72506188      0.00911794
 21984.31273045    454.86980296      2.72570872      0.00906674
 21989.52987372    454.76188247      2.72635557      0.00901541
 21994.74701699    454.65401317      2.72700241      0.00896398
 21999.96416026    454.54619504      2.72764925      0.00891251
 22005.18130353    454.43842803      2.72829610      0.00886106
 22010.39844680    454.33071210      2.72894294      0.00880968
 22015.61559008    454.22304723      2.72958978      0.00875842
 22020.83273335    454.11543338      2.73023663      0.00870736
 22026.04987662    454.00787050      2.73088347      0.00865653
 22031.26701989    453.90035857      2.73153032      0.00860602
 22036.48416316    453.79289754      2.73217716      0.00855587
 22041.70130644    453.68548738      2.73282400      0.00850616
 22046.91844971    453.57812806      2.73347085      0.00845695
 22052.13559298    453.47081954      2.73411769      0.00840830
 22057.35273625    453.36356178      2.73476453      0.00836029
 22062.56987952    453.25635475      2.73541138      0.00831297
 22067.78702280    453.14919841      2.73605822      0.00826643
 22073.00416607    453.04209272      2.73670506      0.00822072
 22078.22130934    452.93503765      2.73735191      0.00817592
 22083.43845261    452.82803316      2.73799875      0.00813210
 22088.65559588    452.72107923      2.73864560      0.00808932
 22093.87273916    452.61417580      2.73929244      0.00804765
 22099.08988243    452.50732284      2.73993928      0.00800717
 22104.30702570    452.40052033      2.74058613      0.00796794
 22109.52416897    452.29376822      2.74123297      0.00793003
 22114.74131224    452.18706648      2.74187981      0.00789350
 22119.95845552    452.08041507      2.74252666      0.00785844
 22125.17559879    451.97381396      2.74317350      0.00782489
 22130.39274206    451.86726311      2.74382034      0.00779293
 22135.60988533    451.76076249      2.74446719      0.00776263
 22140.82702860    451.65431206      2.74511403      0.00773404
 22146.04417187    451.54791178      2.74576088      0.00770724
 22151.26131515    451.44156162      2.74640772      0.00768227
 22156.47845842    451.33526155      2.74705456      0.00765922
 22161.69560169    451.22901152      2.74770141      0.00763812
 22166.91274496    451.12281151      2.74834825      0.00761906
 22172.12988823    451.01666148      2.74899509      0.00760207
 22177.34703151    450.91056138      2.74964194      0.00758723
 22182.56417478    450.80451120      2.75028878      0.00757458
 22187.78131805    450.69851089      2.75093562      0.00756419
 22192.99846132    450.59256042      2.75158247      0.00755611
 22198.21560459    450.48665974      2.75222931      0.00755039
 22203.43274787    450.38080884      2.75287616      0.00754708
 22208.64989114    450.27500767      2.75352300      0.00754624
 22213.86703441    450.16925619      2.75416984      0.00754791
 22219.08417768    450.06355438      2.75481669      0.00755215
 22224.30132095    449.95790219      2.75546353      0.00755901
 22229.51846423    449.85229959      2.75611037      0.00756853
 22234.73560750    449.74674656      2.75675722      0.00758077
 22239.95275077    449.64124304      2.75740406      0.00759576
 22245.16989404    449.53578901      2.75805090      0.00761356
 22250.38703731    449.43038443      2.75869775      0.00763420
 22255.60418058    449.32502928      2.75934459      0.00765774
 22260.82132386    449.21972350      2.75999144      0.00768422
 22266.03846713    449.11446707      2.76063828      0.00771368
 22271.25561040    449.00925996      2.76128512      0.00774616
 22276.47275367    448.90410213      2.76193197      0.00778171
 22281.68989694    448.79899353      2.76257881      0.00782036
 22286.90704022    448.69393415      2.76322565      0.00786215
 22292.12418349    448.58892395      2.76387250      0.00790713
 22297.34132676    448.48396288      2.76451934      0.00795534
 22302.55847003    448.37905093      2.76516618      0.00800680
 22307.77561330    448.27418804      2.76581303      0.00806155
 22312.99275658    448.16937419      2.76645987      0.00811964
 22318.20989985    448.06460934      2.76710672      0.00818110
 22323.42704312    447.95989346      2.76775356      0.00824596
 22328.64418639    447.85522652      2.76840040      0.00831426
 22333.86132966    447.75060848      2.76904725      0.00838602
 22339.07847294    447.64603930      2.76969409      0.00846129
 22344.29561621    447.54151895      2.77034093      0.00854009
 22349.51275948    447.43704740      2.77098778      0.00862245
 22354.72990275    447.33262462      2.77163462      0.00870840
 22359.94704602    447.22825056      2.77228146      0.00879798
 22365.16418929    447.12392520      2.77292831      0.00889122
 22370.38133257    447.01964850      2.77357515      0.00898813
 22375.59847584    446.91542042      2.77422200      0.00908875
 22380.81561911    446.81124094      2.77486884      0.00919311
 22386.03276238    446.70711002      2.77551568      0.00930123
 22391.24990565    446.60302762      2.77616253      0.00941315
 22396.46704893    446.49899371      2.77680937      0.00952888
 22401.68419220    446.39500826      2.77745621      0.00964846
 22406.90133547    446.29107123      2.77810306      0.00977190
 22412.11847874    446.18718259      2.77874990      0.00989925
 22417.33562201    446.08334231      2.77939674      0.01003051
 22422.55276529    445.97955035      2.78004359      0.01016573
 22427.76990856    445.87580668      2.78069043      0.01030492
 22432.98705183    445.77211126      2.78133728      0.01044811
 22438.20419510    445.66846406      2.78198412      0.01059532
 22443.42133837    445.56486505      2.78263096      0.01074658
 22448.63848165    445.46131420      2.78327781      0.01090192
 22453.85562492    445.35781146      2.78392465      0.01106136
 22459.07276819    445.25435681      2.78457149      0.01122493
 22464.28991146    445.15095022      2.78521834      0.01139264
 22469.50705473    445.04759164      2.78586518      0.01156453
 22474.72419801    444.94428105      2.78651202      0.01174061
 22479.94134128    444.84101841      2.78715887      0.01192091
 22485.15848455    444.73780369      2.78780571      0.01210545
 22490.37562782    444.63463685      2.78845256      0.01229425
 22495.59277109    444.53151787      2.78909940      0.01248733
 22500.80991436    444.42844671      2.78974624      0.01268471
 22506.02705764    444.32542334      2.79039309      0.01288641
 22511.24420091    444.22244771      2.79103993      0.01309244
 22516.46134418    444.11951981      2.79168677      0.01330282
 22521.67848745    444.01663959      2.79233362      0.01351756
 22526.89563072    443.91380703      2.79298046      0.01373667
 22532.11277400    443.81102209      2.79362731      0.01396017
 22537.32991727    443.70828473      2.79427415      0.01418805
 22542.54706054    443.60559493      2.79492099      0.01442033
 22547.76420381    443.50295265      2.79556784      0.01465701
 22552.98134708    443.40035786      2.79621468      0.01489809
 22558.19849036    443.29781052      2.79686152      0.01514356
 22563.41563363    443.19531060      2.79750837      0.01539344
 22568.63277690    443.09285808      2.79815521      0.01564771
 22573.84992017    442.99045291      2.79880205      0.01590636
 22579.06706344    442.88809506      2.79944890      0.01616939
 22584.28420672    442.78578451      2.80009574      0.01643678
 22589.50134999    442.68352121      2.80074259      0.01670851
 22594.71849326    442.58130514      2.80138943      0.01698459
 22599.93563653    442.47913626      2.80203627      0.01726497
 22605.15277980    442.37701454      2.80268312      0.01754965
 22610.36992307    442.27493995      2.80332996      0.01783860
 22615.58706635    442.17291245      2.80397680      0.01813179
 22620.80420962    442.07093202      2.80462365      0.01842920
 22626.02135289    441.96899862      2.80527049      0.01873080
 22631.23849616    441.86711221      2.80591733      0.01903655
 22636.45563943    441.76527277      2.80656418      0.01934642
 22641.67278271    441.66348025      2.80721102      0.01966037
 22646.88992598    441.56173464      2.80785787      0.01997836
 22652.10706925    441.46003590      2.80850471      0.02030035
 22657.32421252    441.35838399      2.80915155      0.02062629
 22662.54135579    441.25677888      2.80979840      0.02095614
 22667.75849907    441.15522055      2.81044524      0.02128984
 22672.97564234    441.05370895      2.81109208      0.02162735
 22678.19278561    440.95224406      2.81173893      0.02196859
 22683.40992888    440.85082584      2.81238577      0.02231351
 22688.62707215    440.74945426      2.81303261      0.02266205
 22693.84421543    440.64812929      2.81367946      0.02301414
 22699.06135870    440.54685090      2.81432630      0.02336970
 22704.27850197    440.44561906      2.81497315      0.02372865
 22709.49564524    440.34443372      2.81561999      0.02409092
 22714.71278851    440.24329487      2.81626683      0.02445642
 22719.92993179    440.14220246      2.81691368      0.02482505
 22725.14707506    440.04115648      2.81756052      0.02519673
 22730.36421833    439.94015687      2.81820736      0.02557134
 22735.58136160    439.83920362      2.81885421      0.02594878
 22740.79850487    439.73829669      2.81950105      0.02632895
 22746.01564814    439.63743605      2.82014789      0.02671172
 22751.23279142    439.53662167      2.82079474      0.02709696
 22756.44993469    439.43585351      2.82144158      0.02748457
 22761.66707796    439.33513155      2.82208843      0.02787439
 22766.88422123    439.23445575      2.82273527      0.02826629
 22772.10136450    439.13382608      2.82338211      0.02866013
 22777.31850778    439.03324250      2.82402896      0.02905576
 22782.53565105    438.93270500      2.82467580      0.02945302
 22787.75279432    438.83221353      2.82532264      0.02985176
 22792.96993759    438.73176806      2.82596949      0.03025181
 22798.18708086    438.63136856      2.82661633      0.03065301
 22803.40422414    438.53101501      2.82726317      0.03105518
 22808.62136741    438.43070736      2.82791002      0.03145815
 22813.83851068    438.33044559      2.82855686      0.03186174
 22819.05565395    438.23022967      2.82920371      0.03226577
 22824.27279722    438.13005956      2.82985055      0.03267005
 22829.48994050    438.02993523      2.83049739      0.03307440
 22834.70708377    437.92985666      2.83114424      0.03347862
 22839.92422704    437.82982380      2.83179108      0.03388251
 22845.14137031    437.72983664      2.83243792      0.03428589
 22850.35851358    437.62989513      2.83308477      0.03468855
 22855.57565685    437.52999925      2.83373161      0.03509030
 22860.79280013    437.43014896      2.83437845      0.03549094
 22866.00994340    437.33034424      2.83502530      0.03589026
 22871.22708667    437.23058505      2.83567214      0.03628805
 22876.44422994    437.13087137      2.83631899      0.03668412
 22881.66137321    437.03120315      2.83696583      0.03707825
 22886.87851649    436.93158037      2.83761267      0.03747025
 22892.09565976    436.83200300      2.83825952      0.03785989
 22897.31280303    436.73247101      2.83890636      0.03824698
 22902.52994630    436.63298437      2.83955320      0.03863129
 22907.74708957    436.53354304      2.84020005      0.03901262
 22912.96423285    436.43414699      2.84084689      0.03939076
 22918.18137612    436.33479620      2.84149373      0.03976549
 22923.39851939    436.23549063      2.84214058      0.04013660
 22928.61566266    436.13623025      2.84278742      0.04050386
 22933.83280593    436.03701503      2.84343427      0.04086708
 22939.04994921    435.93784495      2.84408111      0.04122602
 22944.26709248    435.83871996      2.84472795      0.04158048
 22949.48423575    435.73964004      2.84537480      0.04193022
 22954.70137902    435.64060516      2.84602164      0.04227505
 22959.91852229    435.54161528      2.84666848      0.04261473
 22965.13566556    435.44267039      2.84731533      0.04294905
 22970.35280884    435.34377043      2.84796217      0.04327779
 22975.56995211    435.24491540      2.84860901      0.04360073
 22980.78709538    435.14610524      2.84925586      0.04391766
 22986.00423865    435.04733995      2.84990270      0.04422836
 22991.22138192    434.94861947      2.85054955      0.04453262
 22996.43852520    434.84994379      2.85119639      0.04483023
 23001.65566847    434.75131287      2.85184323      0.04512097
 23006.87281174    434.65272668      2.85249008      0.04540464
 23012.08995501    434.55418519      2.85313692      0.04568104
 23017.30709828    434.45568838      2.85378376      0.04594997
 23022.52424156    434.35723620      2.85443061      0.04621124
 23027.74138483    434.25882864      2.85507745      0.04646464
 23032.95852810    434.16046566      2.85572429      0.04671001
 23038.17567137    434.06214722      2.85637114      0.04694715
 23043.39281464    433.96387331      2.85701798      0.04717589
 23048.60995792    433.86564388      2.85766483      0.04739607
 23053.82710119    433.76745892      2.85831167      0.04760753
 23059.04424446    433.66931838      2.85895851      0.04781010
 23064.26138773    433.57122224      2.85960536      0.04800365
 23069.47853100    433.47317047      2.86025220      0.04818803
 23074.69567428    433.37516304      2.86089904      0.04836311
 23079.91281755    433.27719992      2.86154589      0.04852877
 23085.12996082    433.17928108      2.86219273      0.04868490
 23090.34710409    433.08140648      2.86283957      0.04883137
 23095.56424736    432.98357611      2.86348642      0.04896810
 23100.78139063    432.88578992      2.86413326      0.04909499
 23105.99853391    432.78804789      2.86478011      0.04921195
 23111.21567718    432.69034999      2.86542695      0.04931892
 23116.43282045    432.59269619      2.86607379      0.04941582
 23121.64996372    432.49508645      2.86672064      0.04950260
 23126.86710699    432.39752076      2.86736748      0.04957920
 23132.08425027    432.29999908      2.86801432      0.04964559
 23137.30139354    432.20252137      2.86866117      0.04970171
 23142.51853681    432.10508762      2.86930801      0.04974755
 23147.73568008    432.00769778      2.86995485      0.04978308
 23152.95282335    431.91035184      2.87060170      0.04980830
 23158.16996663    431.81304975      2.87124854      0.04982318
 23163.38710990    431.71579150      2.87189539      0.04982774
 23168.60425317    431.61857705      2.87254223      0.04982198
 23173.82139644    431.52140637      2.87318907      0.04980591
 23179.03853971    431.42427944      2.87383592      0.04977956
 23184.25568299    431.32719621      2.87448276      0.04974295
 23189.47282626    431.23015667      2.87512960      0.04969612
 23194.68996953    431.13316079      2.87577645      0.04963912
 23199.90711280    431.03620852      2.87642329      0.04957198
 23205.12425607    430.93929986      2.87707013      0.04949477
 23210.34139934    430.84243476      2.87771698      0.04940754
 23215.55854262    430.74561319      2.87836382      0.04931038
 23220.77568589    430.64883513      2.87901067      0.04920334
 23225.99282916    430.55210055      2.87965751      0.04908653
 23231.20997243    430.45540942      2.88030435      0.04896002
 23236.42711570    430.35876171      2.88095120      0.04882393
 23241.64425898    430.26215738      2.88159804      0.04867835
 23246.86140225    430.16559642      2.88224488      0.04852339
 23252.07854552    430.06907879      2.88289173      0.04835919
 23257.29568879    429.97260446      2.88353857      0.04818586
 23262.51283206    429.87617340      2.88418541      0.04800355
 23267.72997534    429.77978559      2.88483226      0.04781240
 23272.94711861    429.68344099      2.88547910      0.04761256
 23278.16426188    429.58713958      2.88612595      0.04740419
 23283.38140515    429.49088133      2.88677279      0.04718746
 23288.59854842    429.39466620      2.88741963      0.04696254
 23293.81569170    429.29849417      2.88806648      0.04672961
 23299.03283497    429.20236522      2.88871332      0.04648886
 23304.24997824    429.10627930      2.88936016      0.04624048
 23309.46712151    429.01023639      2.89000701      0.04598468
 23314.68426478    428.91423647      2.89065385      0.04572167
 23319.90140806    428.81827950      2.89130070      0.04545166
 23325.11855133    428.72236546      2.89194754      0.04517487
 23330.33569460    428.62649432      2.89259438      0.04489152
 23335.55283787    428.53066604      2.89324123      0.04460185
 23340.76998114    428.43488060      2.89388807      0.04430609
 23345.98712441    428.33913797      2.89453491      0.04400449
 23351.20426769    428.24343813      2.89518176      0.04369728
 23356.42141096    428.14778103      2.89582860      0.04338472
 23361.63855423    428.05216667      2.89647544      0.04306706
 23366.85569750    427.95659499      2.89712229      0.04274456
 23372.07284077    427.86106599      2.89776913      0.04241747
 23377.28998405    427.76557962      2.89841598      0.04208606
 23382.50712732    427.67013586      2.89906282      0.04175058
 23387.72427059    427.57473469      2.89970966      0.04141131
 23392.94141386    427.47937607      2.90035651      0.04106851
 23398.15855713    427.38405997      2.90100335      0.04072245
 23403.37570041    427.28878637      2.90165019      0.04037341
 23408.59284368    427.19355524      2.90229704      0.04002165
 23413.80998695    427.09836654      2.90294388      0.03966745
 23419.02713022    427.00322026      2.90359072      0.03931108
 23424.24427349    426.90811636      2.90423757      0.03895281
 23429.46141677    426.81305482      2.90488441      0.03859293
 23434.67856004    426.71803560      2.90553126      0.03823171
 23439.89570331    426.62305868      2.90617810      0.03786943
 23445.11284658    426.52812402      2.90682494      0.03750635
 23450.32998985    426.43323161      2.90747179      0.03714277
 23455.54713312    426.33838142      2.90811863      0.03677895
 23460.76427640    426.24357341      2.90876547      0.03641518
 23465.98141967    426.14880755      2.90941232      0.03605173
 23471.19856294    426.05408382      2.91005916      0.03568888
 23476.41570621    425.95940220      2.91070600      0.03532691
 23481.63284948    425.86476265      2.91135285      0.03496609
 23486.84999276    425.77016514      2.91199969      0.03460671
 23492.06713603    425.67560965      2.91264654      0.03424904
 23497.28427930    425.58109614      2.91329338      0.03389337
 23502.50142257    425.48662460      2.91394022      0.03353995
 23507.71856584    425.39219499      2.91458707      0.03318909
 23512.93570912    425.29780729      2.91523391      0.03284104
 23518.15285239    425.20346146      2.91588075      0.03249608
 23523.36999566    425.10915748      2.91652760      0.03215450
 23528.58713893    425.01489533      2.91717444      0.03181655
 23533.80428220    424.92067496      2.91782128      0.03148252
 23539.02142548    424.82649636      2.91846813      0.03115268
 23544.23856875    424.73235950      2.91911497      0.03082729
 23549.45571202    424.63826435      2.91976182      0.03050662
 23554.67285529    424.54421088      2.92040866      0.03019094
 23559.88999856    424.45019907      2.92105550      0.02988051
 23565.10714183    424.35622889      2.92170235      0.02957559
 23570.32428511    424.26230030      2.92234919      0.02927644
 23575.54142838    424.16841328      2.92299603      0.02898332
 23580.75857165    424.07456781      2.92364288      0.02869648
 23585.97571492    423.98076386      2.92428972      0.02841616
 23591.19285819    423.88700140      2.92493656      0.02814263
 23596.41000147    423.79328039      2.92558341      0.02787611
 23601.62714474    423.69960082      2.92623025      0.02761685
 23606.84428801    423.60596266      2.92687710      0.02736509
 23612.06143128    423.51236588      2.92752394      0.02712106
 23617.27857455    423.41881045      2.92817078      0.02688499
 23622.49571783    423.32529634      2.92881763      0.02665710
 23627.71286110    423.23182353      2.92946447      0.02643762
 23632.93000437    423.13839199      2.93011131      0.02622675
 23638.14714764    423.04500169      2.93075816      0.02602472
 23643.36429091    422.95165261      2.93140500      0.02583173
 23648.58143419    422.85834471      2.93205184      0.02564799
 23653.79857746    422.76507797      2.93269869      0.02547370
 23659.01572073    422.67185237      2.93334553      0.02530905
 23664.23286400    422.57866788      2.93399238      0.02515423
 23669.45000727    422.48552446      2.93463922      0.02500944
 23674.66715055    422.39242209      2.93528606      0.02487485
 23679.88429382    422.29936075      2.93593291      0.02475064
 23685.10143709    422.20634041      2.93657975      0.02463699
 23690.31858036    422.11336104      2.93722659      0.02453406
 23695.53572363    422.02042261      2.93787344      0.02444202
 23700.75286690    421.92752509      2.93852028      0.02436104
 23705.97001018    421.83466847      2.93916712      0.02429125
 23711.18715345    421.74185271      2.93981397      0.02423283
 23716.40429672    421.64907778      2.94046081      0.02418591
 23721.62143999    421.55634366      2.94110766      0.02415063
 23726.83858326    421.46365033      2.94175450      0.02412713
 23732.05572654    421.37099774      2.94240134      0.02411554
 23737.27286981    421.27838589      2.94304819      0.02411599
 23742.49001308    421.18581474      2.94369503      0.02412860
 23747.70715635    421.09328426      2.94434187      0.02415349
 23752.92429962    421.00079442      2.94498872      0.02419076
 23758.14144290    420.90834521      2.94563556      0.02424053
 23763.35858617    420.81593659      2.94628240      0.02430290
 23768.57572944    420.72356854      2.94692925      0.02437796
 23773.79287271    420.63124103      2.94757609      0.02446580
 23779.01001598    420.53895403      2.94822294      0.02456652
 23784.22715926    420.44670752      2.94886978      0.02468019
 23789.44430253    420.35450147      2.94951662      0.02480689
 23794.66144580    420.26233585      2.95016347      0.02494669
 23799.87858907    420.17021064      2.95081031      0.02509967
 23805.09573234    420.07812581      2.95145715      0.02526589
 23810.31287561    419.98608134      2.95210400      0.02544541
 23815.53001889    419.89407719      2.95275084      0.02563829
 23820.74716216    419.80211334      2.95339768      0.02584458
 23825.96430543    419.71018977      2.95404453      0.02606433
 23831.18144870    419.61830644      2.95469137      0.02629760
 23836.39859197    419.52646334      2.95533822      0.02654443
 23841.61573525    419.43466043      2.95598506      0.02680486
 23846.83287852    419.34289769      2.95663190      0.02707894
 23852.05002179    419.25117509      2.95727875      0.02736671
 23857.26716506    419.15949261      2.95792559      0.02766821
 23862.48430833    419.06785022      2.95857243      0.02798348
 23867.70145161    418.97624789      2.95921928      0.02831257
 23872.91859488    418.88468560      2.95986612      0.02865550
 23878.13573815    418.79316332      2.96051296      0.02901233
 23883.35288142    418.70168103      2.96115981      0.02938309
 23888.57002469    418.61023869      2.96180665      0.02976783
 23893.78716797    418.51883629      2.96245350      0.03016658
 23899.00431124    418.42747379      2.96310034      0.03057940
 23904.22145451    418.33615117      2.96374718      0.03100633
 23909.43859778    418.24486841      2.96439403      0.03144741
 23914.65574105    418.15362547      2.96504087      0.03190269
 23919.87288432    418.06242234      2.96568771      0.03237222
 23925.09002760    417.97125898      2.96633456      0.03285606
 23930.30717087    417.88013537      2.96698140      0.03335425
 23935.52431414    417.78905148      2.96762824      0.03386684
 23940.74145741    417.69800730      2.96827509      0.03439390
 23945.95860068    417.60700278      2.96892193      0.03493547
 23951.17574396    417.51603791      2.96956878      0.03549161
 23956.39288723    417.42511267      2.97021562      0.03606239
 23961.61003050    417.33422701      2.97086246      0.03664785
 23966.82717377    417.24338092      2.97150931      0.03724805
 23972.04431704    417.15257438      2.97215615      0.03786306
 23977.26146032    417.06180735      2.97280299      0.03849293
 23982.47860359    416.97107982      2.97344984      0.03913772
 23987.69574686    416.88039174      2.97409668      0.03979749
 23992.91289013    416.78974311      2.97474352      0.04047230
 23998.13003340    416.69913389      2.97539037      0.04116220
 24003.34717668    416.60856406      2.97603721      0.04186727
 24008.56431995    416.51803360      2.97668406      0.04258755
 24013.78146322    416.42754246      2.97733090      0.04332311
 24018.99860649    416.33709064      2.97797774      0.04407400
 24024.21574976    416.24667811      2.97862459      0.04484029
 24029.43289304    416.15630483      2.97927143      0.04562204
 24034.65003631    416.06597079      2.97991827      0.04641930
 24039.86717958    415.97567596      2.98056512      0.04723214
 24045.08432285    415.88542031      2.98121196      0.04806061
 24050.30146612    415.79520382      2.98185881      0.04890478
 24055.51860939    415.70502646      2.98250565      0.04976471
 24060.73575267    415.61488821      2.98315249      0.05064046
 24065.95289594    415.52478903      2.98379934      0.05153209
 24071.17003921    415.43472892      2.98444618      0.05243966
 24076.38718248    415.34470783      2.98509302      0.05336324
 24081.60432575    415.25472575      2.98573987      0.05430287
 24086.82146903    415.16478265      2.98638671      0.05525863
 24092.03861230    415.07487851      2.98703355      0.05623056
 24097.25575557    414.98501329      2.98768040      0.05721872
 24102.47289884    414.89518698      2.98832724      0.05822317
 24107.69004211    414.80539954      2.98897409      0.05924393
 24112.90718539    414.71565096      2.98962093      0.06028107
 24118.12432866    414.62594121      2.99026777      0.06133461
 24123.34147193    414.53627026      2.99091462      0.06240458
 24128.55861520    414.44663809      2.99156146      0.06349100
 24133.77575847    414.35704467      2.99220830      0.06459388
 24138.99290175    414.26748998      2.99285515      0.06571322
 24144.21004502    414.17797399      2.99350199      0.06684901
 24149.42718829    414.08849668      2.99414883      0.06800123
 24154.64433156    413.99905802      2.99479568      0.06916982
 24159.86147483    413.90965798      2.99544252      0.07035475
 24165.07861810    413.82029655      2.99608937      0.07155593
 24170.29576138    413.73097370      2.99673621      0.07277327
 24175.51290465    413.64168940      2.99738305      0.07400666
 24180.73004792    413.55244363      2.99802990      0.07525598
 24185.94719119    413.46323636      2.99867674      0.07652105
 24191.16433446    413.37406756      2.99932358      0.07780172
 24196.38147774    413.28493722      2.99997043      0.07909777
 24201.59862101    413.19584531      3.00061727      0.08040899
 24206.81576428    413.10679180      3.00126411      0.08173513
 24212.03290755    413.01777666      3.00191096      0.08307590
 24217.25005082    412.92879988      3.00255780      0.08443102
 24222.46719410    412.83986143      3.00320465      0.08580015
 24227.68433737    412.75096129      3.00385149      0.08718294
 24232.90148064    412.66209942      3.00449833      0.08857902
 24238.11862391    412.57327580      3.00514518      0.08998798
 24243.33576718    412.48449042      3.00579202      0.09140939
 24248.55291046    412.39574324      3.00643886      0.09284281
 24253.77005373    412.30703424      3.00708571      0.09428774
 24258.98719700    412.21836340      3.00773255      0.09574369
 24264.20434027    412.12973068      3.00837939      0.09721013
 24269.42148354    412.04113608      3.00902624      0.09868651
 24274.63862682    411.95257955      3.00967308      0.10017226
 24279.85577009    411.86406108      3.01031993      0.10166679
 24285.07291336    411.77558065      3.01096677      0.10316948
 24290.29005663    411.68713822      3.01161361      0.10467969
 24295.50719990    411.59873378      3.01226046      0.10619677
 24300.72434317    411.51036730      3.01290730      0.10772005
 24305.94148645    411.42203875      3.01355414      0.10924882
 24311.15862972    411.33374811      3.01420099      0.11078237
 24316.37577299    411.24549535      3.01484783      0.11231997
 24321.59291626    411.15728046      3.01549467      0.11386086
 24326.81005953    411.06910341      3.01614152      0.11540427
 24332.02720281    410.98096417      3.01678836      0.11694942
 24337.24434608    410.89286272      3.01743521      0.11849548
 24342.46148935    410.80479903      3.01808205      0.12004163
 24347.67863262    410.71677308      3.01872889      0.12158703
 24352.89577589    410.62878485      3.01937574      0.12313080
 24358.11291917    410.54083431      3.02002258      0.12467205
 24363.33006244    410.45292143      3.02066942      0.12620989
 24368.54720571    410.36504620      3.02131627      0.12774337
 24373.76434898    410.27720859      3.02196311      0.12927157
 24378.98149225    410.18940858      3.02260995      0.13079350
 24384.19863553    410.10164613      3.02325680      0.13230819
 24389.41577880    410.01392123      3.02390364      0.13381463
 24394.63292207    409.92623385      3.02455049      0.13531179
 24399.85006534    409.83858398      3.02519733      0.13679865
 24405.06720861    409.75097157      3.02584417      0.13827412
 24410.28435188    409.66339662      3.02649102      0.13973716
 24415.50149516    409.57585909      3.02713786      0.14118665
 24420.71863843    409.48835897      3.02778470      0.14262151
 24425.93578170    409.40089622      3.02843155      0.14404062
 24431.15292497    409.31347083      3.02907839      0.14544285
 24436.37006824    409.22608276      3.02972523      0.14682706
 24441.58721152    409.13873201      3.03037208      0.14819213
 24446.80435479    409.05141854      3.03101892      0.14953691
 24452.02149806    408.96414232      3.03166577      0.15086026
 24457.23864133    408.87690334      3.03231261      0.15216103
 24462.45578460    408.78970158      3.03295945      0.15343808
 24467.67292788    408.70253700      3.03360630      0.15469029
 24472.89007115    408.61540958      3.03425314      0.15591654
 24478.10721442    408.52831930      3.03489998      0.15711571
 24483.32435769    408.44126614      3.03554683      0.15828671
 24488.54150096    408.35425007      3.03619367      0.15942846
 24493.75864424    408.26727107      3.03684051      0.16053991
 24498.97578751    408.18032912      3.03748736      0.16162003
 24504.19293078    408.09342418      3.03813420      0.16266781
 24509.41007405    408.00655625      3.03878105      0.16368226
 24514.62721732    407.91972529      3.03942789      0.16466245
 24519.84436059    407.83293128      3.04007473      0.16560744
 24525.06150387    407.74617419      3.04072158      0.16651636
 24530.27864714    407.65945401      3.04136842      0.16738835
 24535.49579041    407.57277071      3.04201526      0.16822259
 24540.71293368    407.48612426      3.04266211      0.16901832
 24545.93007695    407.39951465      3.04330895      0.16977478
 24551.14722023    407.31294185      3.04395579      0.17049128
 24556.36436350    407.22640583      3.04460264      0.17116715
 24561.58150677    407.13990657      3.04524948      0.17180177
 24566.79865004    407.05344406      3.04589633      0.17239454
 24572.01579331    406.96701826      3.04654317      0.17294492
 24577.23293659    406.88062915      3.04719001      0.17345241
 24582.45007986    406.79427671      3.04783686      0.17391653
 24587.66722313    406.70796092      3.04848370      0.17433684
 24592.88436640    406.62168174      3.04913054      0.17471297
 24598.10150967    406.53543917      3.04977739      0.17504453
 24603.31865295    406.44923317      3.05042423      0.17533122
 24608.53579622    406.36306373      3.05107107      0.17557275
 24613.75293949    406.27693081      3.05171792      0.17576887
 24618.97008276    406.19083440      3.05236476      0.17591937
 24624.18722603    406.10477447      3.05301161      0.17602406
 24629.40436931    406.01875100      3.05365845      0.17608282
 24634.62151258    405.93276397      3.05430529      0.17609553
 24639.83865585    405.84681335      3.05495214      0.17606211
 24645.05579912    405.76089912      3.05559898      0.17598255
 24650.27294239    405.67502126      3.05624582      0.17585684
 24655.49008566    405.58917974      3.05689267      0.17568501
 24660.70722894    405.50337454      3.05753951      0.17546715
 24665.92437221    405.41760564      3.05818635      0.17520336
 24671.14151548    405.33187302      3.05883320      0.17489381
 24676.35865875    405.24617665      3.05948004      0.17453868
 24681.57580202    405.16051650      3.06012689      0.17413820
 24686.79294530    405.07489256      3.06077373      0.17369265
 24692.01008857    404.98930480      3.06142057      0.17320235
 24697.22723184    404.90375321      3.06206742      0.17266765
 24702.44437511    404.81823775      3.06271426      0.17208895
 24707.66151838    404.73275840      3.06336110      0.17146670
 24712.87866166    404.64731515      3.06400795      0.17080137
 24718.09580493    404.56190796      3.06465479      0.17009351
 24723.31294820    404.47653682      3.06530163      0.16934370
 24728.53009147    404.39120170      3.06594848      0.16855254
 24733.74723474    404.30590258      3.06659532      0.16772070
 24738.96437802    404.22063944      3.06724217      0.16684889
 24744.18152129    404.13541225      3.06788901      0.16593786
 24749.39866456    404.05022100      3.06853585      0.16498841
 24754.61580783    403.96506565      3.06918270      0.16400135
 24759.83295110    403.87994619      3.06982954      0.16297757
 24765.05009437    403.79486259      3.07047638      0.16191797
 24770.26723765    403.70981484      3.07112323      0.16082350
 24775.48438092    403.62480290      3.07177007      0.15969514
 24780.70152419    403.53982676      3.07241691      0.15853389
 24785.91866746    403.45488639      3.07306376      0.15734081
 24791.13581073    403.36998177      3.07371060      0.15611696
 24796.35295401    403.28511288      3.07435745      0.15486344
 24801.57009728    403.20027969      3.07500429      0.15358136
 24806.78724055    403.11548219      3.07565113      0.15227187
 24812.00438382    403.03072034      3.07629798      0.15093613
 24817.22152709    402.94599414      3.07694482      0.14957531
 24822.43867037    402.86130355      3.07759166      0.14819059
 24827.65581364    402.77664855      3.07823851      0.14678317
 24832.87295691    402.69202912      3.07888535      0.14535427
 24838.09010018    402.60744525      3.07953220      0.14390509
 24843.30724345    402.52289689      3.08017904      0.14243684
 24848.52438673    402.43838404      3.08082588      0.14095076
 24853.74153000    402.35390667      3.08147273      0.13944805
 24858.95867327    402.26946476      3.08211957      0.13792994
 24864.17581654    402.18505829      3.08276641      0.13639764
 24869.39295981    402.10068722      3.08341326      0.13485236
 24874.61010309    402.01635156      3.08406010      0.13329530
 24879.82724636    401.93205126      3.08470694      0.13172766
 24885.04438963    401.84778630      3.08535379      0.13015063
 24890.26153290    401.76355667      3.08600063      0.12856539
 24895.47867617    401.67936235      3.08664748      0.12697310
 24900.69581944    401.59520330      3.08729432      0.12537494
 24905.91296272    401.51107952      3.08794116      0.12377204
 24911.13010599    401.42699097      3.08858801      0.12216555
 24916.34724926    401.34293763      3.08923485      0.12055659
 24921.56439253    401.25891948      3.08988169      0.11894628
 24926.78153580    401.17493651      3.09052854      0.11733572
 24931.99867908    401.09098868      3.09117538      0.11572601
 24937.21582235    401.00707598      3.09182222      0.11411822
 24942.43296562    400.92319838      3.09246907      0.11251343
 24947.65010889    400.83935587      3.09311591      0.11091269
 24952.86725216    400.75554841      3.09376276      0.10931705
 24958.08439544    400.67177599      3.09440960      0.10772754
 24963.30153871    400.58803859      3.09505644      0.10614519
 24968.51868198    400.50433618      3.09570329      0.10457100
 24973.73582525    400.42066874      3.09635013      0.10300598
 24978.95296852    400.33703625      3.09699697      0.10145112
 24984.17011180    400.25343869      3.09764382      0.09990738
 24989.38725507    400.16987603      3.09829066      0.09837575
 24994.60439834    400.08634826      3.09893750      0.09685716
 24999.82154161    400.00285535      3.09958435      0.09535256
 25005.03868488    399.91939729      3.10023119      0.09386287
 25010.25582815    399.83597404      3.10087804      0.09238902
 25015.47297143    399.75258559      3.10152488      0.09093190
 25020.69011470    399.66923191      3.10217172      0.08949240
 25025.90725797    399.58591299      3.10281857      0.08807140
 25031.12440124    399.50262880      3.10346541      0.08666976
 25036.34154451    399.41937931      3.10411225      0.08528833
 25041.55868779    399.33616452      3.10475910      0.08392794
 25046.77583106    399.25298439      3.10540594      0.08258941
 25051.99297433    399.16983891      3.10605278      0.08127355
 25057.21011760    399.08672805      3.10669963      0.07998114
 25062.42726087    399.00365180      3.10734647      0.07871296
 25067.64440415    398.92061012      3.10799332      0.07746978
 25072.86154742    398.83760300      3.10864016      0.07625232
 25078.07869069    398.75463042      3.10928700      0.07506133
 25083.29583396    398.67169236      3.10993385      0.07389752
 25088.51297723    398.58878878      3.11058069      0.07276158
 25093.73012051    398.50591969      3.11122753      0.07165421
 25098.94726378    398.42308504      3.11187438      0.07057606
 25104.16440705    398.34028482      3.11252122      0.06952779
 25109.38155032    398.25751901      3.11316806      0.06851004
 25114.59869359    398.17478758      3.11381491      0.06752344
 25119.81583686    398.09209052      3.11446175      0.06656859
 25125.03298014    398.00942780      3.11510860      0.06564608
 25130.25012341    397.92679941      3.11575544      0.06475650
 25135.46726668    397.84420532      3.11640228      0.06390041
 25140.68440995    397.76164550      3.11704913      0.06307835
 25145.90155322    397.67911995      3.11769597      0.06229088
 25151.11869650    397.59662863      3.11834281      0.06153850
 25156.33583977    397.51417153      3.11898966      0.06082172
 25161.55298304    397.43174862      3.11963650      0.06014104
 25166.77012631    397.34935988      3.12028334      0.05949693
 25171.98726958    397.26700530      3.12093019      0.05888985
 25177.20441286    397.18468485      3.12157703      0.05832026
 25182.42155613    397.10239850      3.12222388      0.05778858
 25187.63869940    397.02014624      3.12287072      0.05729523
 25192.85584267    396.93792806      3.12351756      0.05684061
 25198.07298594    396.85574391      3.12416441      0.05642510
 25203.29012922    396.77359379      3.12481125      0.05604907
 25208.50727249    396.69147768      3.12545809      0.05571287
 25213.72441576    396.60939555      3.12610494      0.05541683
 25218.94155903    396.52734737      3.12675178      0.05516127
 25224.15870230    396.44533314      3.12739862      0.05494647
 25229.37584558    396.36335283      3.12804547      0.05477273
 25234.59298885    396.28140642      3.12869231      0.05464029
 25239.81013212    396.19949388      3.12933916      0.05454939
 25245.02727539    396.11761520      3.12998600      0.05450025
 25250.24441866    396.03577036      3.13063284      0.05449307
 25255.46156193    395.95395932      3.13127969      0.05452803
 25260.67870521    395.87218209      3.13192653      0.05460528
 25265.89584848    395.79043862      3.13257337      0.05472497
 25271.11299175    395.70872891      3.13322022      0.05488719
 25276.33013502    395.62705292      3.13386706      0.05509205
 25281.54727829    395.54541065      3.13451390      0.05533963
 25286.76442157    395.46380206      3.13516075      0.05562996
 25291.98156484    395.38222714      3.13580759      0.05596309
 25297.19870811    395.30068587      3.13645444      0.05633902
 25302.41585138    395.21917823      3.13710128      0.05675775
 25307.63299465    395.13770419      3.13774812      0.05721923
 25312.85013793    395.05626374      3.13839497      0.05772341
 25318.06728120    394.97485685      3.13904181      0.05827023
 25323.28442447    394.89348350      3.13968865      0.05885959
 25328.50156774    394.81214367      3.14033550      0.05949138
 25333.71871101    394.73083735      3.14098234      0.06016546
 25338.93585429    394.64956451      3.14162918      0.06088170
 25344.15299756    394.56832513      3.14227603      0.06163991
 25349.37014083    394.48711918      3.14292287      0.06243992
 25354.58728410    394.40594666      3.14356972      0.06328151
 25359.80442737    394.32480754      3.14421656      0.06416447
 25365.02157064    394.24370179      3.14486340      0.06508856
 25370.23871392    394.16262940      3.14551025      0.06605353
 25375.45585719    394.08159035      3.14615709      0.06705912
 25380.67300046    394.00058461      3.14680393      0.06810503
 25385.89014373    393.91961217      3.14745078      0.06919097
 25391.10728700    393.83867300      3.14809762      0.07031664
 25396.32443028    393.75776709      3.14874446      0.07148173
 25401.54157355    393.67689441      3.14939131      0.07268589
 25406.75871682    393.59605495      3.15003815      0.07392879
 25411.97586009    393.51524868      3.15068500      0.07521010
 25417.19300336    393.43447558      3.15133184      0.07652945
 25422.41014664    393.35373563      3.15197868      0.07788650
 25427.62728991    393.27302882      3.15262553      0.07928090
 25432.84443318    393.19235512      3.15327237      0.08071228
 25438.06157645    393.11171450      3.15391921      0.08218029
 25443.27871972    393.03110696      3.15456606      0.08368459
 25448.49586300    392.95053247      3.15521290      0.08522484
 25453.71300627    392.86999101      3.15585974      0.08680070
 25458.93014954    392.78948256      3.15650659      0.08841187
 25464.14729281    392.70900710      3.15715343      0.09005803
 25469.36443608    392.62856461      3.15780028      0.09173890
 25474.58157935    392.54815506      3.15844712      0.09345422
 25479.79872263    392.46777845      3.15909396      0.09520376
 25485.01586590    392.38743474      3.15974081      0.09698730
 25490.23300917    392.30712392      3.16038765      0.09880467
 25495.45015244    392.22684597      3.16103449      0.10065571
 25500.66729571    392.14660087      3.16168134      0.10254031
 25505.88443899    392.06638860      3.16232818      0.10445841
 25511.10158226    391.98620913      3.16297502      0.10640997
 25516.31872553    391.90606245      3.16362187      0.10839500
 25521.53586880    391.82594854      3.16426871      0.11041355
 25526.75301207    391.74586738      3.16491556      0.11246574
 25531.97015535    391.66581894      3.16556240      0.11455169
 25537.18729862    391.58580321      3.16620924      0.11667162
 25542.40444189    391.50582016      3.16685609      0.11882576
 25547.62158516    391.42586979      3.16750293      0.12101440
 25552.83872843    391.34595206      3.16814977      0.12323790
 25558.05587171    391.26606696      3.16879662      0.12549662
 25563.27301498    391.18621446      3.16944346      0.12779102
 25568.49015825    391.10639455      3.17009030      0.13012156
 25573.70730152    391.02660721      3.17073715      0.13248876
 25578.92444479    390.94685242      3.17138399      0.13489317
 25584.14158807    390.86713015      3.17203084      0.13733541
 25589.35873134    390.78744040      3.17267768      0.13981608
 25594.57587461    390.70778313      3.17332452      0.14233584
 25599.79301788    390.62815832      3.17397137      0.14489538
 25605.01016115    390.54856597      3.17461821      0.14749540
 25610.22730442    390.46900604      3.17526505      0.15013661
 25615.44444770    390.38947852      3.17591190      0.15281975
 25620.66159097    390.30998339      3.17655874      0.15554556
 25625.87873424    390.23052063      3.17720559      0.15831476
 25631.09587751    390.15109021      3.17785243      0.16112811
 25636.31302078    390.07169213      3.17849927      0.16398634
 25641.53016406    389.99232636      3.17914612      0.16689015
 25646.74730733    389.91299287      3.17979296      0.16984025
 25651.96445060    389.83369166      3.18043980      0.17283733
 25657.18159387    389.75442269      3.18108665      0.17588203
 25662.39873714    389.67518596      3.18173349      0.17897498
 25667.61588042    389.59598143      3.18238033      0.18211677
 25672.83302369    389.51680910      3.18302718      0.18530794
 25678.05016696    389.43766894      3.18367402      0.18854899
 25683.26731023    389.35856093      3.18432087      0.19184040
 25688.48445350    389.27948506      3.18496771      0.19518255
 25693.70159678    389.20044130      3.18561455      0.19857581
 25698.91874005    389.12142963      3.18626140      0.20202046
 25704.13588332    389.04245003      3.18690824      0.20551673
 25709.35302659    388.96350249      3.18755508      0.20906478
 25714.57016986    388.88458698      3.18820193      0.21266472
 25719.78731313    388.80570349      3.18884877      0.21631655
 25725.00445641    388.72685200      3.18949561      0.22002021
 25730.22159968    388.64803248      3.19014246      0.22377557
 25735.43874295    388.56924492      3.19078930      0.22758240
 25740.65588622    388.49048929      3.19143615      0.23144037
 25745.87302949    388.41176559      3.19208299      0.23534908
 25751.09017277    388.33307378      3.19272983      0.23930801
 25756.30731604    388.25441385      3.19337668      0.24331654
 25761.52445931    388.17578578      3.19402352      0.24737396
 25766.74160258    388.09718956      3.19467036      0.25147941
 25771.95874585    388.01862515      3.19531721      0.25563194
 25777.17588913    387.94009255      3.19596405      0.25983045
 25782.39303240    387.86159172      3.19661089      0.26407373
 25787.61017567    387.78312267      3.19725774      0.26836043
 25792.82731894    387.70468535      3.19790458      0.27268906
 25798.04446221    387.62627976      3.19855143      0.27705796
 25803.26160549    387.54790588      3.19919827      0.28146535
 25808.47874876    387.46956368      3.19984511      0.28590928
 25813.69589203    387.39125315      3.20049196      0.29038764
 25818.91303530    387.31297427      3.20113880      0.29489817
 25824.13017857    387.23472701      3.20178564      0.29943841
 25829.34732185    387.15651137      3.20243249      0.30400578
 25834.56446512    387.07832731      3.20307933      0.30859748
 25839.78160839    387.00017483      3.20372617      0.31321059
 25844.99875166    386.92205390      3.20437302      0.31784198
 25850.21589493    386.84396450      3.20501986      0.32248838
 25855.43303820    386.76590662      3.20566671      0.32714633
 25860.65018148    386.68788023      3.20631355      0.33181222
 25865.86732475    386.60988532      3.20696039      0.33648230
 25871.08446802    386.53192186      3.20760724      0.34115262
 25876.30161129    386.45398984      3.20825408      0.34581915
 25881.51875456    386.37608924      3.20890092      0.35047766
 25886.73589784    386.29822004      3.20954777      0.35512383
 25891.95304111    386.22038222      3.21019461      0.35975322
 25897.17018438    386.14257576      3.21084145      0.36436127
 25902.38732765    386.06480065      3.21148830      0.36894332
 25907.60447092    385.98705686      3.21213514      0.37349464
 25912.82161420    385.90934437      3.21278199      0.37801043
 25918.03875747    385.83166317      3.21342883      0.38248582
 25923.25590074    385.75401324      3.21407567      0.38691590
 25928.47304401    385.67639456      3.21472252      0.39129574
 25933.69018728    385.59880710      3.21536936      0.39562038
 25938.90733056    385.52125086      3.21601620      0.39988487
 25944.12447383    385.44372581      3.21666305      0.40408426
 25949.34161710    385.36623193      3.21730989      0.40821363
 25954.55876037    385.28876920      3.21795673      0.41226811
 25959.77590364    385.21133761      3.21860358      0.41624286
 25964.99304691    385.13393714      3.21925042      0.42013311
 25970.21019019    385.05656777      3.21989727      0.42393417
 25975.42733346    384.97922947      3.22054411      0.42764142
 25980.64447673    384.90192224      3.22119095      0.43125034
 25985.86162000    384.82464604      3.22183780      0.43475652
 25991.07876327    384.74740087      3.22248464      0.43815565
 25996.29590655    384.67018670      3.22313148      0.44144352
 26001.51304982    384.59300352      3.22377833      0.44461608
 26006.73019309    384.51585131      3.22442517      0.44766936
 26011.94733636    384.43873005      3.22507201      0.45059957
 26017.16447963    384.36163971      3.22571886      0.45340301
 26022.38162291    384.28458029      3.22636570      0.45607614
 26027.59876618    384.20755175      3.22701255      0.45861555
 26032.81590945    384.13055410      3.22765939      0.46101800
 26038.03305272    384.05358729      3.22830623      0.46328034
 26043.25019599    383.97665133      3.22895308      0.46539962
 26048.46733927    383.89974618      3.22959992      0.46737299
 26053.68448254    383.82287184      3.23024676      0.46919778
 26058.90162581    383.74602827      3.23089361      0.47087144
 26064.11876908    383.66921547      3.23154045      0.47239159
 26069.33591235    383.59243341      3.23218729      0.47375600
 26074.55305562    383.51568208      3.23283414      0.47496257
 26079.77019890    383.43896145      3.23348098      0.47600938
 26084.98734217    383.36227152      3.23412783      0.47689465
 26090.20448544    383.28561225      3.23477467      0.47761677
 26095.42162871    383.20898364      3.23542151      0.47817430
 26100.63877198    383.13238566      3.23606836      0.47856594
 26105.85591526    383.05581830      3.23671520      0.47879059
 26111.07305853    382.97928153      3.23736204      0.47884731
 26116.29020180    382.90277535      3.23800889      0.47873535
 26121.50734507    382.82629972      3.23865573      0.47845414
 26126.72448834    382.74985463      3.23930257      0.47800331
 26131.94163162    382.67344007      3.23994942      0.47738267
 26137.15877489    382.59705602      3.24059626      0.47659226
 26142.37591816    382.52070245      3.24124311      0.47563230
 26147.59306143    382.44437935      3.24188995      0.47450323
 26152.81020470    382.36808671      3.24253679      0.47320572
 26158.02734798    382.29182449      3.24318364      0.47174064
 26163.24449125    382.21559269      3.24383048      0.47010910
 26168.46163452    382.13939129      3.24447732      0.46831243
 26173.67877779    382.06322026      3.24512417      0.46635218
 26178.89592106    381.98707960      3.24577101      0.46423014
 26184.11306434    381.91096927      3.24641785      0.46194832
 26189.33020761    381.83488927      3.24706470      0.45950897
 26194.54735088    381.75883958      3.24771154      0.45691454
 26199.76449415    381.68282017      3.24835839      0.45416774
 26204.98163742    381.60683104      3.24900523      0.45127145
 26210.19878069    381.53087215      3.24965207      0.44822879
 26215.41592397    381.45494350      3.25029892      0.44504308
 26220.63306724    381.37904506      3.25094576      0.44171783
 26225.85021051    381.30317682      3.25159260      0.43825673
 26231.06735378    381.22733876      3.25223945      0.43466367
 26236.28449705    381.15153086      3.25288629      0.43094267
 26241.50164033    381.07575310      3.25353313      0.42709793
 26246.71878360    381.00000547      3.25417998      0.42313378
 26251.93592687    380.92428794      3.25482682      0.41905469
 26257.15307014    380.84860050      3.25547367      0.41486524
 26262.37021341    380.77294314      3.25612051      0.41057009
 26267.58735669    380.69731583      3.25676735      0.40617403
 26272.80449996    380.62171855      3.25741420      0.40168189
 26278.02164323    380.54615130      3.25806104      0.39709858
 26283.23878650    380.47061404      3.25870788      0.39242905
 26288.45592977    380.39510676      3.25935473      0.38767828
 26293.67307305    380.31962945      3.26000157      0.38285129
 26298.89021632    380.24418208      3.26064841      0.37795310
 26304.10735959    380.16876465      3.26129526      0.37298872
 26309.32450286    380.09337712      3.26194210      0.36796316
 26314.54164613    380.01801948      3.26258895      0.36288142
 26319.75878940    379.94269173      3.26323579      0.35774844
 26324.97593268    379.86739382      3.26388263      0.35256916
 26330.19307595    379.79212576      3.26452948      0.34734844
 26335.41021922    379.71688752      3.26517632      0.34209111
 26340.62736249    379.64167908      3.26582316      0.33680194
 26345.84450576    379.56650043      3.26647001      0.33148563
 26351.06164904    379.49135155      3.26711685      0.32614682
 26356.27879231    379.41623242      3.26776369      0.32079009
 26361.49593558    379.34114302      3.26841054      0.31541992
 26366.71307885    379.26608334      3.26905738      0.31004074
 26371.93022212    379.19105336      3.26970423      0.30465690
 26377.14736540    379.11605305      3.27035107      0.29927268
 26382.36450867    379.04108241      3.27099791      0.29389225
 26387.58165194    378.96614142      3.27164476      0.28851974
 26392.79879521    378.89123005      3.27229160      0.28315919
 26398.01593848    378.81634829      3.27293844      0.27781454
 26403.23308176    378.74149613      3.27358529      0.27248967
 26408.45022503    378.66667354      3.27423213      0.26718837
 26413.66736830    378.59188051      3.27487898      0.26191437
 26418.88451157    378.51711701      3.27552582      0.25667129
 26424.10165484    378.44238304      3.27617266      0.25146268
 26429.31879811    378.36767858      3.27681951      0.24629201
 26434.53594139    378.29300360      3.27746635      0.24116266
 26439.75308466    378.21835809      3.27811319      0.23607792
 26444.97022793    378.14374204      3.27876004      0.23104100
 26450.18737120    378.06915542      3.27940688      0.22605502
 26455.40451447    377.99459821      3.28005372      0.22112299
 26460.62165775    377.92007041      3.28070057      0.21624784
 26465.83880102    377.84557199      3.28134741      0.21143240
 26471.05594429    377.77110294      3.28199426      0.20667938
 26476.27308756    377.69666323      3.28264110      0.20199140
 26481.49023083    377.62225286      3.28328794      0.19737098
 26486.70737411    377.54787180      3.28393479      0.19282051
 26491.92451738    377.47352003      3.28458163      0.18834227
 26497.14166065    377.39919755      3.28522847      0.18393841
 26502.35880392    377.32490432      3.28587532      0.17961099
 26507.57594719    377.25064034      3.28652216      0.17536191
 26512.79309047    377.17640559      3.28716900      0.17119297
 26518.01023374    377.10220005      3.28781585      0.16710583
 26523.22737701    377.02802370      3.28846269      0.16310201
 26528.44452028    376.95387652      3.28910954      0.15918292
 26533.66166355    376.87975850      3.28975638      0.15534982
 26538.87880683    376.80566963      3.29040322      0.15160385
 26544.09595010    376.73160988      3.29105007      0.14794601
 26549.31309337    376.65757923      3.29169691      0.14437718
 26554.53023664    376.58357768      3.29234375      0.14089810
 26559.74737991    376.50960519      3.29299060      0.13750940
 26564.96452318    376.43566176      3.29363744      0.13421158
 26570.18166646    376.36174737      3.29428428      0.13100503
 26575.39880973    376.28786200      3.29493113      0.12789000
 26580.61595300    376.21400564      3.29557797      0.12486666
 26585.83309627    376.14017826      3.29622482      0.12193508
 26591.05023954    376.06637985      3.29687166      0.11909521
 26596.26738282    375.99261039      3.29751850      0.11634694
 26601.48452609    375.91886987      3.29816535      0.11369005
 26606.70166936    375.84515827      3.29881219      0.11112427
 26611.91881263    375.77147557      3.29945903      0.10864926
 26617.13595590    375.69782176      3.30010588      0.10626461
 26622.35309918    375.62419681      3.30075272      0.10396989
 26627.57024245    375.55060071      3.30139956      0.10176461
 26632.78738572    375.47703345      3.30204641      0.09964825
 26638.00452899    375.40349500      3.30269325      0.09762029
 26643.22167226    375.32998535      3.30334010      0.09568018
 26648.43881554    375.25650449      3.30398694      0.09382738
 26653.65595881    375.18305239      3.30463378      0.09206135
 26658.87310208    375.10962904      3.30528063      0.09038158
 26664.09024535    375.03623443      3.30592747      0.08878757
 26669.30738862    374.96286852      3.30657431      0.08727885
 26674.52453189    374.88953132      3.30722116      0.08585502
 26679.74167517    374.81622280      3.30786800      0.08451570
 26684.95881844    374.74294295      3.30851484      0.08326057
 26690.17596171    374.66969174      3.30916169      0.08208938
 26695.39310498    374.59646916      3.30980853      0.08100193
 26700.61024825    374.52327520      3.31045538      0.07999810
 26705.82739153    374.45010984      3.31110222      0.07907785
 26711.04453480    374.37697305      3.31174906      0.07824121
 26716.26167807    374.30386483      3.31239591      0.07748828
 26721.47882134    374.23078516      3.31304275      0.07681926
 26726.69596461    374.15773402      3.31368959      0.07623441
 26731.91310789    374.08471140      3.31433644      0.07573409
 26737.13025116    374.01171727      3.31498328      0.07531873
 26742.34739443    373.93875162      3.31563012      0.07498883
 26747.56453770    373.86581443      3.31627697      0.07474497
 26752.78168097    373.79290570      3.31692381      0.07458780
 26757.99882425    373.72002539      3.31757066      0.07451803
 26763.21596752    373.64717350      3.31821750      0.07453642
 26768.43311079    373.57435000      3.31886434      0.07464380
 26773.65025406    373.50155489      3.31951119      0.07484102
 26778.86739733    373.42878814      3.32015803      0.07512898
 26784.08454061    373.35604974      3.32080487      0.07550859
 26789.30168388    373.28333967      3.32145172      0.07598078
 26794.51882715    373.21065792      3.32209856      0.07654650
 26799.73597042    373.13800446      3.32274540      0.07720667
 26804.95311369    373.06537928      3.32339225      0.07796219
 26810.17025696    372.99278237      3.32403909      0.07881394
 26815.38740024    372.92021371      3.32468594      0.07976276
 26820.60454351    372.84767328      3.32533278      0.08080942
 26825.82168678    372.77516107      3.32597962      0.08195462
 26831.03883005    372.70267705      3.32662647      0.08319901
 26836.25597332    372.63022122      3.32727331      0.08454309
 26841.47311660    372.55779355      3.32792015      0.08598731
 26846.69025987    372.48539404      3.32856700      0.08753197
 26851.90740314    372.41302265      3.32921384      0.08917726
 26857.12454641    372.34067939      3.32986068      0.09092321
 26862.34168968    372.26836422      3.33050753      0.09276971
 26867.55883296    372.19607714      3.33115437      0.09471651
 26872.77597623    372.12381813      3.33180122      0.09676317
 26877.99311950    372.05158717      3.33244806      0.09890909
 26883.21026277    371.97938424      3.33309490      0.10115349
 26888.42740604    371.90720934      3.33374175      0.10349541
 26893.64454932    371.83506243      3.33438859      0.10593370
 26898.86169259    371.76294351      3.33503543      0.10846701
 26904.07883586    371.69085257      3.33568228      0.11109383
 26909.29597913    371.61878957      3.33632912      0.11381245
 26914.51312240    371.54675452      3.33697596      0.11662097
 26919.73026567    371.47474738      3.33762281      0.11951731
 26924.94740895    371.40276815      3.33826965      0.12249923
 26930.16455222    371.33081681      3.33891650      0.12556430
 26935.38169549    371.25889334      3.33956334      0.12870995
 26940.59883876    371.18699773      3.34021018      0.13193346
 26945.81598203    371.11512996      3.34085703      0.13523196
 26951.03312531    371.04329001      3.34150387      0.13860245
 26956.25026858    370.97147787      3.34215071      0.14204184
 26961.46741185    370.89969352      3.34279756      0.14554693
 26966.68455512    370.82793695      3.34344440      0.14911443
 26971.90169839    370.75620814      3.34409124      0.15274102
 26977.11884167    370.68450707      3.34473809      0.15642328
 26982.33598494    370.61283373      3.34538493      0.16015782
 26987.55312821    370.54118810      3.34603178      0.16394119
 26992.77027148    370.46957016      3.34667862      0.16776999
 26997.98741475    370.39797991      3.34732546      0.17164082
 27003.20455803    370.32641732      3.34797231      0.17555037
 27008.42170130    370.25488237      3.34861915      0.17949535
 27013.63884457    370.18337506      3.34926599      0.18347261
 27018.85598784    370.11189536      3.34991284      0.18747908
 27024.07313111    370.04044326      3.35055968      0.19151185
 27029.29027438    369.96901874      3.35120652      0.19556813
 27034.50741766    369.89762179      3.35185337      0.19964533
 27039.72456093    369.82625239      3.35250021      0.20374105
 27044.94170420    369.75491053      3.35314706      0.20785308
 27050.15884747    369.68359618      3.35379390      0.21197946
 27055.37599074    369.61230934      3.35444074      0.21611846
 27060.59313402    369.54104999      3.35508759      0.22026864
 27065.81027729    369.46981810      3.35573443      0.22442880
 27071.02742056    369.39861368      3.35638127      0.22859806
 27076.24456383    369.32743669      3.35702812      0.23277585
 27081.46170710    369.25628713      3.35767496      0.23696190
 27086.67885038    369.18516497      3.35832180      0.24115628
 27091.89599365    369.11407021      3.35896865      0.24535941
 27097.11313692    369.04300283      3.35961549      0.24957206
 27102.33028019    368.97196280      3.36026234      0.25379533
 27107.54742346    368.90095012      3.36090918      0.25803072
 27112.76456674    368.82996477      3.36155602      0.26228009
 27117.98171001    368.75900673      3.36220287      0.26654565
 27123.19885328    368.68807599      3.36284971      0.27082999
 27128.41599655    368.61717253      3.36349655      0.27513608
 27133.63313982    368.54629634      3.36414340      0.27946726
 27138.85028310    368.47544740      3.36479024      0.28382720
 27144.06742637    368.40462569      3.36543708      0.28821995
 27149.28456964    368.33383120      3.36608393      0.29264990
 27154.50171291    368.26306392      3.36673077      0.29712176
 27159.71885618    368.19232382      3.36737762      0.30164055
 27164.93599945    368.12161090      3.36802446      0.30621162
 27170.15314273    368.05092513      3.36867130      0.31084055
 27175.37028600    367.98026650      3.36931815      0.31553321
 27180.58742927    367.90963499      3.36996499      0.32029569
 27185.80457254    367.83903060      3.37061183      0.32513428
 27191.02171581    367.76845330      3.37125868      0.33005544
 27196.23885909    367.69790307      3.37190552      0.33506576
 27201.45600236    367.62737991      3.37255237      0.34017194
 27206.67314563    367.55688380      3.37319921      0.34538076
 27211.89028890    367.48641472      3.37384605      0.35069899
 27217.10743217    367.41597265      3.37449290      0.35613342
 27222.32457545    367.34555759      3.37513974      0.36169076
 27227.54171872    367.27516951      3.37578658      0.36737761
 27232.75886199    367.20480840      3.37643343      0.37320044
 27237.97600526    367.13447424      3.37708027      0.37916549
 27243.19314853    367.06416702      3.37772711      0.38527879
 27248.41029181    366.99388672      3.37837396      0.39154606
 27253.62743508    366.92363333      3.37902080      0.39797267
 27258.84457835    366.85340684      3.37966765      0.40456361
 27264.06172162    366.78320722      3.38031449      0.41132344
 27269.27886489    366.71303446      3.38096133      0.41825622
 27274.49600816    366.64288854      3.38160818      0.42536552
 27279.71315144    366.57276946      3.38225502      0.43265431
 27284.93029471    366.50267719      3.38290186      0.44012496
 27290.14743798    366.43261172      3.38354871      0.44777921
 27295.36458125    366.36257304      3.38419555      0.45561812
 27300.58172452    366.29256112      3.38484239      0.46364202
 27305.79886780    366.22257596      3.38548924      0.47185053
 27311.01601107    366.15261754      3.38613608      0.48024249
 27316.23315434    366.08268583      3.38678293      0.48881597
 27321.45029761    366.01278084      3.38742977      0.49756824
 27326.66744088    365.94290254      3.38807661      0.50649576
 27331.88458416    365.87305091      3.38872346      0.51559415
 27337.10172743    365.80322595      3.38937030      0.52485825
 27342.31887070    365.73342763      3.39001714      0.53428205
 27347.53601397    365.66365595      3.39066399      0.54385872
 27352.75315724    365.59391088      3.39131083      0.55358061
 27357.97030052    365.52419241      3.39195767      0.56343931
 27363.18744379    365.45450052      3.39260452      0.57342557
 27368.40458706    365.38483521      3.39325136      0.58352942
 27373.62173033    365.31519645      3.39389821      0.59374011
 27378.83887360    365.24558423      3.39454505      0.60404619
 27384.05601688    365.17599854      3.39519189      0.61443551
 27389.27316015    365.10643935      3.39583874      0.62489525
 27394.49030342    365.03690666      3.39648558      0.63541195
 27399.70744669    364.96740045      3.39713242      0.64597156
 27404.92458996    364.89792071      3.39777927      0.65655947
 27410.14173323    364.82846741      3.39842611      0.66716051
 27415.35887651    364.75904055      3.39907295      0.67775905
 27420.57601978    364.68964010      3.39971980      0.68833898
 27425.79316305    364.62026606      3.40036664      0.69888378
 27431.01030632    364.55091841      3.40101349      0.70937657
 27436.22744959    364.48159713      3.40166033      0.71980011
 27441.44459287    364.41230221      3.40230717      0.73013686
 27446.66173614    364.34303363      3.40295402      0.74036905
 27451.87887941    364.27379138      3.40360086      0.75047867
 27457.09602268    364.20457545      3.40424770      0.76044756
 27462.31316595    364.13538581      3.40489455      0.77025741
 27467.53030923    364.06622246      3.40554139      0.77988983
 27472.74745250    363.99708538      3.40618823      0.78932639
 27477.96459577    363.92797455      3.40683508      0.79854866
 27483.18173904    363.85888996      3.40748192      0.80753825
 27488.39888231    363.78983159      3.40812877      0.81627685
 27493.61602559    363.72079943      3.40877561      0.82474633
 27498.83316886    363.65179346      3.40942245      0.83292870
 27504.05031213    363.58281368      3.41006930      0.84080624
 27509.26745540    363.51386006      3.41071614      0.84836149
 27514.48459867    363.44493258      3.41136298      0.85557735
 27519.70174194    363.37603124      3.41200983      0.86243710
 27524.91888522    363.30715602      3.41265667      0.86892448
 27530.13602849    363.23830691      3.41330351      0.87502371
 27535.35317176    363.16948389      3.41395036      0.88071958
 27540.57031503    363.10068694      3.41459720      0.88599749
 27545.78745830    363.03191605      3.41524405      0.89084352
 27551.00460158    362.96317120      3.41589089      0.89524445
 27556.22174485    362.89445239      3.41653773      0.89918787
 27561.43888812    362.82575959      3.41718458      0.90266221
 27566.65603139    362.75709279      3.41783142      0.90565677
 27571.87317466    362.68845198      3.41847826      0.90816181
 27577.09031794    362.61983714      3.41912511      0.91016859
 27582.30746121    362.55124826      3.41977195      0.91166942
 27587.52460448    362.48268532      3.42041879      0.91265769
 27592.74174775    362.41414831      3.42106564      0.91312793
 27597.95889102    362.34563721      3.42171248      0.91307583
 27603.17603430    362.27715201      3.42235933      0.91249830
 27608.39317757    362.20869269      3.42300617      0.91139346
 27613.61032084    362.14025923      3.42365301      0.90976068
 27618.82746411    362.07185164      3.42429986      0.90760061
 27624.04460738    362.00346988      3.42494670      0.90491516
 27629.26175065    361.93511395      3.42559354      0.90170753
 27634.47889393    361.86678382      3.42624039      0.89798218
 27639.69603720    361.79847950      3.42688723      0.89374484
 27644.91318047    361.73020095      3.42753407      0.88900245
 27650.13032374    361.66194817      3.42818092      0.88376321
 27655.34746701    361.59372114      3.42882776      0.87803646
 27660.56461029    361.52551985      3.42947461      0.87183270
 27665.78175356    361.45734428      3.43012145      0.86516350
 27670.99889683    361.38919442      3.43076829      0.85804149
 27676.21604010    361.32107025      3.43141514      0.85048027
 27681.43318337    361.25297176      3.43206198      0.84249433
 27686.65032665    361.18489893      3.43270882      0.83409903
 27691.86746992    361.11685176      3.43335567      0.82531048
 27697.08461319    361.04883022      3.43400251      0.81614548
 27702.30175646    360.98083430      3.43464935      0.80662143
 27707.51889973    360.91286398      3.43529620      0.79675624
 27712.73604301    360.84491926      3.43594304      0.78656829
 27717.95318628    360.77700012      3.43658989      0.77607627
 27723.17032955    360.70910654      3.43723673      0.76529915
 27728.38747282    360.64123851      3.43788357      0.75425608
 27733.60461609    360.57339601      3.43853042      0.74296629
 27738.82175937    360.50557903      3.43917726      0.73144903
 27744.03890264    360.43778756      3.43982410      0.71972347
 27749.25604591    360.37002158      3.44047095      0.70780867
 27754.47318918    360.30228107      3.44111779      0.69572343
 27759.69033245    360.23456603      3.44176463      0.68348631
 27764.90747572    360.16687643      3.44241148      0.67111552
 27770.12461900    360.09921227      3.44305832      0.65862885
 27775.34176227    360.03157353      3.44370517      0.64604368
 27780.55890554    359.96396019      3.44435201      0.63337689
 27785.77604881    359.89637225      3.44499885      0.62064484
 27790.99319208    359.82880968      3.44564570      0.60786332
 27796.21033536    359.76127247      3.44629254      0.59504756
 27801.42747863    359.69376061      3.44693938      0.58221220
 27806.64462190    359.62627408      3.44758623      0.56937124
 27811.86176517    359.55881287      3.44823307      0.55653810
 27817.07890844    359.49137697      3.44887991      0.54372558
 27822.29605172    359.42396635      3.44952676      0.53094586
 27827.51319499    359.35658102      3.45017360      0.51821053
 27832.73033826    359.28922094      3.45082045      0.50553059
 27837.94748153    359.22188612      3.45146729      0.49291648
 27843.16462480    359.15457653      3.45211413      0.48037809
 27848.38176808    359.08729216      3.45276098      0.46792479
 27853.59891135    359.02003299      3.45340782      0.45556546
 27858.81605462    358.95279901      3.45405466      0.44330850
 27864.03319789    358.88559022      3.45470151      0.43116188
 27869.25034116    358.81840658      3.45534835      0.41913316
 27874.46748443    358.75124809      3.45599519      0.40722953
 27879.68462771    358.68411474      3.45664204      0.39545781
 27884.90177098    358.61700651      3.45728888      0.38382452
 27890.11891425    358.54992339      3.45793573      0.37233589
 27895.33605752    358.48286536      3.45858257      0.36099785
 27900.55320079    358.41583240      3.45922941      0.34981612
 27905.77034407    358.34882452      3.45987626      0.33879618
 27910.98748734    358.28184168      3.46052310      0.32794332
 27916.20463061    358.21488388      3.46116994      0.31726264
 27921.42177388    358.14795110      3.46181679      0.30675906
 27926.63891715    358.08104332      3.46246363      0.29643734
 27931.85606043    358.01416055      3.46311047      0.28630210
 27937.07320370    357.94730275      3.46375732      0.27635778
 27942.29034697    357.88046992      3.46440416      0.26660872
 27947.50749024    357.81366204      3.46505101      0.25705908
 27952.72463351    357.74687910      3.46569785      0.24771286
 27957.94177679    357.68012108      3.46634469      0.23857395
 27963.15892006    357.61338798      3.46699154      0.22964602
 27968.37606333    357.54667977      3.46763838      0.22093261
 27973.59320660    357.47999644      3.46828522      0.21243705
 27978.81034987    357.41333799      3.46893207      0.20416248
 27984.02749314    357.34670438      3.46957891      0.19611184
 27989.24463642    357.28009562      3.47022576      0.18828781
 27994.46177969    357.21351168      3.47087260      0.18069284
 27999.67892296    357.14695256      3.47151944      0.17332913
 28004.89606623    357.08041824      3.47216629      0.16619860
 28010.11320950    357.01390870      3.47281313      0.15930284
 28015.33035278    356.94742393      3.47345997      0.15264317
 28020.54749605    356.88096392      3.47410682      0.14622057
 28025.76463932    356.81452866      3.47475366      0.14003566
 28030.98178259    356.74811812      3.47540050      0.13408873
 28036.19892586    356.68173230      3.47604735      0.12837969
 28041.41606914    356.61537118      3.47669419      0.12290807
 28046.63321241    356.54903475      3.47734104      0.11767301
 28051.85035568    356.48272300      3.47798788      0.11267326
 28057.06749895    356.41643591      3.47863472      0.10790718
 28062.28464222    356.35017346      3.47928157      0.10337271
 28067.50178550    356.28393565      3.47992841      0.09906739
 28072.71892877    356.21772246      3.48057525      0.09498837
 28077.93607204    356.15153387      3.48122210      0.09113237
 28083.15321531    356.08536988      3.48186894      0.08749576
 28088.37035858    356.01923046      3.48251578      0.08407449
 28093.58750186    355.95311561      3.48316263      0.08086415
 28098.80464513    355.88702531      3.48380947      0.07785995
 28104.02178840    355.82095955      3.48445632      0.07505678
 28109.23893167    355.75491831      3.48510316      0.07244919
 28114.45607494    355.68890159      3.48575000      0.07003139
 28119.67321821    355.62290936      3.48639685      0.06779735
 28124.89036149    355.55694161      3.48704369      0.06574072
 28130.10750476    355.49099833      3.48769053      0.06385495
 28135.32464803    355.42507951      3.48833738      0.06213324
 28140.54179130    355.35918513      3.48898422      0.06056862
 28145.75893457    355.29331518      3.48963106      0.05915395
 28150.97607785    355.22746964      3.49027791      0.05788196
 28156.19322112    355.16164850      3.49092475      0.05674530
 28161.41036439    355.09585176      3.49157160      0.05573653
 28166.62750766    355.03007938      3.49221844      0.05484820
 28171.84465093    354.96433137      3.49286528      0.05407283
 28177.06179421    354.89860771      3.49351213      0.05340300
 28182.27893748    354.83290837      3.49415897      0.05283137
 28187.49608075    354.76723336      3.49480581      0.05235069
 28192.71322402    354.70158266      3.49545266      0.05195384
 28197.93036729    354.63595625      3.49609950      0.05163390
 28203.14751057    354.57035412      3.49674634      0.05138415
 28208.36465384    354.50477625      3.49739319      0.05119812
 28213.58179711    354.43922264      3.49804003      0.05106960
 28218.79894038    354.37369326      3.49868688      0.05099270
 28224.01608365    354.30818812      3.49933372      0.05096187
 28229.23322692    354.24270718      3.49998056      0.05097194
 28234.45037020    354.17725045      3.50062741      0.05101813
 28239.66751347    354.11181790      3.50127425      0.05109609
 28244.88465674    354.04640952      3.50192109      0.05120191
 28250.10180001    353.98102530      3.50256794      0.05133217
 28255.31894328    353.91566523      3.50321478      0.05148393
 28260.53608656    353.85032929      3.50386162      0.05165479
 28265.75322983    353.78501746      3.50450847      0.05184286
 28270.97037310    353.71972974      3.50515531      0.05204680
 28276.18751637    353.65446612      3.50580216      0.05226582
 28281.40465964    353.58922657      3.50644900      0.05249973
 28286.62180292    353.52401109      3.50709584      0.05274886
 28291.83894619    353.45881966      3.50774269      0.05301416
 28297.05608946    353.39365227      3.50838953      0.05329711
 28302.27323273    353.32850891      3.50903637      0.05359980
 28307.49037600    353.26338955      3.50968322      0.05392486
 28312.70751928    353.19829420      3.51033006      0.05427547
 28317.92466255    353.13322283      3.51097690      0.05465535
 28323.14180582    353.06817544      3.51162375      0.05506874
 28328.35894909    353.00315200      3.51227059      0.05552038
 28333.57609236    352.93815251      3.51291744      0.05601548
 28338.79323564    352.87317695      3.51356428      0.05655969
 28344.01037891    352.80822531      3.51421112      0.05715908
 28349.22752218    352.74329758      3.51485797      0.05782009
 28354.44466545    352.67839374      3.51550481      0.05854951
 28359.66180872    352.61351378      3.51615165      0.05935441
 28364.87895199    352.54865769      3.51679850      0.06024212
 28370.09609527    352.48382545      3.51744534      0.06122017
 28375.31323854    352.41901705      3.51809218      0.06229623
 28380.53038181    352.35423248      3.51873903      0.06347809
 28385.74752508    352.28947172      3.51938587      0.06477356
 28390.96466835    352.22473476      3.52003272      0.06619043
 28396.18181163    352.16002160      3.52067956      0.06773642
 28401.39895490    352.09533220      3.52132640      0.06941910
 28406.61609817    352.03066657      3.52197325      0.07124583
 28411.83324144    351.96602468      3.52262009      0.07322371
 28417.05038471    351.90140654      3.52326693      0.07535949
 28422.26752799    351.83681211      3.52391378      0.07765952
 28427.48467126    351.77224139      3.52456062      0.08012967
 28432.70181453    351.70769437      3.52520746      0.08277531
 28437.91895780    351.64317104      3.52585431      0.08560116
 28443.13610107    351.57867137      3.52650115      0.08861131
 28448.35324435    351.51419536      3.52714800      0.09180913
 28453.57038762    351.44974299      3.52779484      0.09519718
 28458.78753089    351.38531426      3.52844168      0.09877722
 28464.00467416    351.32090914      3.52908853      0.10255011
 28469.22181743    351.25652763      3.52973537      0.10651576
 28474.43896070    351.19216971      3.53038221      0.11067312
 28479.65610398    351.12783537      3.53102906      0.11502014
 28484.87324725    351.06352460      3.53167590      0.11955369
 28490.09039052    350.99923738      3.53232274      0.12426961
 28495.30753379    350.93497370      3.53296959      0.12916262
 28500.52467706    350.87073355      3.53361643      0.13422637
 28505.74182034    350.80651691      3.53426328      0.13945338
 28510.95896361    350.74232378      3.53491012      0.14483510
 28516.17610688    350.67815413      3.53555696      0.15036187
 28521.39325015    350.61400796      3.53620381      0.15602299
 28526.61039342    350.54988525      3.53685065      0.16180671
 28531.82753670    350.48578599      3.53749749      0.16770030
 28537.04467997    350.42171017      3.53814434      0.17369007
 28542.26182324    350.35765778      3.53879118      0.17976145
 28547.47896651    350.29362879      3.53943802      0.18589906
 28552.69610978    350.22962320      3.54008487      0.19208675
 28557.91325306    350.16564100      3.54073171      0.19830772
 28563.13039633    350.10168218      3.54137856      0.20454461
 28568.34753960    350.03774671      3.54202540      0.21077958
 28573.56468287    349.97383459      3.54267224      0.21699443
 28578.78182614    349.90994581      3.54331909      0.22317071
 28583.99896941    349.84608034      3.54396593      0.22928987
 28589.21611269    349.78223819      3.54461277      0.23533333
 28594.43325596    349.71841933      3.54525962      0.24128268
 28599.65039923    349.65462376      3.54590646      0.24711975
 28604.86754250    349.59085146      3.54655330      0.25282682
 28610.08468577    349.52710241      3.54720015      0.25838670
 28615.30182905    349.46337661      3.54784699      0.26378290
 28620.51897232    349.39967405      3.54849384      0.26899979
 28625.73611559    349.33599470      3.54914068      0.27402273
 28630.95325886    349.27233856      3.54978752      0.27883819
 28636.17040213    349.20870562      3.55043437      0.28343393
 28641.38754541    349.14509586      3.55108121      0.28779909
 28646.60468868    349.08150926      3.55172805      0.29192436
 28651.82183195    349.01794583      3.55237490      0.29580208
 28657.03897522    348.95440554      3.55302174      0.29942635
 28662.25611849    348.89088837      3.55366858      0.30279316
 28667.47326177    348.82739433      3.55431543      0.30590046
 28672.69040504    348.76392340      3.55496227      0.30874828
 28677.90754831    348.70047555      3.55560912      0.31133875
 28683.12469158    348.63705079      3.55625596      0.31367621
 28688.34183485    348.57364910      3.55690280      0.31576727
 28693.55897813    348.51027046      3.55754965      0.31762076
 28698.77612140    348.44691487      3.55819649      0.31924786
 28703.99326467    348.38358230      3.55884333      0.32066201
 28709.21040794    348.32027276      3.55949018      0.32187897
 28714.42755121    348.25698622      3.56013702      0.32291675
 28719.64469448    348.19372267      3.56078386      0.32379556
 28724.86183776    348.13048211      3.56143071      0.32453779
 28730.07898103    348.06726451      3.56207755      0.32516789
 28735.29612430    348.00406986      3.56272440      0.32571229
 28740.51326757    347.94089816      3.56337124      0.32619932
 28745.73041084    347.87774939      3.56401808      0.32665901
 28750.94755412    347.81462354      3.56466493      0.32712304
 28756.16469739    347.75152060      3.56531177      0.32762450
 28761.38184066    347.68844054      3.56595861      0.32819777
 28766.59898393    347.62538337      3.56660546      0.32887829
 28771.81612720    347.56234906      3.56725230      0.32970242
 28777.03327048    347.49933761      3.56789915      0.33070718
 28782.25041375    347.43634901      3.56854599      0.33193002
 28787.46755702    347.37338323      3.56919283      0.33340864
 28792.68470029    347.31044028      3.56983968      0.33518070
 28797.90184356    347.24752013      3.57048652      0.33728359
 28803.11898684    347.18462277      3.57113336      0.33975416
 28808.33613011    347.12174819      3.57178021      0.34262850
 28813.55327338    347.05889639      3.57242705      0.34594163
 28818.77041665    346.99606733      3.57307389      0.34972725
 28823.98755992    346.93326103      3.57372074      0.35401750
 28829.20470319    346.87047745      3.57436758      0.35884267
 28834.42184647    346.80771660      3.57501443      0.36423094
 28839.63898974    346.74497845      3.57566127      0.37020817
 28844.85613301    346.68226300      3.57630811      0.37679758
 28850.07327628    346.61957023      3.57695496      0.38401959
 28855.29041955    346.55690012      3.57760180      0.39189153
 28860.50756283    346.49425268      3.57824864      0.40042748
 28865.72470610    346.43162788      3.57889549      0.40963802
 28870.94184937    346.36902572      3.57954233      0.41953011
 28876.15899264    346.30644618      3.58018917      0.43010686
 28881.37613591    346.24388924      3.58083602      0.44136741
 28886.59327919    346.18135491      3.58148286      0.45330682
 28891.81042246    346.11884315      3.58212971      0.46591597
 28897.02756573    346.05635397      3.58277655      0.47918144
 28902.24470900    345.99388735      3.58342339      0.49308552
 28907.46185227    345.93144328      3.58407024      0.50760611
 28912.67899555    345.86902174      3.58471708      0.52271681
 28917.89613882    345.80662272      3.58536392      0.53838685
 28923.11328209    345.74424622      3.58601077      0.55458124
 28928.33042536    345.68189221      3.58665761      0.57126080
 28933.54756863    345.61956069      3.58730445      0.58838228
 28938.76471190    345.55725165      3.58795130      0.60589854
 28943.98185518    345.49496507      3.58859814      0.62375869
 28949.19899845    345.43270094      3.58924499      0.64190829
 28954.41614172    345.37045924      3.58989183      0.66028963
 28959.63328499    345.30823998      3.59053867      0.67884192
 28964.85042826    345.24604312      3.59118552      0.69750163
 28970.06757154    345.18386867      3.59183236      0.71620277
 28975.28471481    345.12171661      3.59247920      0.73487722
 28980.50185808    345.05958692      3.59312605      0.75345509
 28985.71900135    344.99747960      3.59377289      0.77186509
 28990.93614462    344.93539464      3.59441973      0.79003490
 28996.15328790    344.87333201      3.59506658      0.80789161
 29001.37043117    344.81129172      3.59571342      0.82536206
 29006.58757444    344.74927374      3.59636027      0.84237334
 29011.80471771    344.68727807      3.59700711      0.85885315
 29017.02186098    344.62530469      3.59765395      0.87473026
 29022.23900426    344.56335359      3.59830080      0.88993491
 29027.45614753    344.50142476      3.59894764      0.90439924
 29032.67329080    344.43951819      3.59959448      0.91805772
 29037.89043407    344.37763386      3.60024133      0.93084752
 29043.10757734    344.31577177      3.60088817      0.94270890
 29048.32472062    344.25393189      3.60153501      0.95358560
 29053.54186389    344.19211423      3.60218186      0.96342517
 29058.75900716    344.13031876      3.60282870      0.97217929
 29063.97615043    344.06854548      3.60347555      0.97980408
 29069.19329370    344.00679437      3.60412239      0.98626037
 29074.41043697    343.94506543      3.60476923      0.99151393
 29079.62758025    343.88335863      3.60541608      0.99553569
 29084.84472352    343.82167397      3.60606292      0.99830189
 29090.06186679    343.76001144      3.60670976      0.99979424
 29095.27901006    343.69837102      3.60735661      1.00000000
 29100.49615333    343.63675270      3.60800345      0.99891205
 29105.71329661    343.57515647      3.60865029      0.99652893
 29110.93043988    343.51358232      3.60929714      0.99285478
 29116.14758315    343.45203023      3.60994398      0.98789932
 29121.36472642    343.39050020      3.61059083      0.98167779
 29126.58186969    343.32899222      3.61123767      0.97421073
 29131.79901297    343.26750626      3.61188451      0.96552392
 29137.01615624    343.20604232      3.61253136      0.95564813
 29142.23329951    343.14460039      3.61317820      0.94461890
 29147.45044278    343.08318045      3.61382504      0.93247628
 29152.66758605    343.02178250      3.61447189      0.91926458
 29157.88472933    342.96040652      3.61511873      0.90503200
 29163.10187260    342.89905250      3.61576557      0.88983039
 29168.31901587    342.83772042      3.61641242      0.87371480
 29173.53615914    342.77641029      3.61705926      0.85674321
 29178.75330241    342.71512207      3.61770611      0.83897608
 29183.97044568    342.65385577      3.61835295      0.82047602
 29189.18758896    342.59261137      3.61899979      0.80130736
 29194.40473223    342.53138886      3.61964664      0.78153580
 29199.62187550    342.47018823      3.62029348      0.76122797
 29204.83901877    342.40900946      3.62094032      0.74045107
 29210.05616204    342.34785255      3.62158717      0.71927249
 29215.27330532    342.28671748      3.62223401      0.69775942
 29220.49044859    342.22560424      3.62288085      0.67597850
 29225.70759186    342.16451282      3.62352770      0.65399549
 29230.92473513    342.10344321      3.62417454      0.63187490
 29236.14187840    342.04239539      3.62482139      0.60967973
 29241.35902168    341.98136935      3.62546823      0.58747113
 29246.57616495    341.92036509      3.62611507      0.56530821
 29251.79330822    341.85938259      3.62676192      0.54324770
 29257.01045149    341.79842184      3.62740876      0.52134380
 29262.22759476    341.73748282      3.62805560      0.49964800
 29267.44473804    341.67656553      3.62870245      0.47820883
 29272.66188131    341.61566996      3.62934929      0.45707183
 29277.87902458    341.55479608      3.62999613      0.43627936
 29283.09616785    341.49394390      3.63064298      0.41587052
 29288.31331112    341.43311340      3.63128982      0.39588114
 29293.53045440    341.37230456      3.63193667      0.37634369
 29298.74759767    341.31151738      3.63258351      0.35728727
 29303.96474094    341.25075185      3.63323035      0.33873767
 29309.18188421    341.19000795      3.63387720      0.32071734
 29314.39902748    341.12928567      3.63452404      0.30324550
 29319.61617075    341.06858500      3.63517088      0.28633814
 29324.83331403    341.00790592      3.63581773      0.27000818
 29330.05045730    340.94724844      3.63646457      0.25426555
 29335.26760057    340.88661253      3.63711141      0.23911728
 29340.48474384    340.82599818      3.63775826      0.22456766
 29345.70188711    340.76540539      3.63840510      0.21061837
 29350.91903039    340.70483414      3.63905195      0.19726865
 29356.13617366    340.64428441      3.63969879      0.18451542
 29361.35331693    340.58375621      3.64034563      0.17235345
 29366.57046020    340.52324951      3.64099248      0.16077557
 29371.78760347    340.46276430      3.64163932      0.14977276
 29377.00474675    340.40230058      3.64228616      0.13933439
 29382.22189002    340.34185833      3.64293301      0.12944834
 29387.43903329    340.28143754      3.64357985      0.12010121
 29392.65617656    340.22103821      3.64422669      0.11127841
 29397.87331983    340.16066030      3.64487354      0.10296441
 29403.09046311    340.10030383      3.64552038      0.09514283
 29408.30760638    340.03996877      3.64616723      0.08779658
 29413.52474965    339.97965511      3.64681407      0.08090806
 29418.74189292    339.91936285      3.64746091      0.07445925
 29423.95903619    339.85909196      3.64810776      0.06843183
 29429.17617946    339.79884245      3.64875460      0.06280733
 29434.39332274    339.73861429      3.64940144      0.05756720
 29439.61046601    339.67840748      3.65004829      0.05269295
 29444.82760928    339.61822201      3.65069513      0.04816622
 29450.04475255    339.55805786      3.65134197      0.04396887
 29455.26189582    339.49791502      3.65198882      0.04008303
 29460.47903910    339.43779348      3.65263566      0.03649123
 29465.69618237    339.37769324      3.65328251      0.03317639
 29470.91332564    339.31761427      3.65392935      0.03012189
 29476.13046891    339.25755657      3.65457619      0.02731166
 29481.34761218    339.19752013      3.65522304      0.02473014
 29486.56475546    339.13750493      3.65586988      0.02236236
 29491.78189873    339.07751096      3.65651672      0.02019395
 29496.99904200    339.01753822      3.65716357      0.01821116
 29502.21618527    338.95758668      3.65781041      0.01640085
 29507.43332854    338.89765635      3.65845726      0.01475054
 29512.65047182    338.83774721      3.65910410      0.01324836
 29517.86761509    338.77785924      3.65975094      0.01188307
 29523.08475836    338.71799244      3.66039779      0.01064408
 29528.30190163    338.65814679      3.66104463      0.00952138
 29533.51904490    338.59832229      3.66169147      0.00850559
 29538.73618817    338.53851892      3.66233832      0.00758790
 29543.95333145    338.47873667      3.66298516      0.00676008
 29549.17047472    338.41897554      3.66363200      0.00601442
 29554.38761799    338.35923550      3.66427885      0.00534379
 29559.60476126    338.29951655      3.66492569      0.00474151
 29564.82190453    338.23981867      3.66557254      0.00420143
 29570.03904781    338.18014186      3.66621938      0.00371783
 29575.25619108    338.12048610      3.66686622      0.00328545
 29580.47333435    338.06085139      3.66751307      0.00289943
 29585.69047762    338.00123771      3.66815991      0.00255531
 29590.90762089    337.94164505      3.66880675      0.00224899
 29596.12476417    337.88207340      3.66945360      0.00197671
 29601.34190744    337.82252275      3.67010044      0.00173505
 29606.55905071    337.76299309      3.67074728      0.00152087
 29611.77619398    337.70348440      3.67139413      0.00133133
 29616.99333725    337.64399668      3.67204097      0.00116384
 29622.21048053    337.58452991      3.67268782      0.00101604
 29627.42762380    337.52508409      3.67333466      0.00088581
 29632.64476707    337.46565919      3.67398150      0.00077124
 29637.86191034    337.40625522      3.67462835      0.00067057
 29643.07905361    337.34687216      3.67527519      0.00058225
 29648.29619689    337.28751000      3.67592203      0.00050489
 29653.51334016    337.22816873      3.67656888      0.00043721
 29658.73048343    337.16884833      3.67721572      0.00037809
 29663.94762670    337.10954880      3.67786256      0.00032653
 29669.16476997    337.05027012      3.67850941      0.00028161
 29674.38191324    336.99101229      3.67915625      0.00024255
 29679.59905652    336.93177529      3.67980310      0.00020862
 29684.81619979    336.87255911      3.68044994      0.00017919
 29690.03334306    336.81336375      3.68109678      0.00015371
 29695.25048633    336.75418918      3.68174363      0.00013167
 29700.46762960    336.69503540      3.68239047      0.00011264
 29705.68477288    336.63590240      3.68303731      0.00009623
 29710.90191615    336.57679017      3.68368416      0.00008210
 29716.11905942    336.51769869      3.68433100      0.00006995
 29721.33620269    336.45862796      3.68497784      0.00005952
 29726.55334596    336.39957797      3.68562469      0.00005058
 29731.77048924    336.34054869      3.68627153      0.00004292
 29736.98763251    336.28154013      3.68691838      0.00003637
 29742.20477578    336.22255228      3.68756522      0.00003078
 29747.42191905    336.16358511      3.68821206      0.00002601
 29752.63906232    336.10463862      3.68885891      0.00002195
 29757.85620560    336.04571280      3.68950575      0.00001850
 29763.07334887    335.98680764      3.69015259      0.00001557
 29768.29049214    335.92792312      3.69079944      0.00001309
 29773.50763541    335.86905925      3.69144628      0.00001099
 29778.72477868    335.81021600      3.69209312      0.00000921
 29783.94192195    335.75139336      3.69273997      0.00000771
 29789.15906523    335.69259133      3.69338681      0.00000645
 29794.37620850    335.63380988      3.69403366      0.00000538
 29799.59335177    335.57504903      3.69468050      0.00000449
 29804.81049504    335.51630874      3.69532734      0.00000374
 29810.02763831    335.45758901      3.69597419      0.00000311
 29815.24478159    335.39888984      3.69662103      0.00000258
 29820.46192486    335.34021120      3.69726787      0.00000214
 29825.67906813    335.28155309      3.69791472      0.00000177
 29830.89621140    335.22291550      3.69856156      0.00000147
 29836.11335467    335.16429842      3.69920840      0.00000121
 29841.33049795    335.10570183      3.69985525      0.00000100
 29846.54764122    335.04712572      3.70050209      0.00000082
 29851.76478449    334.98857010      3.70114894      0.00000068
 29856.98192776    334.93003493      3.70179578      0.00000056
 29862.19907103    334.87152022      3.70244262      0.00000046
 29867.41621431    334.81302595      3.70308947      0.00000037
 29872.63335758    334.75455211      3.70373631      0.00000031
 29877.85050085    334.69609869      3.70438315      0.00000025
 29883.06764412    334.63766569      3.70503000      0.00000020
 29888.28478739    334.57925308      3.70567684      0.00000017
 29893.50193067    334.52086086      3.70632368      0.00000014
 29898.71907394    334.46248902      3.70697053      0.00000011
 29903.93621721    334.40413755      3.70761737      0.00000009
 29909.15336048    334.34580643      3.70826422      0.00000007
 29914.37050375    334.28749566      3.70891106      0.00000006
 29919.58764702    334.22920523      3.70955790      0.00000005
 29924.80479030    334.17093512      3.71020475      0.00000004
 29930.02193357    334.11268532      3.71085159      0.00000003
 29935.23907684    334.05445583      3.71149843      0.00000002
 29940.45622011    333.99624663      3.71214528      0.00000002
 29945.67336338    333.93805772      3.71279212      0.00000002
 29950.89050666    333.87988907      3.71343896      0.00000001
 29956.10764993    333.82174069      3.71408581      0.00000001
 29961.32479320    333.76361256      3.71473265      0.00000001
 29966.54193647    333.70550467      3.71537950      0.00000001
 29971.75907974    333.64741700      3.71602634      0.00000001
 29976.97622302    333.58934956      3.71667318      0.00000000
 29982.19336629    333.53130232      3.71732003      0.00000000
 29987.41050956    333.47327529      3.71796687      0.00000000
 29992.62765283    333.41526844      3.71861371      0.00000000
 29997.84479610    333.35728176      3.71926056      0.00000000
 30003.06193938    333.29931526      3.71990740      0.00000000
 30008.27908265    333.24136891      3.72055424      0.00000000
 30013.49622592    333.18344270      3.72120109      0.00000000
 30018.71336919    333.12553663      3.72184793      0.00000000
 30023.93051246    333.06765068      3.72249478      0.00000000
 30029.14765573    333.00978485      3.72314162      0.00000000
 30034.36479901    332.95193912      3.72378846      0.00000000
 30039.58194228    332.89411348      3.72443531      0.00000000
 30044.79908555    332.83630793      3.72508215      0.00000000
 30050.01622882    332.77852244      3.72572899      0.00000000
 30055.23337209    332.72075702      3.72637584      0.00000000
 30060.45051537    332.66301165      3.72702268      0.00000000
 30065.66765864    332.60528632      3.72766952      0.00000000
 30070.88480191    332.54758102      3.72831637      0.00000000
 30076.10194518    332.48989574      3.72896321      0.00000000
 30081.31908845    332.43223047      3.72961006      0.00000000
 30086.53623173    332.37458520      3.73025690      0.00000000
 30091.75337500    332.31695991      3.73090374      0.00000000
 30096.97051827    332.25935461      3.73155059      0.00000000
 30102.18766154    332.20176927      3.73219743      0.00000000
 30107.40480481    332.14420389      3.73284427      0.00000000
 30112.62194809    332.08665845      3.73349112      0.00000000
 30117.83909136    332.02913296      3.73413796      0.00000000
 30123.05623463    331.97162738      3.73478480      0.00000000
 30128.27337790    331.91414173      3.73543165      0.00000000
 30133.49052117    331.85667598      3.73607849      0.00000000
 30138.70766444    331.79923012      3.73672534      0.00000000
 30143.92480772    331.74180415      3.73737218      0.00000000
 30149.14195099    331.68439806      3.73801902      0.00000000
 30154.35909426    331.62701183      3.73866587      0.00000000
 30159.57623753    331.56964545      3.73931271      0.00000000
 30164.79338080    331.51229892      3.73995955      0.00000000
 30170.01052408    331.45497222      3.74060640      0.00000000
 30175.22766735    331.39766534      3.74125324      0.00000000
 30180.44481062    331.34037827      3.74190008      0.00000000
 30185.66195389    331.28311101      3.74254693      0.00000000
 30190.87909716    331.22586354      3.74319377      0.00000000
 30196.09624044    331.16863585      3.74384062      0.00000000
 30201.31338371    331.11142794      3.74448746      0.00000000
 30206.53052698    331.05423978      3.74513430      0.00000000
 30211.74767025    330.99707138      3.74578115      0.00000000
 30216.96481352    330.93992271      3.74642799      0.00000000
 30222.18195680    330.88279378      3.74707483      0.00000000
 30227.39910007    330.82568457      3.74772168      0.00000000
 30232.61624334    330.76859507      3.74836852      0.00000000
 30237.83338661    330.71152527      3.74901536      0.00000000
 30243.05052988    330.65447515      3.74966221      0.00000000
 30248.26767316    330.59744472      3.75030905      0.00000000
 30253.48481643    330.54043396      3.75095590      0.00000000
 30258.70195970    330.48344286      3.75160274      0.00000000
 30263.91910297    330.42647140      3.75224958      0.00000000
 30269.13624624    330.36951959      3.75289643      0.00000000
 30274.35338951    330.31258740      3.75354327      0.00000000
 30279.57053279    330.25567483      3.75419011      0.00000000
 30284.78767606    330.19878188      3.75483696      0.00000000
 30290.00481933    330.14190852      3.75548380      0.00000000
 30295.22196260    330.08505474      3.75613065      0.00000000
 30300.43910587    330.02822055      3.75677749      0.00000000
 30305.65624915    329.97140592      3.75742433      0.00000000
 30310.87339242    329.91461086      3.75807118      0.00000000
 30316.09053569    329.85783534      3.75871802      0.00000000
 30321.30767896    329.80107936      3.75936486      0.00000000
 30326.52482223    329.74434290      3.76001171      0.00000000
 30331.74196551    329.68762597      3.76065855      0.00000000
 30336.95910878    329.63092854      3.76130539      0.00000000
 30342.17625205    329.57425061      3.76195224      0.00000000
 30347.39339532    329.51759216      3.76259908      0.00000000
 30352.61053859    329.46095319      3.76324593      0.00000000
 30357.82768187    329.40433370      3.76389277      0.00000000
 30363.04482514    329.34773365      3.76453961      0.00000000
 30368.26196841    329.29115306      3.76518646      0.00000000
 30373.47911168    329.23459190      3.76583330      0.00000000
 30378.69625495    329.17805017      3.76648014      0.00000000
 30383.91339822    329.12152786      3.76712699      0.00000000
 30389.13054150    329.06502496      3.76777383      0.00000000
 30394.34768477    329.00854145      3.76842067      0.00000000
 30399.56482804    328.95207733      3.76906752      0.00000000
 30404.78197131    328.89563258      3.76971436      0.00000000
 30409.99911458    328.83920721      3.77036121      0.00000000
 30415.21625786    328.78280119      3.77100805      0.00000000
 30420.43340113    328.72641452      3.77165489      0.00000000
 30425.65054440    328.67004718      3.77230174      0.00000000
 30430.86768767    328.61369918      3.77294858      0.00000000
 30436.08483094    328.55737049      3.77359542      0.00000000
 30441.30197422    328.50106111      3.77424227      0.00000000
 30446.51911749    328.44477102      3.77488911      0.00000000
 30451.73626076    328.38850023      3.77553595      0.00000000
 30456.95340403    328.33224871      3.77618280      0.00000000
 30462.17054730    328.27601646      3.77682964      0.00000000
 30467.38769058    328.21980347      3.77747649      0.00000000
 30472.60483385    328.16360973      3.77812333      0.00000000
 30477.82197712    328.10743522      3.77877017      0.00000000
 30483.03912039    328.05127994      3.77941702      0.00000000
 30488.25626366    327.99514388      3.78006386      0.00000000
 30493.47340693    327.93902704      3.78071070      0.00000000
 30498.69055021    327.88292938      3.78135755      0.00000000
 30503.90769348    327.82685092      3.78200439      0.00000000
 30509.12483675    327.77079164      3.78265123      0.00000000
 30514.34198002    327.71475153      3.78329808      0.00000000
