Wavenumber(cm^-1)   Wavelength(nm)  Electronvolts(eV)   Intensity(normalised)
 18531.70203000    539.61582921      2.29763906      0.00038660
 18541.70703250    539.32465549      2.29887952      0.00038890
 18551.71203500    539.03379584      2.30011998      0.00039140
 18561.71703750    538.74324974      2.30136045      0.00039411
 18571.72204001    538.45301669      2.30260091      0.00039704
 18581.72704251    538.16309618      2.30384137      0.00040021
 18591.73204501    537.87348771      2.30508183      0.00040362
 18601.73704751    537.58419077      2.30632230      0.00040729
 18611.74205001    537.29520486      2.30756276      0.00041124
 18621.74705251    537.00652948      2.30880322      0.00041548
 18631.75205501    536.71816414      2.31004368      0.00042002
 18641.75705751    536.43010832      2.31128415      0.00042488
 18651.76206002    536.14236153      2.31252461      0.00043007
 18661.76706252    535.85492328      2.31376507      0.00043561
 18671.77206502    535.56779307      2.31500553      0.00044150
 18681.77706752    535.28097040      2.31624600      0.00044778
 18691.78207002    534.99445479      2.31748646      0.00045445
 18701.78707252    534.70824573      2.31872692      0.00046152
 18711.79207502    534.42234274      2.31996739      0.00046901
 18721.79707752    534.13674532      2.32120785      0.00047693
 18731.80208003    533.85145299      2.32244831      0.00048530
 18741.80708253    533.56646526      2.32368877      0.00049414
 18751.81208503    533.28178163      2.32492924      0.00050344
 18761.81708753    532.99740163      2.32616970      0.00051323
 18771.82209003    532.71332477      2.32741016      0.00052352
 18781.82709253    532.42955056      2.32865062      0.00053432
 18791.83209503    532.14607852      2.32989109      0.00054564
 18801.83709753    531.86290817      2.33113155      0.00055749
 18811.84210004    531.58003902      2.33237201      0.00056988
 18821.84710254    531.29747060      2.33361247      0.00058283
 18831.85210504    531.01520242      2.33485294      0.00059633
 18841.85710754    530.73323402      2.33609340      0.00061039
 18851.86211004    530.45156490      2.33733386      0.00062503
 18861.86711254    530.17019460      2.33857433      0.00064025
 18871.87211504    529.88912264      2.33981479      0.00065606
 18881.87711754    529.60834854      2.34105525      0.00067246
 18891.88212005    529.32787184      2.34229571      0.00068945
 18901.88712255    529.04769205      2.34353618      0.00070705
 18911.89212505    528.76780871      2.34477664      0.00072524
 18921.89712755    528.48822135      2.34601710      0.00074404
 18931.90213005    528.20892950      2.34725756      0.00076344
 18941.90713255    527.92993269      2.34849803      0.00078345
 18951.91213505    527.65123046      2.34973849      0.00080406
 18961.91713755    527.37282233      2.35097895      0.00082527
 18971.92214006    527.09470784      2.35221941      0.00084708
 18981.92714256    526.81688653      2.35345988      0.00086949
 18991.93214506    526.53935793      2.35470034      0.00089248
 19001.93714756    526.26212159      2.35594080      0.00091605
 19011.94215006    525.98517704      2.35718127      0.00094019
 19021.94715256    525.70852381      2.35842173      0.00096489
 19031.95215506    525.43216146      2.35966219      0.00099015
 19041.95715756    525.15608952      2.36090265      0.00101593
 19051.96216007    524.88030753      2.36214312      0.00104224
 19061.96716257    524.60481504      2.36338358      0.00106905
 19071.97216507    524.32961159      2.36462404      0.00109635
 19081.97716757    524.05469673      2.36586450      0.00112410
 19091.98217007    523.78007001      2.36710497      0.00115230
 19101.98717257    523.50573096      2.36834543      0.00118091
 19111.99217507    523.23167915      2.36958589      0.00120991
 19121.99717757    522.95791411      2.37082635      0.00123927
 19132.00218008    522.68443540      2.37206682      0.00126896
 19142.00718258    522.41124257      2.37330728      0.00129894
 19152.01218508    522.13833518      2.37454774      0.00132918
 19162.01718758    521.86571276      2.37578821      0.00135965
 19172.02219008    521.59337489      2.37702867      0.00139030
 19182.02719258    521.32132111      2.37826913      0.00142111
 19192.03219508    521.04955098      2.37950959      0.00145202
 19202.03719758    520.77806405      2.38075006      0.00148299
 19212.04220009    520.50685989      2.38199052      0.00151399
 19222.04720259    520.23593805      2.38323098      0.00154498
 19232.05220509    519.96529808      2.38447144      0.00157590
 19242.05720759    519.69493956      2.38571191      0.00160672
 19252.06221009    519.42486205      2.38695237      0.00163739
 19262.06721259    519.15506509      2.38819283      0.00166787
 19272.07221509    518.88554827      2.38943329      0.00169812
 19282.07721759    518.61631113      2.39067376      0.00172810
 19292.08222010    518.34735326      2.39191422      0.00175777
 19302.08722260    518.07867420      2.39315468      0.00178709
 19312.09222510    517.81027353      2.39439515      0.00181602
 19322.09722760    517.54215082      2.39563561      0.00184453
 19332.10223010    517.27430564      2.39687607      0.00187258
 19342.10723260    517.00673755      2.39811653      0.00190015
 19352.11223510    516.73944612      2.39935700      0.00192720
 19362.11723760    516.47243093      2.40059746      0.00195370
 19372.12224011    516.20569154      2.40183792      0.00197964
 19382.12724261    515.93922754      2.40307838      0.00200499
 19392.13224511    515.67303849      2.40431885      0.00202972
 19402.13724761    515.40712397      2.40555931      0.00205382
 19412.14225011    515.14148355      2.40679977      0.00207728
 19422.14725261    514.87611681      2.40804023      0.00210008
 19432.15225511    514.61102333      2.40928070      0.00212220
 19442.15725761    514.34620269      2.41052116      0.00214363
 19452.16226012    514.08165446      2.41176162      0.00216437
 19462.16726262    513.81737823      2.41300209      0.00218441
 19472.17226512    513.55337358      2.41424255      0.00220373
 19482.17726762    513.28964008      2.41548301      0.00222233
 19492.18227012    513.02617732      2.41672347      0.00224020
 19502.18727262    512.76298488      2.41796394      0.00225735
 19512.19227512    512.50006235      2.41920440      0.00227375
 19522.19727762    512.23740931      2.42044486      0.00228941
 19532.20228013    511.97502535      2.42168532      0.00230432
 19542.20728263    511.71291006      2.42292579      0.00231848
 19552.21228513    511.45106302      2.42416625      0.00233187
 19562.21728763    511.18948382      2.42540671      0.00234450
 19572.22229013    510.92817205      2.42664717      0.00235636
 19582.22729263    510.66712730      2.42788764      0.00236744
 19592.23229513    510.40634916      2.42912810      0.00237774
 19602.23729763    510.14583722      2.43036856      0.00238725
 19612.24230014    509.88559108      2.43160903      0.00239597
 19622.24730264    509.62561033      2.43284949      0.00240389
 19632.25230514    509.36589456      2.43408995      0.00241101
 19642.25730764    509.10644337      2.43533041      0.00241732
 19652.26231014    508.84725635      2.43657088      0.00242283
 19662.26731264    508.58833310      2.43781134      0.00242754
 19672.27231514    508.32967323      2.43905180      0.00243144
 19682.27731764    508.07127632      2.44029226      0.00243454
 19692.28232015    507.81314197      2.44153273      0.00243685
 19702.28732265    507.55526979      2.44277319      0.00243838
 19712.29232515    507.29765938      2.44401365      0.00243914
 19722.29732765    507.04031034      2.44525411      0.00243914
 19732.30233015    506.78322227      2.44649458      0.00243840
 19742.30733265    506.52639477      2.44773504      0.00243695
 19752.31233515    506.26982745      2.44897550      0.00243481
 19762.31733765    506.01351991      2.45021597      0.00243201
 19772.32234016    505.75747176      2.45145643      0.00242858
 19782.32734266    505.50168261      2.45269689      0.00242457
 19792.33234516    505.24615206      2.45393735      0.00242001
 19802.33734766    504.99087971      2.45517782      0.00241494
 19812.34235016    504.73586519      2.45641828      0.00240942
 19822.34735266    504.48110810      2.45765874      0.00240351
 19832.35235516    504.22660804      2.45889920      0.00239724
 19842.35735766    503.97236464      2.46013967      0.00239069
 19852.36236017    503.71837750      2.46138013      0.00238391
 19862.36736267    503.46464623      2.46262059      0.00237698
 19872.37236517    503.21117045      2.46386105      0.00236995
 19882.37736767    502.95794978      2.46510152      0.00236291
 19892.38237017    502.70498382      2.46634198      0.00235591
 19902.38737267    502.45227220      2.46758244      0.00234904
 19912.39237517    502.19981453      2.46882291      0.00234236
 19922.39737767    501.94761042      2.47006337      0.00233596
 19932.40238018    501.69565950      2.47130383      0.00232992
 19942.40738268    501.44396139      2.47254429      0.00232431
 19952.41238518    501.19251570      2.47378476      0.00231920
 19962.41738768    500.94132205      2.47502522      0.00231469
 19972.42239018    500.69038008      2.47626568      0.00231085
 19982.42739268    500.43968939      2.47750614      0.00230775
 19992.43239518    500.18924961      2.47874661      0.00230548
 20002.43739768    499.93906036      2.47998707      0.00230412
 20012.44240019    499.68912128      2.48122753      0.00230375
 20022.44740269    499.43943198      2.48246799      0.00230444
 20032.45240519    499.18999208      2.48370846      0.00230627
 20042.45740769    498.94080123      2.48494892      0.00230933
 20052.46241019    498.69185904      2.48618938      0.00231369
 20062.46741269    498.44316513      2.48742985      0.00231943
 20072.47241519    498.19471915      2.48867031      0.00232662
 20082.47741769    497.94652072      2.48991077      0.00233535
 20092.48242020    497.69856947      2.49115123      0.00234569
 20102.48742270    497.45086503      2.49239170      0.00235772
 20112.49242520    497.20340703      2.49363216      0.00237152
 20122.49742770    496.95619510      2.49487262      0.00238716
 20132.50243020    496.70922888      2.49611308      0.00240473
 20142.50743270    496.46250801      2.49735355      0.00242431
 20152.51243520    496.21603211      2.49859401      0.00244596
 20162.51743770    495.96980082      2.49983447      0.00246977
 20172.52244021    495.72381378      2.50107493      0.00249582
 20182.52744271    495.47807062      2.50231540      0.00252419
 20192.53244521    495.23257099      2.50355586      0.00255496
 20202.53744771    494.98731451      2.50479632      0.00258819
 20212.54245021    494.74230084      2.50603679      0.00262398
 20222.54745271    494.49752960      2.50727725      0.00266239
 20232.55245521    494.25300044      2.50851771      0.00270351
 20242.55745771    494.00871300      2.50975817      0.00274740
 20252.56246022    493.76466693      2.51099864      0.00279415
 20262.56746272    493.52086185      2.51223910      0.00284382
 20272.57246522    493.27729743      2.51347956      0.00289648
 20282.57746772    493.03397330      2.51472002      0.00295221
 20292.58247022    492.79088910      2.51596049      0.00301106
 20302.58747272    492.54804448      2.51720095      0.00307310
 20312.59247522    492.30543909      2.51844141      0.00313839
 20322.59747772    492.06307257      2.51968187      0.00320698
 20332.60248023    491.82094458      2.52092234      0.00327893
 20342.60748273    491.57905475      2.52216280      0.00335428
 20352.61248523    491.33740275      2.52340326      0.00343308
 20362.61748773    491.09598821      2.52464373      0.00351537
 20372.62249023    490.85481078      2.52588419      0.00360118
 20382.62749273    490.61387013      2.52712465      0.00369053
 20392.63249523    490.37316589      2.52836511      0.00378346
 20402.63749773    490.13269773      2.52960558      0.00387999
 20412.64250024    489.89246529      2.53084604      0.00398012
 20422.64750274    489.65246823      2.53208650      0.00408386
 20432.65250524    489.41270621      2.53332696      0.00419121
 20442.65750774    489.17317887      2.53456743      0.00430217
 20452.66251024    488.93388587      2.53580789      0.00441673
 20462.66751274    488.69482688      2.53704835      0.00453486
 20472.67251524    488.45600154      2.53828881      0.00465655
 20482.67751774    488.21740951      2.53952928      0.00478175
 20492.68252025    487.97905046      2.54076974      0.00491045
 20502.68752275    487.74092404      2.54201020      0.00504258
 20512.69252525    487.50302991      2.54325067      0.00517810
 20522.69752775    487.26536773      2.54449113      0.00531696
 20532.70253025    487.02793716      2.54573159      0.00545908
 20542.70753275    486.79073786      2.54697205      0.00560439
 20552.71253525    486.55376951      2.54821252      0.00575282
 20562.71753775    486.31703175      2.54945298      0.00590427
 20572.72254026    486.08052425      2.55069344      0.00605866
 20582.72754276    485.84424668      2.55193390      0.00621588
 20592.73254526    485.60819870      2.55317437      0.00637582
 20602.73754776    485.37237998      2.55441483      0.00653837
 20612.74255026    485.13679018      2.55565529      0.00670340
 20622.74755276    484.90142897      2.55689575      0.00687077
 20632.75255526    484.66629602      2.55813622      0.00704035
 20642.75755776    484.43139099      2.55937668      0.00721198
 20652.76256027    484.19671356      2.56061714      0.00738551
 20662.76756277    483.96226339      2.56185761      0.00756075
 20672.77256527    483.72804016      2.56309807      0.00773755
 20682.77756777    483.49404353      2.56433853      0.00791571
 20692.78257027    483.26027317      2.56557899      0.00809504
 20702.78757277    483.02672876      2.56681946      0.00827534
 20712.79257527    482.79340998      2.56805992      0.00845638
 20722.79757777    482.56031649      2.56930038      0.00863795
 20732.80258028    482.32744796      2.57054084      0.00881983
 20742.80758278    482.09480408      2.57178131      0.00900176
 20752.81258528    481.86238451      2.57302177      0.00918351
 20762.81758778    481.63018893      2.57426223      0.00936481
 20772.82259028    481.39821703      2.57550269      0.00954542
 20782.82759278    481.16646847      2.57674316      0.00972506
 20792.83259528    480.93494293      2.57798362      0.00990345
 20802.83759778    480.70364010      2.57922408      0.01008033
 20812.84260029    480.47255964      2.58046455      0.01025541
 20822.84760279    480.24170125      2.58170501      0.01042841
 20832.85260529    480.01106459      2.58294547      0.01059903
 20842.85760779    479.78064936      2.58418593      0.01076699
 20852.86261029    479.55045523      2.58542640      0.01093201
 20862.86761279    479.32048188      2.58666686      0.01109381
 20872.87261529    479.09072900      2.58790732      0.01125208
 20882.87761779    478.86119627      2.58914778      0.01140657
 20892.88262030    478.63188337      2.59038825      0.01155700
 20902.88762280    478.40278999      2.59162871      0.01170311
 20912.89262530    478.17391581      2.59286917      0.01184463
 20922.89762780    477.94526052      2.59410963      0.01198132
 20932.90263030    477.71682381      2.59535010      0.01211295
 20942.90763280    477.48860535      2.59659056      0.01223930
 20952.91263530    477.26060484      2.59783102      0.01236014
 20962.91763780    477.03282197      2.59907149      0.01247530
 20972.92264031    476.80525643      2.60031195      0.01258458
 20982.92764281    476.57790790      2.60155241      0.01268783
 20992.93264531    476.35077607      2.60279287      0.01278489
 21002.93764781    476.12386064      2.60403334      0.01287565
 21012.94265031    475.89716129      2.60527380      0.01295999
 21022.94765281    475.67067772      2.60651426      0.01303781
 21032.95265531    475.44440961      2.60775472      0.01310905
 21042.95765781    475.21835667      2.60899519      0.01317365
 21052.96266032    474.99251858      2.61023565      0.01323158
 21062.96766282    474.76689504      2.61147611      0.01328281
 21072.97266532    474.54148574      2.61271657      0.01332736
 21082.97766782    474.31629038      2.61395704      0.01336523
 21092.98267032    474.09130865      2.61519750      0.01339648
 21102.98767282    473.86654026      2.61643796      0.01342114
 21112.99267532    473.64198488      2.61767843      0.01343930
 21122.99767782    473.41764224      2.61891889      0.01345103
 21133.00268033    473.19351201      2.62015935      0.01345643
 21143.00768283    472.96959390      2.62139981      0.01345563
 21153.01268533    472.74588761      2.62264028      0.01344874
 21163.01768783    472.52239284      2.62388074      0.01343591
 21173.02269033    472.29910929      2.62512120      0.01341729
 21183.02769283    472.07603666      2.62636166      0.01339303
 21193.03269533    471.85317464      2.62760213      0.01336331
 21203.03769783    471.63052295      2.62884259      0.01332832
 21213.04270034    471.40808129      2.63008305      0.01328823
 21223.04770284    471.18584935      2.63132351      0.01324325
 21233.05270534    470.96382684      2.63256398      0.01319358
 21243.05770784    470.74201347      2.63380444      0.01313945
 21253.06271034    470.52040893      2.63504490      0.01308106
 21263.06771284    470.29901295      2.63628537      0.01301865
 21273.07271534    470.07782521      2.63752583      0.01295246
 21283.07771784    469.85684543      2.63876629      0.01288273
 21293.08272035    469.63607332      2.64000675      0.01280971
 21303.08772285    469.41550857      2.64124722      0.01273366
 21313.09272535    469.19515091      2.64248768      0.01265485
 21323.09772785    468.97500003      2.64372814      0.01257355
 21333.10273035    468.75505565      2.64496860      0.01249004
 21343.10773285    468.53531748      2.64620907      0.01240463
 21353.11273535    468.31578522      2.64744953      0.01231760
 21363.11773785    468.09645859      2.64868999      0.01222927
 21373.12274036    467.87733730      2.64993045      0.01213996
 21383.12774286    467.65842106      2.65117092      0.01204999
 21393.13274536    467.43970958      2.65241138      0.01195971
 21403.13774786    467.22120258      2.65365184      0.01186947
 21413.14275036    467.00289977      2.65489231      0.01177961
 21423.14775286    466.78480086      2.65613277      0.01169052
 21433.15275536    466.56690557      2.65737323      0.01160256
 21443.15775786    466.34921360      2.65861369      0.01151612
 21453.16276037    466.13172469      2.65985416      0.01143161
 21463.16776287    465.91443854      2.66109462      0.01134941
 21473.17276537    465.69735487      2.66233508      0.01126995
 21483.17776787    465.48047340      2.66357554      0.01119365
 21493.18277037    465.26379385      2.66481601      0.01112093
 21503.18777287    465.04731592      2.66605647      0.01105223
 21513.19277537    464.83103935      2.66729693      0.01098799
 21523.19777787    464.61496385      2.66853739      0.01092864
 21533.20278038    464.39908915      2.66977786      0.01087465
 21543.20778288    464.18341495      2.67101832      0.01082645
 21553.21278538    463.96794098      2.67225878      0.01078451
 21563.21778788    463.75266697      2.67349925      0.01074929
 21573.22279038    463.53759263      2.67473971      0.01072123
 21583.22779288    463.32271769      2.67598017      0.01070079
 21593.23279538    463.10804187      2.67722063      0.01068843
 21603.23779788    462.89356490      2.67846110      0.01068461
 21613.24280039    462.67928649      2.67970156      0.01068976
 21623.24780289    462.46520637      2.68094202      0.01070434
 21633.25280539    462.25132427      2.68218248      0.01072879
 21643.25780789    462.03763991      2.68342295      0.01076355
 21653.26281039    461.82415302      2.68466341      0.01080904
 21663.26781289    461.61086333      2.68590387      0.01086569
 21673.27281539    461.39777055      2.68714433      0.01093391
 21683.27781789    461.18487443      2.68838480      0.01101413
 21693.28282040    460.97217468      2.68962526      0.01110672
 21703.28782290    460.75967103      2.69086572      0.01121210
 21713.29282540    460.54736322      2.69210619      0.01133063
 21723.29782790    460.33525097      2.69334665      0.01146269
 21733.30283040    460.12333402      2.69458711      0.01160863
 21743.30783290    459.91161209      2.69582757      0.01176882
 21753.31283540    459.70008491      2.69706804      0.01194359
 21763.31783790    459.48875222      2.69830850      0.01213326
 21773.32284041    459.27761375      2.69954896      0.01233816
 21783.32784291    459.06666923      2.70078942      0.01255857
 21793.33284541    458.85591839      2.70202989      0.01279479
 21803.33784791    458.64536097      2.70327035      0.01304710
 21813.34285041    458.43499670      2.70451081      0.01331575
 21823.34785291    458.22482531      2.70575127      0.01360099
 21833.35285541    458.01484654      2.70699174      0.01390304
 21843.35785791    457.80506013      2.70823220      0.01422213
 21853.36286042    457.59546581      2.70947266      0.01455845
 21863.36786292    457.38606331      2.71071313      0.01491217
 21873.37286542    457.17685238      2.71195359      0.01528346
 21883.37786792    456.96783275      2.71319405      0.01567245
 21893.38287042    456.75900416      2.71443451      0.01607927
 21903.38787292    456.55036635      2.71567498      0.01650402
 21913.39287542    456.34191905      2.71691544      0.01694676
 21923.39787792    456.13366200      2.71815590      0.01740756
 21933.40288043    455.92559495      2.71939636      0.01788643
 21943.40788293    455.71771764      2.72063683      0.01838339
 21953.41288543    455.51002980      2.72187729      0.01889840
 21963.41788793    455.30253117      2.72311775      0.01943140
 21973.42289043    455.09522151      2.72435821      0.01998232
 21983.42789293    454.88810054      2.72559868      0.02055103
 21993.43289543    454.68116802      2.72683914      0.02113739
 22003.43789793    454.47442368      2.72807960      0.02174120
 22013.44290044    454.26786727      2.72932007      0.02236226
 22023.44790294    454.06149853      2.73056053      0.02300030
 22033.45290544    453.85531721      2.73180099      0.02365502
 22043.45790794    453.64932305      2.73304145      0.02432609
 22053.46291044    453.44351580      2.73428192      0.02501313
 22063.46791294    453.23789520      2.73552238      0.02571573
 22073.47291544    453.03246099      2.73676284      0.02643341
 22083.47791794    452.82721294      2.73800330      0.02716568
 22093.48292045    452.62215078      2.73924377      0.02791197
 22103.48792295    452.41727425      2.74048423      0.02867169
 22113.49292545    452.21258312      2.74172469      0.02944419
 22123.49792795    452.00807712      2.74296515      0.03022878
 22133.50293045    451.80375601      2.74420562      0.03102471
 22143.50793295    451.59961953      2.74544608      0.03183119
 22153.51293545    451.39566744      2.74668654      0.03264739
 22163.51793795    451.19189948      2.74792701      0.03347242
 22173.52294046    450.98831541      2.74916747      0.03430534
 22183.52794296    450.78491497      2.75040793      0.03514517
 22193.53294546    450.58169793      2.75164839      0.03599089
 22203.53794796    450.37866402      2.75288886      0.03684143
 22213.54295046    450.17581301      2.75412932      0.03769566
 22223.54795296    449.97314465      2.75536978      0.03855244
 22233.55295546    449.77065868      2.75661024      0.03941056
 22243.55795796    449.56835487      2.75785071      0.04026879
 22253.56296047    449.36623296      2.75909117      0.04112586
 22263.56796297    449.16429272      2.76033163      0.04198046
 22273.57296547    448.96253390      2.76157209      0.04283126
 22283.57796797    448.76095625      2.76281256      0.04367690
 22293.58297047    448.55955953      2.76405302      0.04451598
 22303.58797297    448.35834350      2.76529348      0.04534711
 22313.59297547    448.15730791      2.76653395      0.04616887
 22323.59797797    447.95645252      2.76777441      0.04697980
 22333.60298048    447.75577708      2.76901487      0.04777848
 22343.60798298    447.55528137      2.77025533      0.04856345
 22353.61298548    447.35496513      2.77149580      0.04933326
 22363.61798798    447.15482812      2.77273626      0.05008647
 22373.62299048    446.95487011      2.77397672      0.05082164
 22383.62799298    446.75509085      2.77521718      0.05153736
 22393.63299548    446.55549011      2.77645765      0.05223221
 22403.63799798    446.35606764      2.77769811      0.05290482
 22413.64300049    446.15682321      2.77893857      0.05355384
 22423.64800299    445.95775657      2.78017903      0.05417796
 22433.65300549    445.75886750      2.78141950      0.05477589
 22443.65800799    445.56015575      2.78265996      0.05534640
 22453.66301049    445.36162108      2.78390042      0.05588830
 22463.66801299    445.16326327      2.78514089      0.05640046
 22473.67301549    444.96508206      2.78638135      0.05688181
 22483.67801799    444.76707724      2.78762181      0.05733132
 22493.68302050    444.56924855      2.78886227      0.05774806
 22503.68802300    444.37159577      2.79010274      0.05813114
 22513.69302550    444.17411867      2.79134320      0.05847975
 22523.69802800    443.97681700      2.79258366      0.05879318
 22533.70303050    443.77969054      2.79382412      0.05907077
 22543.70803300    443.58273905      2.79506459      0.05931196
 22553.71303550    443.38596230      2.79630505      0.05951628
 22563.71803800    443.18936005      2.79754551      0.05968335
 22573.72304051    442.99293208      2.79878597      0.05981286
 22583.72804301    442.79667815      2.80002644      0.05990463
 22593.73304551    442.60059803      2.80126690      0.05995855
 22603.73804801    442.40469149      2.80250736      0.05997461
 22613.74305051    442.20895830      2.80374783      0.05995290
 22623.74805301    442.01339823      2.80498829      0.05989361
 22633.75305551    441.81801105      2.80622875      0.05979704
 22643.75805801    441.62279653      2.80746921      0.05966356
 22653.76306052    441.42775445      2.80870968      0.05949366
 22663.76806302    441.23288457      2.80995014      0.05928792
 22673.77306552    441.03818666      2.81119060      0.05904703
 22683.77806802    440.84366050      2.81243106      0.05877176
 22693.78307052    440.64930587      2.81367153      0.05846298
 22703.78807302    440.45512253      2.81491199      0.05812165
 22713.79307552    440.26111026      2.81615245      0.05774881
 22723.79807802    440.06726883      2.81739291      0.05734562
 22733.80308053    439.87359801      2.81863338      0.05691328
 22743.80808303    439.68009759      2.81987384      0.05645311
 22753.81308553    439.48676734      2.82111430      0.05596648
 22763.81808803    439.29360703      2.82235477      0.05545485
 22773.82309053    439.10061643      2.82359523      0.05491976
 22783.82809303    438.90779533      2.82483569      0.05436279
 22793.83309553    438.71514351      2.82607615      0.05378562
 22803.83809803    438.52266073      2.82731662      0.05318996
 22813.84310054    438.33034678      2.82855708      0.05257758
 22823.84810304    438.13820143      2.82979754      0.05195032
 22833.85310554    437.94622447      2.83103800      0.05131005
 22843.85810804    437.75441566      2.83227847      0.05065870
 22853.86311054    437.56277480      2.83351893      0.04999820
 22863.86811304    437.37130166      2.83475939      0.04933057
 22873.87311554    437.17999602      2.83599985      0.04865780
 22883.87811804    436.98885766      2.83724032      0.04798196
 22893.88312055    436.79788636      2.83848078      0.04730511
 22903.88812305    436.60708190      2.83972124      0.04662932
 22913.89312555    436.41644407      2.84096171      0.04595669
 22923.89812805    436.22597264      2.84220217      0.04528932
 22933.90313055    436.03566740      2.84344263      0.04462931
 22943.90813305    435.84552813      2.84468309      0.04397876
 22953.91313555    435.65555461      2.84592356      0.04333977
 22963.91813805    435.46574663      2.84716402      0.04271443
 22973.92314056    435.27610397      2.84840448      0.04210481
 22983.92814306    435.08662642      2.84964494      0.04151297
 22993.93314556    434.89731375      2.85088541      0.04094095
 23003.93814806    434.70816576      2.85212587      0.04039076
 23013.94315056    434.51918223      2.85336633      0.03986438
 23023.94815306    434.33036294      2.85460679      0.03936378
 23033.95315556    434.14170768      2.85584726      0.03889088
 23043.95815806    433.95321624      2.85708772      0.03844758
 23053.96316057    433.76488840      2.85832818      0.03803571
 23063.96816307    433.57672396      2.85956865      0.03765710
 23073.97316557    433.38872269      2.86080911      0.03731351
 23083.97816807    433.20088439      2.86204957      0.03700668
 23093.98317057    433.01320884      2.86329003      0.03673828
 23103.98817307    432.82569584      2.86453050      0.03650994
 23113.99317557    432.63834516      2.86577096      0.03632327
 23123.99817807    432.45115661      2.86701142      0.03617979
 23134.00318058    432.26412997      2.86825188      0.03608100
 23144.00818308    432.07726503      2.86949235      0.03602834
 23154.01318558    431.89056158      2.87073281      0.03602320
 23164.01818808    431.70401941      2.87197327      0.03606693
 23174.02319058    431.51763832      2.87321373      0.03616081
 23184.02819308    431.33141809      2.87445420      0.03630609
 23194.03319558    431.14535852      2.87569466      0.03650396
 23204.03819808    430.95945939      2.87693512      0.03675558
 23214.04320059    430.77372051      2.87817559      0.03706205
 23224.04820309    430.58814166      2.87941605      0.03742442
 23234.05320559    430.40272264      2.88065651      0.03784370
 23244.05820809    430.21746324      2.88189697      0.03832085
 23254.06321059    430.03236325      2.88313744      0.03885682
 23264.06821309    429.84742247      2.88437790      0.03945246
 23274.07321559    429.66264070      2.88561836      0.04010864
 23284.07821809    429.47801772      2.88685882      0.04082614
 23294.08322060    429.29355334      2.88809929      0.04160573
 23304.08822310    429.10924735      2.88933975      0.04244814
 23314.09322560    428.92509954      2.89058021      0.04335405
 23324.09822810    428.74110972      2.89182067      0.04432411
 23334.10323060    428.55727768      2.89306114      0.04535892
 23344.10823310    428.37360321      2.89430160      0.04645905
 23354.11323560    428.19008612      2.89554206      0.04762504
 23364.11823810    428.00672620      2.89678253      0.04885737
 23374.12324061    427.82352325      2.89802299      0.05015648
 23384.12824311    427.64047706      2.89926345      0.05152278
 23394.13324561    427.45758745      2.90050391      0.05295661
 23404.13824811    427.27485420      2.90174438      0.05445828
 23414.14325061    427.09227711      2.90298484      0.05602803
 23424.14825311    426.90985600      2.90422530      0.05766604
 23434.15325561    426.72759065      2.90546576      0.05937244
 23444.15825811    426.54548086      2.90670623      0.06114727
 23454.16326062    426.36352644      2.90794669      0.06299050
 23464.16826312    426.18172720      2.90918715      0.06490204
 23474.17326562    426.00008292      2.91042761      0.06688168
 23484.17826812    425.81859341      2.91166808      0.06892913
 23494.18327062    425.63725848      2.91290854      0.07104400
 23504.18827312    425.45607793      2.91414900      0.07322576
 23514.19327562    425.27505156      2.91538947      0.07547378
 23524.19827812    425.09417917      2.91662993      0.07778732
 23534.20328063    424.91346056      2.91787039      0.08016545
 23544.20828313    424.73289555      2.91911085      0.08260714
 23554.21328563    424.55248394      2.92035132      0.08511118
 23564.21828813    424.37222552      2.92159178      0.08767619
 23574.22329063    424.19212011      2.92283224      0.09030062
 23584.22829313    424.01216751      2.92407270      0.09298275
 23594.23329563    423.83236752      2.92531317      0.09572065
 23604.23829813    423.65271996      2.92655363      0.09851219
 23614.24330064    423.47322462      2.92779409      0.10135504
 23624.24830314    423.29388132      2.92903455      0.10424666
 23634.25330564    423.11468986      2.93027502      0.10718429
 23644.25830814    422.93565005      2.93151548      0.11016493
 23654.26331064    422.75676170      2.93275594      0.11318537
 23664.26831314    422.57802461      2.93399641      0.11624216
 23674.27331564    422.39943859      2.93523687      0.11933162
 23684.27831814    422.22100345      2.93647733      0.12244983
 23694.28332065    422.04271901      2.93771779      0.12559266
 23704.28832315    421.86458506      2.93895826      0.12875572
 23714.29332565    421.68660142      2.94019872      0.13193441
 23724.29832815    421.50876790      2.94143918      0.13512391
 23734.30333065    421.33108431      2.94267964      0.13831918
 23744.30833315    421.15355045      2.94392011      0.14151498
 23754.31333565    420.97616615      2.94516057      0.14470587
 23764.31833815    420.79893121      2.94640103      0.14788623
 23774.32334066    420.62184544      2.94764149      0.15105026
 23784.32834316    420.44490865      2.94888196      0.15419202
 23794.33334566    420.26812066      2.95012242      0.15730541
 23804.33834816    420.09148128      2.95136288      0.16038424
 23814.34335066    419.91499032      2.95260335      0.16342218
 23824.34835316    419.73864759      2.95384381      0.16641284
 23834.35335566    419.56245292      2.95508427      0.16934977
 23844.35835816    419.38640610      2.95632473      0.17222647
 23854.36336067    419.21050696      2.95756520      0.17503643
 23864.36836317    419.03475531      2.95880566      0.17777317
 23874.37336567    418.85915096      2.96004612      0.18043023
 23884.37836817    418.68369373      2.96128658      0.18300120
 23894.38337067    418.50838343      2.96252705      0.18547978
 23904.38837317    418.33321989      2.96376751      0.18785979
 23914.39337567    418.15820291      2.96500797      0.19013518
 23924.39837817    417.98333231      2.96624843      0.19230008
 23934.40338068    417.80860791      2.96748890      0.19434880
 23944.40838318    417.63402952      2.96872936      0.19627589
 23954.41338568    417.45959697      2.96996982      0.19807615
 23964.41838818    417.28531006      2.97121029      0.19974464
 23974.42339068    417.11116862      2.97245075      0.20127673
 23984.42839318    416.93717247      2.97369121      0.20266812
 23994.43339568    416.76332142      2.97493167      0.20391482
 24004.43839818    416.58961529      2.97617214      0.20501324
 24014.44340069    416.41605390      2.97741260      0.20596014
 24024.44840319    416.24263707      2.97865306      0.20675272
 24034.45340569    416.06936462      2.97989352      0.20738856
 24044.45840819    415.89623637      2.98113399      0.20786568
 24054.46341069    415.72325214      2.98237445      0.20818254
 24064.46841319    415.55041175      2.98361491      0.20833806
 24074.47341569    415.37771501      2.98485537      0.20833161
 24084.47841819    415.20516176      2.98609584      0.20816303
 24094.48342070    415.03275181      2.98733630      0.20783262
 24104.48842320    414.86048499      2.98857676      0.20734116
 24114.49342570    414.68836111      2.98981723      0.20668990
 24124.49842820    414.51637999      2.99105769      0.20588055
 24134.50343070    414.34454147      2.99229815      0.20491527
 24144.50843320    414.17284536      2.99353861      0.20379671
 24154.51343570    414.00129149      2.99477908      0.20252794
 24164.51843820    413.82987967      2.99601954      0.20111246
 24174.52344071    413.65860974      2.99726000      0.19955422
 24184.52844321    413.48748151      2.99850046      0.19785757
 24194.53344571    413.31649482      2.99974093      0.19602723
 24204.53844821    413.14564948      3.00098139      0.19406832
 24214.54345071    412.97494532      3.00222185      0.19198632
 24224.54845321    412.80438217      3.00346231      0.18978703
 24234.55345571    412.63395985      3.00470278      0.18747659
 24244.55845821    412.46367818      3.00594324      0.18506141
 24254.56346072    412.29353700      3.00718370      0.18254819
 24264.56846322    412.12353612      3.00842417      0.17994388
 24274.57346572    411.95367538      3.00966463      0.17725563
 24284.57846822    411.78395461      3.01090509      0.17449083
 24294.58347072    411.61437362      3.01214555      0.17165703
 24304.58847322    411.44493224      3.01338602      0.16876191
 24314.59347572    411.27563032      3.01462648      0.16581332
 24324.59847822    411.10646766      3.01586694      0.16281918
 24334.60348073    410.93744410      3.01710740      0.15978752
 24344.60848323    410.76855947      3.01834787      0.15672641
 24354.61348573    410.59981360      3.01958833      0.15364396
 24364.61848823    410.43120632      3.02082879      0.15054831
 24374.62349073    410.26273745      3.02206925      0.14744756
 24384.62849323    410.09440683      3.02330972      0.14434981
 24394.63349573    409.92621428      3.02455018      0.14126311
 24404.63849823    409.75815963      3.02579064      0.13819543
 24414.64350074    409.59024273      3.02703111      0.13515469
 24424.64850324    409.42246339      3.02827157      0.13214866
 24434.65350574    409.25482145      3.02951203      0.12918505
 24444.65850824    409.08731673      3.03075249      0.12627140
 24454.66351074    408.91994908      3.03199296      0.12341513
 24464.66851324    408.75271832      3.03323342      0.12062349
 24474.67351574    408.58562428      3.03447388      0.11790356
 24484.67851824    408.41866681      3.03571434      0.11526226
 24494.68352075    408.25184572      3.03695481      0.11270630
 24504.68852325    408.08516085      3.03819527      0.11024219
 24514.69352575    407.91861204      3.03943573      0.10787626
 24524.69852825    407.75219912      3.04067619      0.10561460
 24534.70353075    407.58592192      3.04191666      0.10346308
 24544.70853325    407.41978028      3.04315712      0.10142735
 24554.71353575    407.25377403      3.04439758      0.09951283
 24564.71853825    407.08790300      3.04563805      0.09772469
 24574.72354076    406.92216704      3.04687851      0.09606788
 24584.72854326    406.75656597      3.04811897      0.09454709
 24594.73354576    406.59109963      3.04935943      0.09316676
 24604.73854826    406.42576786      3.05059990      0.09193111
 24614.74355076    406.26057050      3.05184036      0.09084409
 24624.74855326    406.09550737      3.05308082      0.08990940
 24634.75355576    405.93057832      3.05432128      0.08913050
 24644.75855826    405.76578318      3.05556175      0.08851063
 24654.76356077    405.60112178      3.05680221      0.08805276
 24664.76856327    405.43659398      3.05804267      0.08775963
 24674.77356577    405.27219960      3.05928313      0.08763376
 24684.77856827    405.10793848      3.06052360      0.08767742
 24694.78357077    404.94381046      3.06176406      0.08789270
 24704.78857327    404.77981538      3.06300452      0.08828145
 24714.79357577    404.61595307      3.06424499      0.08884533
 24724.79857827    404.45222338      3.06548545      0.08958579
 24734.80358078    404.28862614      3.06672591      0.09050413
 24744.80858328    404.12516120      3.06796637      0.09160145
 24754.81358578    403.96182839      3.06920684      0.09287871
 24764.81858828    403.79862755      3.07044730      0.09433672
 24774.82359078    403.63555853      3.07168776      0.09597616
 24784.82859328    403.47262116      3.07292822      0.09779758
 24794.83359578    403.30981529      3.07416869      0.09980146
 24804.83859828    403.14714075      3.07540915      0.10198817
 24814.84360079    402.98459738      3.07664961      0.10435799
 24824.84860329    402.82218504      3.07789007      0.10691116
 24834.85360579    402.65990355      3.07913054      0.10964789
 24844.85860829    402.49775276      3.08037100      0.11256833
 24854.86361079    402.33573252      3.08161146      0.11567262
 24864.86861329    402.17384267      3.08285193      0.11896088
 24874.87361579    402.01208304      3.08409239      0.12243325
 24884.87861829    401.85045348      3.08533285      0.12608985
 24894.88362080    401.68895384      3.08657331      0.12993084
 24904.88862330    401.52758396      3.08781378      0.13395637
 24914.89362580    401.36634367      3.08905424      0.13816662
 24924.89862830    401.20523284      3.09029470      0.14256177
 24934.90363080    401.04425129      3.09153516      0.14714202
 24944.90863330    400.88339888      3.09277563      0.15190755
 24954.91363580    400.72267544      3.09401609      0.15685853
 24964.91863830    400.56208083      3.09525655      0.16199510
 24974.92364081    400.40161489      3.09649701      0.16731734
 24984.92864331    400.24127747      3.09773748      0.17282526
 24994.93364581    400.08106840      3.09897794      0.17851876
 25004.93864831    399.92098754      3.10021840      0.18439760
 25014.94365081    399.76103473      3.10145887      0.19046136
 25024.94865331    399.60120982      3.10269933      0.19670944
 25034.95365581    399.44151266      3.10393979      0.20314093
 25044.95865831    399.28194309      3.10518025      0.20975467
 25054.96366082    399.12250095      3.10642072      0.21654913
 25064.96866332    398.96318611      3.10766118      0.22352237
 25074.97366582    398.80399840      3.10890164      0.23067203
 25084.97866832    398.64493767      3.11014210      0.23799522
 25094.98367082    398.48600377      3.11138257      0.24548849
 25104.98867332    398.32719655      3.11262303      0.25314780
 25114.99367582    398.16851585      3.11386349      0.26096843
 25124.99867832    398.00996154      3.11510395      0.26894495
 25135.00368083    397.85153345      3.11634442      0.27707114
 25145.00868333    397.69323143      3.11758488      0.28533999
 25155.01368583    397.53505534      3.11882534      0.29374363
 25165.01868833    397.37700502      3.12006581      0.30227327
 25175.02369083    397.21908032      3.12130627      0.31091920
 25185.02869333    397.06128110      3.12254673      0.31967076
 25195.03369583    396.90360721      3.12378719      0.32851629
 25205.03869833    396.74605849      3.12502766      0.33744313
 25215.04370084    396.58863479      3.12626812      0.34643761
 25225.04870334    396.43133598      3.12750858      0.35548506
 25235.05370584    396.27416189      3.12874904      0.36456980
 25245.05870834    396.11711239      3.12998951      0.37367519
 25255.06371084    395.96018731      3.13122997      0.38278360
 25265.06871334    395.80338653      3.13247043      0.39187650
 25275.07371584    395.64670988      3.13371089      0.40093448
 25285.07871834    395.49015722      3.13495136      0.40993731
 25295.08372085    395.33372840      3.13619182      0.41886402
 25305.08872335    395.17742328      3.13743228      0.42769291
 25315.09372585    395.02124171      3.13867275      0.43640173
 25325.09872835    394.86518354      3.13991321      0.44496768
 25335.10373085    394.70924863      3.14115367      0.45336757
 25345.10873335    394.55343683      3.14239413      0.46157787
 25355.11373585    394.39774800      3.14363460      0.46957487
 25365.11873835    394.24218198      3.14487506      0.47733478
 25375.12374086    394.08673864      3.14611552      0.48483382
 25385.12874336    393.93141783      3.14735598      0.49204840
 25395.13374586    393.77621940      3.14859645      0.49895520
 25405.13874836    393.62114321      3.14983691      0.50553133
 25415.14375086    393.46618912      3.15107737      0.51175443
 25425.14875336    393.31135698      3.15231783      0.51760284
 25435.15375586    393.15664665      3.15355830      0.52305568
 25445.15875836    393.00205798      3.15479876      0.52809302
 25455.16376087    392.84759083      3.15603922      0.53269599
 25465.16876337    392.69324506      3.15727969      0.53684686
 25475.17376587    392.53902052      3.15852015      0.54052921
 25485.17876837    392.38491707      3.15976061      0.54372800
 25495.18377087    392.23093457      3.16100107      0.54642968
 25505.18877337    392.07707288      3.16224154      0.54862227
 25515.19377587    391.92333186      3.16348200      0.55029545
 25525.19877837    391.76971135      3.16472246      0.55144065
 25535.20378088    391.61621123      3.16596292      0.55205106
 25545.20878338    391.46283134      3.16720339      0.55212173
 25555.21378588    391.30957156      3.16844385      0.55164959
 25565.21878838    391.15643173      3.16968431      0.55063349
 25575.22379088    391.00341171      3.17092477      0.54907420
 25585.22879338    390.85051138      3.17216524      0.54697441
 25595.23379588    390.69773057      3.17340570      0.54433876
 25605.23879838    390.54506917      3.17464616      0.54117377
 25615.24380089    390.39252702      3.17588663      0.53748787
 25625.24880339    390.24010398      3.17712709      0.53329130
 25635.25380589    390.08779992      3.17836755      0.52859610
 25645.25880839    389.93561470      3.17960801      0.52341603
 25655.26381089    389.78354818      3.18084848      0.51776649
 25665.26881339    389.63160021      3.18208894      0.51166446
 25675.27381589    389.47977067      3.18332940      0.50512841
 25685.27881839    389.32805940      3.18456986      0.49817818
 25695.28382090    389.17646628      3.18581033      0.49083488
 25705.28882340    389.02499117      3.18705079      0.48312083
 25715.29382590    388.87363393      3.18829125      0.47505937
 25725.29882840    388.72239441      3.18953171      0.46667480
 25735.30383090    388.57127249      3.19077218      0.45799222
 25745.30883340    388.42026803      3.19201264      0.44903743
 25755.31383590    388.26938089      3.19325310      0.43983682
 25765.31883840    388.11861092      3.19449357      0.43041719
 25775.32384091    387.96795801      3.19573403      0.42080570
 25785.32884341    387.81742200      3.19697449      0.41102968
 25795.33384591    387.66700277      3.19821495      0.40111656
 25805.33884841    387.51670018      3.19945542      0.39109372
 25815.34385091    387.36651409      3.20069588      0.38098841
 25825.34885341    387.21644437      3.20193634      0.37082762
 25835.35385591    387.06649088      3.20317680      0.36063800
 25845.35885841    386.91665348      3.20441727      0.35044574
 25855.36386092    386.76693205      3.20565773      0.34027650
 25865.36886342    386.61732645      3.20689819      0.33015532
 25875.37386592    386.46783654      3.20813865      0.32010657
 25885.37886842    386.31846219      3.20937912      0.31015385
 25895.38387092    386.16920326      3.21061958      0.30031996
 25905.38887342    386.02005963      3.21186004      0.29062684
 25915.39387592    385.87103115      3.21310051      0.28109552
 25925.39887842    385.72211770      3.21434097      0.27174611
 25935.40388093    385.57331914      3.21558143      0.26259775
 25945.40888343    385.42463534      3.21682189      0.25366861
 25955.41388593    385.27606616      3.21806236      0.24497587
 25965.41888843    385.12761148      3.21930282      0.23653571
 25975.42389093    384.97927116      3.22054328      0.22836334
 25985.42889343    384.83104507      3.22178374      0.22047297
 25995.43389593    384.68293307      3.22302421      0.21287786
 26005.43889843    384.53493504      3.22426467      0.20559032
 26015.44390094    384.38705085      3.22550513      0.19862174
 26025.44890344    384.23928036      3.22674559      0.19198260
 26035.45390594    384.09162343      3.22798606      0.18568251
 26045.45890844    383.94407995      3.22922652      0.17973028
 26055.46391094    383.79664978      3.23046698      0.17413387
 26065.46891344    383.64933279      3.23170745      0.16890050
 26075.47391594    383.50212885      3.23294791      0.16403663
 26085.47891844    383.35503783      3.23418837      0.15954805
 26095.48392095    383.20805960      3.23542883      0.15543984
 26105.48892345    383.06119402      3.23666930      0.15171645
 26115.49392595    382.91444098      3.23790976      0.14838173
 26125.49892845    382.76780034      3.23915022      0.14543891
 26135.50393095    382.62127197      3.24039068      0.14289067
 26145.50893345    382.47485574      3.24163115      0.14073913
 26155.51393595    382.32855153      3.24287161      0.13898590
 26165.51893845    382.18235920      3.24411207      0.13763204
 26175.52394096    382.03627863      3.24535253      0.13667814
 26185.52894346    381.89030969      3.24659300      0.13612426
 26195.53394596    381.74445225      3.24783346      0.13596999
 26205.53894846    381.59870618      3.24907392      0.13621445
 26215.54395096    381.45307136      3.25031439      0.13685626
 26225.54895346    381.30754766      3.25155485      0.13789359
 26235.55395596    381.16213496      3.25279531      0.13932416
 26245.55895846    381.01683311      3.25403577      0.14114523
 26255.56396097    380.87164201      3.25527624      0.14335363
 26265.56896347    380.72656151      3.25651670      0.14594576
 26275.57396597    380.58159150      3.25775716      0.14891764
 26285.57896847    380.43673185      3.25899762      0.15226491
 26295.58397097    380.29198243      3.26023809      0.15598285
 26305.58897347    380.14734312      3.26147855      0.16006646
 26315.59397597    380.00281380      3.26271901      0.16451046
 26325.59897847    379.85839432      3.26395947      0.16930936
 26335.60398098    379.71408458      3.26519994      0.17445750
 26345.60898348    379.56988445      3.26644040      0.17994913
 26355.61398598    379.42579380      3.26768086      0.18577846
 26365.61898848    379.28181250      3.26892133      0.19193973
 26375.62399098    379.13794043      3.27016179      0.19842730
 26385.62899348    378.99417748      3.27140225      0.20523572
 26395.63399598    378.85052350      3.27264271      0.21235981
 26405.63899848    378.70697839      3.27388318      0.21979473
 26415.64400099    378.56354201      3.27512364      0.22753608
 26425.64900349    378.42021425      3.27636410      0.23557994
 26435.65400599    378.27699498      3.27760456      0.24392300
 26445.65900849    378.13388407      3.27884503      0.25256253
 26455.66401099    377.99088140      3.28008549      0.26149655
 26465.66901349    377.84798686      3.28132595      0.27072374
 26475.67401599    377.70520031      3.28256641      0.28024360
 26485.67901849    377.56252164      3.28380688      0.29005635
 26495.68402100    377.41995072      3.28504734      0.30016302
 26505.68902350    377.27748744      3.28628780      0.31056534
 26515.69402600    377.13513166      3.28752827      0.32126577
 26525.69902850    376.99288327      3.28876873      0.33226740
 26535.70403100    376.85074215      3.29000919      0.34357386
 26545.70903350    376.70870817      3.29124965      0.35518925
 26555.71403600    376.56678122      3.29249012      0.36711794
 26565.71903850    376.42496117      3.29373058      0.37936450
 26575.72404101    376.28324791      3.29497104      0.39193346
 26585.72904351    376.14164130      3.29621150      0.40482915
 26595.73404601    376.00014124      3.29745197      0.41805545
 26605.73904851    375.85874759      3.29869243      0.43161564
 26615.74405101    375.71746025      3.29993289      0.44551203
 26625.74905351    375.57627909      3.30117335      0.45974584
 26635.75405601    375.43520400      3.30241382      0.47431682
 26645.75905851    375.29423484      3.30365428      0.48922306
 26655.76406102    375.15337151      3.30489474      0.50446069
 26665.76906352    375.01261388      3.30613521      0.52002360
 26675.77406602    374.87196183      3.30737567      0.53590322
 26685.77906852    374.73141526      3.30861613      0.55208822
 26695.78407102    374.59097403      3.30985659      0.56856434
 26705.78907352    374.45063803      3.31109706      0.58531414
 26715.79407602    374.31040714      3.31233752      0.60231680
 26725.79907852    374.17028124      3.31357798      0.61954803
 26735.80408103    374.03026022      3.31481844      0.63697988
 26745.80908353    373.89034395      3.31605891      0.65458067
 26755.81408603    373.75053233      3.31729937      0.67231498
 26765.81908853    373.61082523      3.31853983      0.69014360
 26775.82409103    373.47122253      3.31978029      0.70802358
 26785.82909353    373.33172412      3.32102076      0.72590832
 26795.83409603    373.19232989      3.32226122      0.74374773
 26805.83909853    373.05303971      3.32350168      0.76148835
 26815.84410104    372.91385346      3.32474215      0.77907362
 26825.84910354    372.77477104      3.32598261      0.79644416
 26835.85410604    372.63579233      3.32722307      0.81353806
 26845.85910854    372.49691720      3.32846353      0.83029125
 26855.86411104    372.35814555      3.32970400      0.84663790
 26865.86911354    372.21947726      3.33094446      0.86251086
 26875.87411604    372.08091221      3.33218492      0.87784215
 26885.87911854    371.94245029      3.33342538      0.89256339
 26895.88412105    371.80409138      3.33466585      0.90660638
 26905.88912355    371.66583537      3.33590631      0.91990361
 26915.89412605    371.52768215      3.33714677      0.93238881
 26925.89912855    371.38963159      3.33838723      0.94399746
 26935.90413105    371.25168359      3.33962770      0.95466739
 26945.90913355    371.11383802      3.34086816      0.96433929
 26955.91413605    370.97609479      3.34210862      0.97295722
 26965.91913855    370.83845376      3.34334909      0.98046913
 26975.92414106    370.70091483      3.34458955      0.98682733
 26985.92914356    370.56347789      3.34583001      0.99198892
 26995.93414606    370.42614282      3.34707047      0.99591618
 27005.93914856    370.28890951      3.34831094      0.99857696
 27015.94415106    370.15177784      3.34955140      0.99994496
 27025.94915356    370.01474771      3.35079186      1.00000000
 27035.95415606    369.87781899      3.35203232      0.99872823
 27045.95915856    369.74099158      3.35327279      0.99612225
 27055.96416107    369.60426537      3.35451325      0.99218123
 27065.96916357    369.46764024      3.35575371      0.98691091
 27075.97416607    369.33111608      3.35699417      0.98032360
 27085.97916857    369.19469277      3.35823464      0.97243805
 27095.98417107    369.05837022      3.35947510      0.96327936
 27105.98917357    368.92214830      3.36071556      0.95287873
 27115.99417607    368.78602690      3.36195603      0.94127324
 27125.99917857    368.65000591      3.36319649      0.92850553
 27136.00418108    368.51408523      3.36443695      0.91462349
 27146.00918358    368.37826474      3.36567741      0.89967985
 27156.01418608    368.24254432      3.36691788      0.88373180
 27166.01918858    368.10692388      3.36815834      0.86684052
 27176.02419108    367.97140330      3.36939880      0.84907071
 27186.02919358    367.83598246      3.37063926      0.83049015
 27196.03419608    367.70066126      3.37187973      0.81116916
 27206.03919858    367.56543959      3.37312019      0.79118016
 27216.04420109    367.43031734      3.37436065      0.77059710
 27226.04920359    367.29529440      3.37560111      0.74949502
 27236.05420609    367.16037066      3.37684158      0.72794953
 27246.05920859    367.02554601      3.37808204      0.70603636
 27256.06421109    366.89082034      3.37932250      0.68383089
 27266.06921359    366.75619354      3.38056297      0.66140772
 27276.07421609    366.62166551      3.38180343      0.63884025
 27286.07921859    366.48723613      3.38304389      0.61620032
 27296.08422110    366.35290530      3.38428435      0.59355782
 27306.08922360    366.21867290      3.38552482      0.57098036
 27316.09422610    366.08453884      3.38676528      0.54853300
 27326.09922860    365.95050299      3.38800574      0.52627798
 27336.10423110    365.81656527      3.38924620      0.50427446
 27346.10923360    365.68272554      3.39048667      0.48257834
 27356.11423610    365.54898372      3.39172713      0.46124210
 27366.11923860    365.41533969      3.39296759      0.44031463
 27376.12424111    365.28179334      3.39420805      0.41984113
 27386.12924361    365.14834457      3.39544852      0.39986308
 27396.13424611    365.01499327      3.39668898      0.38041811
 27406.13924861    364.88173934      3.39792944      0.36154004
 27416.14425111    364.74858266      3.39916991      0.34325888
 27426.14925361    364.61552313      3.40041037      0.32560084
 27436.15425611    364.48256065      3.40165083      0.30858839
 27446.15925861    364.34969510      3.40289129      0.29224038
 27456.16426112    364.21692639      3.40413176      0.27657209
 27466.16926362    364.08425440      3.40537222      0.26159537
 27476.17426612    363.95167903      3.40661268      0.24731882
 27486.17926862    363.81920018      3.40785314      0.23374792
 27496.18427112    363.68681774      3.40909361      0.22088518
 27506.18927362    363.55453160      3.41033407      0.20873042
 27516.19427612    363.42234167      3.41157453      0.19728088
 27526.19927862    363.29024782      3.41281499      0.18653153
 27536.20428113    363.15824997      3.41405546      0.17647523
 27546.20928363    363.02634800      3.41529592      0.16710300
 27556.21428613    362.89454182      3.41653638      0.15840425
 27566.21928863    362.76283131      3.41777685      0.15036705
 27576.22429113    362.63121637      3.41901731      0.14297834
 27586.22929363    362.49969690      3.42025777      0.13622419
 27596.23429613    362.36827280      3.42149823      0.13009004
 27606.23929863    362.23694395      3.42273870      0.12456092
 27616.24430114    362.10571027      3.42397916      0.11962168
 27626.24930364    361.97457164      3.42521962      0.11525717
 27636.25430614    361.84352795      3.42646008      0.11145244
 27646.25930864    361.71257912      3.42770055      0.10819291
 27656.26431114    361.58172503      3.42894101      0.10546451
 27666.26931364    361.45096559      3.43018147      0.10325379
 27676.27431614    361.32030068      3.43142193      0.10154805
 27686.27931864    361.18973021      3.43266240      0.10033535
 27696.28432115    361.05925407      3.43390286      0.09960460
 27706.28932365    360.92887217      3.43514332      0.09934554
 27716.29432615    360.79858440      3.43638379      0.09954873
 27726.29932865    360.66839065      3.43762425      0.10020552
 27736.30433115    360.53829083      3.43886471      0.10130794
 27746.30933365    360.40828484      3.44010517      0.10284864
 27756.31433615    360.27837257      3.44134564      0.10482077
 27766.31933865    360.14855392      3.44258610      0.10721781
 27776.32434116    360.01882880      3.44382656      0.11003344
 27786.32934366    359.88919709      3.44506702      0.11326138
 27796.33434616    359.75965870      3.44630749      0.11689522
 27806.33934866    359.63021354      3.44754795      0.12092825
 27816.34435116    359.50086148      3.44878841      0.12535326
 27826.34935366    359.37160245      3.45002887      0.13016246
 27836.35435616    359.24243633      3.45126934      0.13534726
 27846.35935866    359.11336304      3.45250980      0.14089822
 27856.36436117    358.98438245      3.45375026      0.14680489
 27866.36936367    358.85549449      3.45499073      0.15305579
 27876.37436617    358.72669904      3.45623119      0.15963841
 27886.37936867    358.59799601      3.45747165      0.16653912
 27896.38437117    358.46938530      3.45871211      0.17374335
 27906.38937367    358.34086681      3.45995258      0.18123558
 27916.39437617    358.21244043      3.46119304      0.18899953
 27926.39937867    358.08410608      3.46243350      0.19701836
 27936.40438118    357.95586365      3.46367396      0.20527483
 27946.40938368    357.82771305      3.46491443      0.21375163
 27956.41438618    357.69965416      3.46615489      0.22243164
 27966.41938868    357.57168691      3.46739535      0.23129826
 27976.42439118    357.44381118      3.46863581      0.24033579
 27986.42939368    357.31602688      3.46987628      0.24952976
 27996.43439618    357.18833392      3.47111674      0.25886733
 28006.43939868    357.06073218      3.47235720      0.26833765
 28016.44440119    356.93322159      3.47359767      0.27793222
 28026.44940369    356.80580203      3.47483813      0.28764521
 28036.45440619    356.67847342      3.47607859      0.29747381
 28046.45940869    356.55123564      3.47731905      0.30741843
 28056.46441119    356.42408862      3.47855952      0.31748292
 28066.46941369    356.29703224      3.47979998      0.32767473
 28076.47441619    356.17006642      3.48104044      0.33800492
 28086.47941869    356.04319105      3.48228090      0.34848818
 28096.48442120    355.91640604      3.48352137      0.35914270
 28106.48942370    355.78971130      3.48476183      0.36998996
 28116.49442620    355.66310672      3.48600229      0.38105441
 28126.49942870    355.53659221      3.48724275      0.39236311
 28136.50443120    355.41016767      3.48848322      0.40394517
 28146.50943370    355.28383301      3.48972368      0.41583120
 28156.51443620    355.15758814      3.49096414      0.42805257
 28166.51943870    355.03143295      3.49220461      0.44064070
 28176.52444121    354.90536735      3.49344507      0.45362619
 28186.52944371    354.77939125      3.49468553      0.46703790
 28196.53444621    354.65350455      3.49592599      0.48090206
 28206.53944871    354.52770716      3.49716646      0.49524127
 28216.54445121    354.40199897      3.49840692      0.51007353
 28226.54945371    354.27637990      3.49964738      0.52541129
 28236.55445621    354.15084985      3.50088784      0.54126050
 28246.55945871    354.02540873      3.50212831      0.55761974
 28256.56446122    353.90005644      3.50336877      0.57447941
 28266.56946372    353.77479288      3.50460923      0.59182103
 28276.57446622    353.64961797      3.50584969      0.60961660
 28286.57946872    353.52453161      3.50709016      0.62782818
 28296.58447122    353.39953371      3.50833062      0.64640752
 28306.58947372    353.27462416      3.50957108      0.66529592
 28316.59447622    353.14980288      3.51081155      0.68442423
 28326.59947872    353.02506978      3.51205201      0.70371302
 28336.60448123    352.90042476      3.51329247      0.72307298
 28346.60948373    352.77586772      3.51453293      0.74240545
 28356.61448623    352.65139858      3.51577340      0.76160314
 28366.61948873    352.52701724      3.51701386      0.78055109
 28376.62449123    352.40272361      3.51825432      0.79912771
 28386.62949373    352.27851760      3.51949478      0.81720601
 28396.63449623    352.15439910      3.52073525      0.83465501
 28406.63949873    352.03036804      3.52197571      0.85134117
 28416.64450124    351.90642432      3.52321617      0.86713001
 28426.64950374    351.78256784      3.52445663      0.88188774
 28436.65450624    351.65879852      3.52569710      0.89548295
 28446.65950874    351.53511626      3.52693756      0.90778831
 28456.66451124    351.41152097      3.52817802      0.91868228
 28466.66951374    351.28801256      3.52941849      0.92805070
 28476.67451624    351.16459093      3.53065895      0.93578844
 28486.67951874    351.04125600      3.53189941      0.94180079
 28496.68452125    350.91800768      3.53313987      0.94600488
 28506.68952375    350.79484586      3.53438034      0.94833081
 28516.69452625    350.67177047      3.53562080      0.94872271
 28526.69952875    350.54878141      3.53686126      0.94713958
 28536.70453125    350.42587860      3.53810172      0.94355592
 28546.70953375    350.30306193      3.53934219      0.93796213
 28556.71453625    350.18033132      3.54058265      0.93036475
 28566.71953875    350.05768667      3.54182311      0.92078641
 28576.72454126    349.93512791      3.54306358      0.90926562
 28586.72954376    349.81265493      3.54430404      0.89585629
 28596.73454626    349.69026766      3.54554450      0.88062708
 28606.73954876    349.56796599      3.54678496      0.86366057
 28616.74455126    349.44574984      3.54802543      0.84505221
 28626.74955376    349.32361911      3.54926589      0.82490916
 28636.75455626    349.20157373      3.55050635      0.80334898
 28646.75955876    349.07961360      3.55174681      0.78049817
 28656.76456127    348.95773862      3.55298728      0.75649071
 28666.76956377    348.83594872      3.55422774      0.73146646
 28676.77456627    348.71424380      3.55546820      0.70556957
 28686.77956877    348.59262378      3.55670866      0.67894687
 28696.78457127    348.47108856      3.55794913      0.65174625
 28706.78957377    348.34963805      3.55918959      0.62411518
 28716.79457627    348.22827217      3.56043005      0.59619915
 28726.79957877    348.10699083      3.56167052      0.56814030
 28736.80458128    347.98579394      3.56291098      0.54007612
 28746.80958378    347.86468142      3.56415144      0.51213826
 28756.81458628    347.74365316      3.56539190      0.48445146
 28766.81958878    347.62270910      3.56663237      0.45713269
 28776.82459128    347.50184913      3.56787283      0.43029029
 28786.82959378    347.38107317      3.56911329      0.40402343
 28796.83459628    347.26038114      3.57035375      0.37842160
 28806.83959878    347.13977295      3.57159422      0.35356429
 28816.84460129    347.01924850      3.57283468      0.32952081
 28826.84960379    346.89880771      3.57407514      0.30635026
 28836.85460629    346.77845050      3.57531560      0.28410161
 28846.85960879    346.65817677      3.57655607      0.26281389
 28856.86461129    346.53798645      3.57779653      0.24251655
 28866.86961379    346.41787944      3.57903699      0.22322981
 28876.87461629    346.29785565      3.58027746      0.20496519
 28886.87961879    346.17791501      3.58151792      0.18772608
 28896.88462130    346.05805742      3.58275838      0.17150831
 28906.88962380    345.93828280      3.58399884      0.15630085
 28916.89462630    345.81859106      3.58523931      0.14208645
 28926.89962880    345.69898212      3.58647977      0.12884241
 28936.90463130    345.57945589      3.58772023      0.11654119
 28946.90963380    345.46001228      3.58896069      0.10515120
 28956.91463630    345.34065121      3.59020116      0.09463743
 28966.91963880    345.22137260      3.59144162      0.08496210
 28976.92464131    345.10217635      3.59268208      0.07608533
 28986.92964381    344.98306238      3.59392254      0.06796571
 28996.93464631    344.86403061      3.59516301      0.06056083
 29006.93964881    344.74508096      3.59640347      0.05382780
 29016.94465131    344.62621333      3.59764393      0.04772370
 29026.94965381    344.50742764      3.59888440      0.04220600
 29036.95465631    344.38872382      3.60012486      0.03723288
 29046.95965881    344.27010176      3.60136532      0.03276359
 29056.96466132    344.15156139      3.60260578      0.02875865
 29066.96966382    344.03310263      3.60384625      0.02518011
 29076.97466632    343.91472539      3.60508671      0.02199170
 29086.97966882    343.79642959      3.60632717      0.01915897
 29096.98467132    343.67821513      3.60756763      0.01664935
 29106.98967382    343.56008195      3.60880810      0.01443225
 29116.99467632    343.44202995      3.61004856      0.01247909
 29126.99967882    343.32405905      3.61128902      0.01076325
 29137.00468133    343.20616916      3.61252948      0.00926010
 29147.00968383    343.08836021      3.61376995      0.00794693
 29157.01468633    342.97063212      3.61501041      0.00680291
 29167.01968883    342.85298478      3.61625087      0.00580901
 29177.02469133    342.73541814      3.61749134      0.00494789
 29187.02969383    342.61793209      3.61873180      0.00420388
 29197.03469633    342.50052656      3.61997226      0.00356281
 29207.03969883    342.38320147      3.62121272      0.00301193
 29217.04470134    342.26595673      3.62245319      0.00253986
 29227.04970384    342.14879226      3.62369365      0.00213642
 29237.05470634    342.03170798      3.62493411      0.00179256
 29247.05970884    341.91470381      3.62617457      0.00150028
 29257.06471134    341.79777966      3.62741504      0.00125251
 29267.06971384    341.68093545      3.62865550      0.00104305
 29277.07471634    341.56417110      3.62989596      0.00086644
 29287.07971884    341.44748652      3.63113642      0.00071793
 29297.08472135    341.33088165      3.63237689      0.00059339
 29307.08972385    341.21435638      3.63361735      0.00048922
 29317.09472635    341.09791065      3.63485781      0.00040233
 29327.09972885    340.98154438      3.63609828      0.00033004
 29337.10473135    340.86525747      3.63733874      0.00027007
 29347.10973385    340.74904985      3.63857920      0.00022044
 29357.11473635    340.63292144      3.63981966      0.00017948
 29367.11973885    340.51687215      3.64106013      0.00014576
 29377.12474136    340.40090191      3.64230059      0.00011808
 29387.12974386    340.28501064      3.64354105      0.00009542
 29397.13474636    340.16919825      3.64478151      0.00007692
 29407.13974886    340.05346467      3.64602198      0.00006184
 29417.14475136    339.93780981      3.64726244      0.00004960
 29427.14975386    339.82223359      3.64850290      0.00003968
 29437.15475636    339.70673594      3.64974336      0.00003167
 29447.15975886    339.59131677      3.65098383      0.00002521
 29457.16476137    339.47597600      3.65222429      0.00002002
 29467.16976387    339.36071356      3.65346475      0.00001585
 29477.17476637    339.24552936      3.65470522      0.00001252
 29487.17976887    339.13042332      3.65594568      0.00000987
 29497.18477137    339.01539537      3.65718614      0.00000776
 29507.18977387    338.90044542      3.65842660      0.00000608
 29517.19477637    338.78557340      3.65966707      0.00000476
 29527.19977887    338.67077923      3.66090753      0.00000371
 29537.20478138    338.55606282      3.66214799      0.00000289
 29547.20978388    338.44142411      3.66338845      0.00000224
 29557.21478638    338.32686300      3.66462892      0.00000174
 29567.21978888    338.21237942      3.66586938      0.00000134
 29577.22479138    338.09797329      3.66710984      0.00000103
 29587.22979388    337.98364454      3.66835030      0.00000079
 29597.23479638    337.86939308      3.66959077      0.00000061
 29607.23979888    337.75521884      3.67083123      0.00000047
 29617.24480139    337.64112174      3.67207169      0.00000036
 29627.24980389    337.52710170      3.67331216      0.00000027
 29637.25480639    337.41315864      3.67455262      0.00000021
 29647.25980889    337.29929248      3.67579308      0.00000016
 29657.26481139    337.18550315      3.67703354      0.00000012
 29667.26981389    337.07179057      3.67827401      0.00000009
 29677.27481639    336.95815466      3.67951447      0.00000007
 29687.27981889    336.84459535      3.68075493      0.00000005
 29697.28482140    336.73111255      3.68199539      0.00000004
 29707.28982390    336.61770619      3.68323586      0.00000003
 29717.29482640    336.50437619      3.68447632      0.00000002
 29727.29982890    336.39112247      3.68571678      0.00000002
 29737.30483140    336.27794497      3.68695724      0.00000001
 29747.30983390    336.16484359      3.68819771      0.00000001
 29757.31483640    336.05181827      3.68943817      0.00000001
 29767.31983890    335.93886892      3.69067863      0.00000000
 29777.32484141    335.82599548      3.69191910      0.00000000
 29787.32984391    335.71319786      3.69315956      0.00000000
 29797.33484641    335.60047599      3.69440002      0.00000000
 29807.33984891    335.48782979      3.69564048      0.00000000
 29817.34485141    335.37525918      3.69688095      0.00000000
 29827.34985391    335.26276409      3.69812141      0.00000000
 29837.35485641    335.15034445      3.69936187      0.00000000
 29847.35985891    335.03800017      3.70060233      0.00000000
 29857.36486142    334.92573119      3.70184280      0.00000000
 29867.36986392    334.81353742      3.70308326      0.00000000
 29877.37486642    334.70141879      3.70432372      0.00000000
 29887.37986892    334.58937523      3.70556418      0.00000000
 29897.38487142    334.47740666      3.70680465      0.00000000
 29907.38987392    334.36551300      3.70804511      0.00000000
 29917.39487642    334.25369418      3.70928557      0.00000000
 29927.39987892    334.14195012      3.71052604      0.00000000
 29937.40488143    334.03028075      3.71176650      0.00000000
 29947.40988393    333.91868600      3.71300696      0.00000000
 29957.41488643    333.80716579      3.71424742      0.00000000
 29967.41988893    333.69572004      3.71548789      0.00000000
 29977.42489143    333.58434868      3.71672835      0.00000000
 29987.42989393    333.47305164      3.71796881      0.00000000
 29997.43489643    333.36182884      3.71920927      0.00000000
 30007.43989893    333.25068021      3.72044974      0.00000000
 30017.44490144    333.13960567      3.72169020      0.00000000
 30027.44990394    333.02860515      3.72293066      0.00000000
 30037.45490644    332.91767857      3.72417112      0.00000000
 30047.45990894    332.80682586      3.72541159      0.00000000
 30057.46491144    332.69604696      3.72665205      0.00000000
 30067.46991394    332.58534177      3.72789251      0.00000000
 30077.47491644    332.47471024      3.72913298      0.00000000
 30087.47991894    332.36415228      3.73037344      0.00000000
 30097.48492145    332.25366783      3.73161390      0.00000000
 30107.48992395    332.14325681      3.73285436      0.00000000
 30117.49492645    332.03291914      3.73409483      0.00000000
 30127.49992895    331.92265476      3.73533529      0.00000000
 30137.50493145    331.81246358      3.73657575      0.00000000
 30147.50993395    331.70234555      3.73781621      0.00000000
 30157.51493645    331.59230058      3.73905668      0.00000000
 30167.51993895    331.48232860      3.74029714      0.00000000
 30177.52494146    331.37242955      3.74153760      0.00000000
 30187.52994396    331.26260334      3.74277806      0.00000000
 30197.53494646    331.15284990      3.74401853      0.00000000
 30207.53994896    331.04316917      3.74525899      0.00000000
 30217.54495146    330.93356107      3.74649945      0.00000000
 30227.54995396    330.82402553      3.74773992      0.00000000
 30237.55495646    330.71456247      3.74898038      0.00000000
 30247.55995896    330.60517183      3.75022084      0.00000000
 30257.56496147    330.49585353      3.75146130      0.00000000
 30267.56996397    330.38660750      3.75270177      0.00000000
 30277.57496647    330.27743367      3.75394223      0.00000000
 30287.57996897    330.16833196      3.75518269      0.00000000
 30297.58497147    330.05930232      3.75642315      0.00000000
 30307.58997397    329.95034466      3.75766362      0.00000000
 30317.59497647    329.84145891      3.75890408      0.00000000
 30327.59997897    329.73264500      3.76014454      0.00000000
 30337.60498148    329.62390287      3.76138500      0.00000000
 30347.60998398    329.51523243      3.76262547      0.00000000
 30357.61498648    329.40663363      3.76386593      0.00000000
 30367.61998898    329.29810638      3.76510639      0.00000000
 30377.62499148    329.18965062      3.76634686      0.00000000
 30387.62999398    329.08126628      3.76758732      0.00000000
 30397.63499648    328.97295328      3.76882778      0.00000000
 30407.63999898    328.86471156      3.77006824      0.00000000
 30417.64500149    328.75654105      3.77130871      0.00000000
 30427.65000399    328.64844167      3.77254917      0.00000000
 30437.65500649    328.54041336      3.77378963      0.00000000
 30447.66000899    328.43245605      3.77503009      0.00000000
 30457.66501149    328.32456965      3.77627056      0.00000000
 30467.67001399    328.21675412      3.77751102      0.00000000
 30477.67501649    328.10900937      3.77875148      0.00000000
 30487.68001899    328.00133534      3.77999194      0.00000000
 30497.68502150    327.89373195      3.78123241      0.00000000
 30507.69002400    327.78619914      3.78247287      0.00000000
 30517.69502650    327.67873684      3.78371333      0.00000000
 30527.70002900    327.57134498      3.78495380      0.00000000
 30537.70503150    327.46402348      3.78619426      0.00000000
 30547.71003400    327.35677229      3.78743472      0.00000000
 30557.71503650    327.24959133      3.78867518      0.00000000
 30567.72003900    327.14248053      3.78991565      0.00000000
 30577.72504151    327.03543982      3.79115611      0.00000000
 30587.73004401    326.92846913      3.79239657      0.00000000
 30597.73504651    326.82156841      3.79363703      0.00000000
 30607.74004901    326.71473757      3.79487750      0.00000000
 30617.74505151    326.60797654      3.79611796      0.00000000
 30627.75005401    326.50128527      3.79735842      0.00000000
 30637.75505651    326.39466368      3.79859888      0.00000000
 30647.76005901    326.28811170      3.79983935      0.00000000
 30657.76506152    326.18162927      3.80107981      0.00000000
 30667.77006402    326.07521632      3.80232027      0.00000000
 30677.77506652    325.96887277      3.80356074      0.00000000
 30687.78006902    325.86259857      3.80480120      0.00000000
 30697.78507152    325.75639364      3.80604166      0.00000000
 30707.79007402    325.65025791      3.80728212      0.00000000
 30717.79507652    325.54419133      3.80852259      0.00000000
 30727.80007902    325.43819381      3.80976305      0.00000000
 30737.80508153    325.33226530      3.81100351      0.00000000
 30747.81008403    325.22640573      3.81224397      0.00000000
 30757.81508653    325.12061502      3.81348444      0.00000000
 30767.82008903    325.01489311      3.81472490      0.00000000
 30777.82509153    324.90923994      3.81596536      0.00000000
 30787.83009403    324.80365544      3.81720582      0.00000000
 30797.83509653    324.69813954      3.81844629      0.00000000
 30807.84009903    324.59269217      3.81968675      0.00000000
 30817.84510154    324.48731326      3.82092721      0.00000000
 30827.85010404    324.38200276      3.82216768      0.00000000
 30837.85510654    324.27676059      3.82340814      0.00000000
 30847.86010904    324.17158669      3.82464860      0.00000000
 30857.86511154    324.06648099      3.82588906      0.00000000
 30867.87011404    323.96144342      3.82712953      0.00000000
 30877.87511654    323.85647393      3.82836999      0.00000000
 30887.88011904    323.75157243      3.82961045      0.00000000
 30897.88512155    323.64673887      3.83085091      0.00000000
 30907.89012405    323.54197318      3.83209138      0.00000000
 30917.89512655    323.43727529      3.83333184      0.00000000
 30927.90012905    323.33264515      3.83457230      0.00000000
 30937.90513155    323.22808267      3.83581276      0.00000000
 30947.91013405    323.12358781      3.83705323      0.00000000
 30957.91513655    323.01916048      3.83829369      0.00000000
 30967.92013905    322.91480063      3.83953415      0.00000000
 30977.92514156    322.81050819      3.84077462      0.00000000
 30987.93014406    322.70628309      3.84201508      0.00000000
 30997.93514656    322.60212528      3.84325554      0.00000000
 31007.94014906    322.49803468      3.84449600      0.00000000
 31017.94515156    322.39401123      3.84573647      0.00000000
 31027.95015406    322.29005487      3.84697693      0.00000000
 31037.95515656    322.18616552      3.84821739      0.00000000
 31047.96015906    322.08234313      3.84945785      0.00000000
 31057.96516157    321.97858764      3.85069832      0.00000000
 31067.97016407    321.87489896      3.85193878      0.00000000
 31077.97516657    321.77127705      3.85317924      0.00000000
 31087.98016907    321.66772184      3.85441970      0.00000000
 31097.98517157    321.56423326      3.85566017      0.00000000
 31107.99017407    321.46081125      3.85690063      0.00000000
 31117.99517657    321.35745574      3.85814109      0.00000000
 31128.00017907    321.25416667      3.85938156      0.00000000
 31138.00518158    321.15094398      3.86062202      0.00000000
 31148.01018408    321.04778760      3.86186248      0.00000000
 31158.01518658    320.94469746      3.86310294      0.00000000
 31168.02018908    320.84167351      3.86434341      0.00000000
 31178.02519158    320.73871569      3.86558387      0.00000000
 31188.03019408    320.63582392      3.86682433      0.00000000
 31198.03519658    320.53299814      3.86806479      0.00000000
 31208.04019908    320.43023829      3.86930526      0.00000000
 31218.04520159    320.32754431      3.87054572      0.00000000
 31228.05020409    320.22491613      3.87178618      0.00000000
 31238.05520659    320.12235369      3.87302664      0.00000000
 31248.06020909    320.01985693      3.87426711      0.00000000
 31258.06521159    319.91742579      3.87550757      0.00000000
 31268.07021409    319.81506019      3.87674803      0.00000000
 31278.07521659    319.71276008      3.87798850      0.00000000
 31288.08021909    319.61052540      3.87922896      0.00000000
 31298.08522160    319.50835608      3.88046942      0.00000000
 31308.09022410    319.40625206      3.88170988      0.00000000
 31318.09522660    319.30421327      3.88295035      0.00000000
 31328.10022910    319.20223967      3.88419081      0.00000000
 31338.10523160    319.10033117      3.88543127      0.00000000
 31348.11023410    318.99848772      3.88667173      0.00000000
 31358.11523660    318.89670926      3.88791220      0.00000000
 31368.12023910    318.79499573      3.88915266      0.00000000
 31378.12524161    318.69334706      3.89039312      0.00000000
 31388.13024411    318.59176319      3.89163358      0.00000000
 31398.13524661    318.49024406      3.89287405      0.00000000
 31408.14024911    318.38878960      3.89411451      0.00000000
 31418.14525161    318.28739977      3.89535497      0.00000000
 31428.15025411    318.18607448      3.89659544      0.00000000
 31438.15525661    318.08481369      3.89783590      0.00000000
 31448.16025911    317.98361733      3.89907636      0.00000000
 31458.16526162    317.88248534      3.90031682      0.00000000
 31468.17026412    317.78141766      3.90155729      0.00000000
 31478.17526662    317.68041422      3.90279775      0.00000000
 31488.18026912    317.57947497      3.90403821      0.00000000
 31498.18527162    317.47859984      3.90527867      0.00000000
 31508.19027412    317.37778878      3.90651914      0.00000000
 31518.19527662    317.27704172      3.90775960      0.00000000
 31528.20027912    317.17635859      3.90900006      0.00000000
 31538.20528163    317.07573935      3.91024052      0.00000000
 31548.21028413    316.97518393      3.91148099      0.00000000
 31558.21528663    316.87469227      3.91272145      0.00000000
 31568.22028913    316.77426431      3.91396191      0.00000000
 31578.22529163    316.67389998      3.91520238      0.00000000
 31588.23029413    316.57359923      3.91644284      0.00000000
 31598.23529663    316.47336200      3.91768330      0.00000000
 31608.24029913    316.37318822      3.91892376      0.00000000
 31618.24530164    316.27307784      3.92016423      0.00000000
 31628.25030414    316.17303080      3.92140469      0.00000000
 31638.25530664    316.07304703      3.92264515      0.00000000
 31648.26030914    315.97312648      3.92388561      0.00000000
 31658.26531164    315.87326909      3.92512608      0.00000000
 31668.27031414    315.77347479      3.92636654      0.00000000
 31678.27531664    315.67374352      3.92760700      0.00000000
 31688.28031914    315.57407524      3.92884746      0.00000000
 31698.28532165    315.47446987      3.93008793      0.00000000
 31708.29032415    315.37492736      3.93132839      0.00000000
 31718.29532665    315.27544764      3.93256885      0.00000000
 31728.30032915    315.17603067      3.93380932      0.00000000
 31738.30533165    315.07667637      3.93504978      0.00000000
 31748.31033415    314.97738470      3.93629024      0.00000000
 31758.31533665    314.87815558      3.93753070      0.00000000
 31768.32033915    314.77898897      3.93877117      0.00000000
 31778.32534166    314.67988480      3.94001163      0.00000000
 31788.33034416    314.58084301      3.94125209      0.00000000
 31798.33534666    314.48186355      3.94249255      0.00000000
 31808.34034916    314.38294635      3.94373302      0.00000000
 31818.34535166    314.28409137      3.94497348      0.00000000
 31828.35035416    314.18529853      3.94621394      0.00000000
 31838.35535666    314.08656778      3.94745440      0.00000000
 31848.36035916    313.98789906      3.94869487      0.00000000
 31858.36536167    313.88929231      3.94993533      0.00000000
 31868.37036417    313.79074748      3.95117579      0.00000000
 31878.37536667    313.69226451      3.95241626      0.00000000
 31888.38036917    313.59384333      3.95365672      0.00000000
 31898.38537167    313.49548390      3.95489718      0.00000000
 31908.39037417    313.39718614      3.95613764      0.00000000
 31918.39537667    313.29895001      3.95737811      0.00000000
 31928.40037917    313.20077545      3.95861857      0.00000000
 31938.40538168    313.10266239      3.95985903      0.00000000
 31948.41038418    313.00461079      3.96109949      0.00000000
 31958.41538668    312.90662058      3.96233996      0.00000000
 31968.42038918    312.80869170      3.96358042      0.00000000
 31978.42539168    312.71082410      3.96482088      0.00000000
 31988.43039418    312.61301772      3.96606134      0.00000000
 31998.43539668    312.51527250      3.96730181      0.00000000
 32008.44039918    312.41758839      3.96854227      0.00000000
 32018.44540169    312.31996532      3.96978273      0.00000000
 32028.45040419    312.22240325      3.97102320      0.00000000
 32038.45540669    312.12490211      3.97226366      0.00000000
 32048.46040919    312.02746185      3.97350412      0.00000000
 32058.46541169    311.93008240      3.97474458      0.00000000
 32068.47041419    311.83276372      3.97598505      0.00000000
 32078.47541669    311.73550575      3.97722551      0.00000000
 32088.48041919    311.63830842      3.97846597      0.00000000
 32098.48542170    311.54117168      3.97970643      0.00000000
 32108.49042420    311.44409549      3.98094690      0.00000000
 32118.49542670    311.34707977      3.98218736      0.00000000
 32128.50042920    311.25012447      3.98342782      0.00000000
 32138.50543170    311.15322954      3.98466828      0.00000000
 32148.51043420    311.05639492      3.98590875      0.00000000
 32158.51543670    310.95962055      3.98714921      0.00000000
 32168.52043920    310.86290638      3.98838967      0.00000000
 32178.52544171    310.76625235      3.98963014      0.00000000
 32188.53044421    310.66965840      3.99087060      0.00000000
 32198.53544671    310.57312449      3.99211106      0.00000000
 32208.54044921    310.47665054      3.99335152      0.00000000
 32218.54545171    310.38023652      3.99459199      0.00000000
 32228.55045421    310.28388235      3.99583245      0.00000000
 32238.55545671    310.18758800      3.99707291      0.00000000
 32248.56045921    310.09135339      3.99831337      0.00000000
 32258.56546172    309.99517847      3.99955384      0.00000000
 32268.57046422    309.89906320      4.00079430      0.00000000
 32278.57546672    309.80300751      4.00203476      0.00000000
 32288.58046922    309.70701134      4.00327522      0.00000000
 32298.58547172    309.61107465      4.00451569      0.00000000
 32308.59047422    309.51519738      4.00575615      0.00000000
 32318.59547672    309.41937946      4.00699661      0.00000000
 32328.60047922    309.32362086      4.00823708      0.00000000
 32338.60548173    309.22792151      4.00947754      0.00000000
 32348.61048423    309.13228135      4.01071800      0.00000000
 32358.61548673    309.03670034      4.01195846      0.00000000
 32368.62048923    308.94117841      4.01319893      0.00000000
 32378.62549173    308.84571552      4.01443939      0.00000000
 32388.63049423    308.75031161      4.01567985      0.00000000
 32398.63549673    308.65496661      4.01692031      0.00000000
 32408.64049923    308.55968049      4.01816078      0.00000000
 32418.64550174    308.46445318      4.01940124      0.00000000
 32428.65050424    308.36928463      4.02064170      0.00000000
 32438.65550674    308.27417479      4.02188216      0.00000000
 32448.66050924    308.17912360      4.02312263      0.00000000
 32458.66551174    308.08413100      4.02436309      0.00000000
 32468.67051424    307.98919695      4.02560355      0.00000000
 32478.67551674    307.89432138      4.02684402      0.00000000
 32488.68051924    307.79950425      4.02808448      0.00000000
 32498.68552175    307.70474550      4.02932494      0.00000000
 32508.69052425    307.61004508      4.03056540      0.00000000
 32518.69552675    307.51540293      4.03180587      0.00000000
 32528.70052925    307.42081900      4.03304633      0.00000000
 32538.70553175    307.32629323      4.03428679      0.00000000
 32548.71053425    307.23182558      4.03552725      0.00000000
 32558.71553675    307.13741598      4.03676772      0.00000000
 32568.72053925    307.04306439      4.03800818      0.00000000
 32578.72554176    306.94877075      4.03924864      0.00000000
 32588.73054426    306.85453501      4.04048910      0.00000000
 32598.73554676    306.76035711      4.04172957      0.00000000
 32608.74054926    306.66623700      4.04297003      0.00000000
 32618.74555176    306.57217463      4.04421049      0.00000000
 32628.75055426    306.47816995      4.04545096      0.00000000
 32638.75555676    306.38422290      4.04669142      0.00000000
 32648.76055926    306.29033342      4.04793188      0.00000000
 32658.76556177    306.19650148      4.04917234      0.00000000
 32668.77056427    306.10272700      4.05041281      0.00000000
 32678.77556677    306.00900995      4.05165327      0.00000000
 32688.78056927    305.91535027      4.05289373      0.00000000
 32698.78557177    305.82174789      4.05413419      0.00000000
 32708.79057427    305.72820279      4.05537466      0.00000000
 32718.79557677    305.63471489      4.05661512      0.00000000
 32728.80057927    305.54128415      4.05785558      0.00000000
 32738.80558178    305.44791051      4.05909604      0.00000000
 32748.81058428    305.35459393      4.06033651      0.00000000
 32758.81558678    305.26133435      4.06157697      0.00000000
 32768.82058928    305.16813171      4.06281743      0.00000000
 32778.82559178    305.07498597      4.06405790      0.00000000
 32788.83059428    304.98189708      4.06529836      0.00000000
 32798.83559678    304.88886497      4.06653882      0.00000000
 32808.84059928    304.79588961      4.06777928      0.00000000
 32818.84560179    304.70297094      4.06901975      0.00000000
 32828.85060429    304.61010890      4.07026021      0.00000000
 32838.85560679    304.51730344      4.07150067      0.00000000
 32848.86060929    304.42455452      4.07274113      0.00000000
 32858.86561179    304.33186208      4.07398160      0.00000000
 32868.87061429    304.23922607      4.07522206      0.00000000
 32878.87561679    304.14664644      4.07646252      0.00000000
 32888.88061929    304.05412313      4.07770298      0.00000000
 32898.88562180    303.96165610      4.07894345      0.00000000
 32908.89062430    303.86924530      4.08018391      0.00000000
 32918.89562680    303.77689066      4.08142437      0.00000000
 32928.90062930    303.68459215      4.08266484      0.00000000
 32938.90563180    303.59234971      4.08390530      0.00000000
 32948.91063430    303.50016329      4.08514576      0.00000000
 32958.91563680    303.40803283      4.08638622      0.00000000
 32968.92063930    303.31595829      4.08762669      0.00000000
 32978.92564181    303.22393962      4.08886715      0.00000000
 32988.93064431    303.13197677      4.09010761      0.00000000
 32998.93564681    303.04006967      4.09134807      0.00000000
 33008.94064931    302.94821830      4.09258854      0.00000000
 33018.94565181    302.85642258      4.09382900      0.00000000
 33028.95065431    302.76468248      4.09506946      0.00000000
 33038.95565681    302.67299794      4.09630992      0.00000000
 33048.96065931    302.58136892      4.09755039      0.00000000
 33058.96566182    302.48979535      4.09879085      0.00000000
 33068.97066432    302.39827720      4.10003131      0.00000000
 33078.97566682    302.30681440      4.10127178      0.00000000
 33088.98066932    302.21540692      4.10251224      0.00000000
 33098.98567182    302.12405470      4.10375270      0.00000000
 33108.99067432    302.03275769      4.10499316      0.00000000
 33118.99567682    301.94151583      4.10623363      0.00000000
 33129.00067932    301.85032909      4.10747409      0.00000000
 33139.00568183    301.75919741      4.10871455      0.00000000
 33149.01068433    301.66812074      4.10995501      0.00000000
 33159.01568683    301.57709903      4.11119548      0.00000000
 33169.02068933    301.48613223      4.11243594      0.00000000
 33179.02569183    301.39522030      4.11367640      0.00000000
 33189.03069433    301.30436317      4.11491686      0.00000000
 33199.03569683    301.21356081      4.11615733      0.00000000
 33209.04069933    301.12281316      4.11739779      0.00000000
 33219.04570184    301.03212017      4.11863825      0.00000000
 33229.05070434    300.94148179      4.11987872      0.00000000
 33239.05570684    300.85089799      4.12111918      0.00000000
 33249.06070934    300.76036869      4.12235964      0.00000000
 33259.06571184    300.66989386      4.12360010      0.00000000
 33269.07071434    300.57947345      4.12484057      0.00000000
 33279.07571684    300.48910741      4.12608103      0.00000000
 33289.08071934    300.39879569      4.12732149      0.00000000
 33299.08572185    300.30853823      4.12856195      0.00000000
 33309.09072435    300.21833500      4.12980242      0.00000000
 33319.09572685    300.12818594      4.13104288      0.00000000
 33329.10072935    300.03809100      4.13228334      0.00000000
 33339.10573185    299.94805014      4.13352380      0.00000000
 33349.11073435    299.85806330      4.13476427      0.00000000
 33359.11573685    299.76813044      4.13600473      0.00000000
 33369.12073935    299.67825151      4.13724519      0.00000000
 33379.12574186    299.58842646      4.13848566      0.00000000
 33389.13074436    299.49865524      4.13972612      0.00000000
 33399.13574686    299.40893781      4.14096658      0.00000000
 33409.14074936    299.31927411      4.14220704      0.00000000
 33419.14575186    299.22966409      4.14344751      0.00000000
 33429.15075436    299.14010772      4.14468797      0.00000000
 33439.15575686    299.05060493      4.14592843      0.00000000
 33449.16075936    298.96115569      4.14716889      0.00000000
 33459.16576187    298.87175995      4.14840936      0.00000000
 33469.17076437    298.78241765      4.14964982      0.00000000
 33479.17576687    298.69312874      4.15089028      0.00000000
 33489.18076937    298.60389319      4.15213074      0.00000000
 33499.18577187    298.51471095      4.15337121      0.00000000
 33509.19077437    298.42558195      4.15461167      0.00000000
 33519.19577687    298.33650617      4.15585213      0.00000000
 33529.20077937    298.24748354      4.15709260      0.00000000
 33539.20578188    298.15851403      4.15833306      0.00000000
 33549.21078438    298.06959758      4.15957352      0.00000000
 33559.21578688    297.98073415      4.16081398      0.00000000
 33569.22078938    297.89192369      4.16205445      0.00000000
 33579.22579188    297.80316615      4.16329491      0.00000000
 33589.23079438    297.71446148      4.16453537      0.00000000
 33599.23579688    297.62580965      4.16577583      0.00000000
 33609.24079938    297.53721059      4.16701630      0.00000000
 33619.24580189    297.44866427      4.16825676      0.00000000
 33629.25080439    297.36017064      4.16949722      0.00000000
 33639.25580689    297.27172964      4.17073768      0.00000000
 33649.26080939    297.18334124      4.17197815      0.00000000
 33659.26581189    297.09500538      4.17321861      0.00000000
 33669.27081439    297.00672203      4.17445907      0.00000000
 33679.27581689    296.91849112      4.17569954      0.00000000
 33689.28081939    296.83031262      4.17694000      0.00000000
 33699.28582190    296.74218648      4.17818046      0.00000000
 33709.29082440    296.65411265      4.17942092      0.00000000
 33719.29582690    296.56609109      4.18066139      0.00000000
 33729.30082940    296.47812174      4.18190185      0.00000000
 33739.30583190    296.39020457      4.18314231      0.00000000
 33749.31083440    296.30233952      4.18438277      0.00000000
 33759.31583690    296.21452656      4.18562324      0.00000000
 33769.32083940    296.12676563      4.18686370      0.00000000
 33779.32584191    296.03905668      4.18810416      0.00000000
 33789.33084441    295.95139968      4.18934462      0.00000000
 33799.33584691    295.86379457      4.19058509      0.00000000
 33809.34084941    295.77624131      4.19182555      0.00000000
 33819.34585191    295.68873985      4.19306601      0.00000000
 33829.35085441    295.60129015      4.19430648      0.00000000
 33839.35585691    295.51389216      4.19554694      0.00000000
 33849.36085941    295.42654584      4.19678740      0.00000000
 33859.36586192    295.33925114      4.19802786      0.00000000
 33869.37086442    295.25200801      4.19926833      0.00000000
 33879.37586692    295.16481640      4.20050879      0.00000000
 33889.38086942    295.07767628      4.20174925      0.00000000
 33899.38587192    294.99058760      4.20298971      0.00000000
 33909.39087442    294.90355031      4.20423018      0.00000000
 33919.39587692    294.81656436      4.20547064      0.00000000
 33929.40087942    294.72962971      4.20671110      0.00000000
 33939.40588193    294.64274632      4.20795156      0.00000000
 33949.41088443    294.55591414      4.20919203      0.00000000
 33959.41588693    294.46913312      4.21043249      0.00000000
 33969.42088943    294.38240322      4.21167295      0.00000000
 33979.42589193    294.29572440      4.21291342      0.00000000
 33989.43089443    294.20909661      4.21415388      0.00000000
 33999.43589693    294.12251979      4.21539434      0.00000000
 34009.44089943    294.03599392      4.21663480      0.00000000
 34019.44590194    293.94951894      4.21787527      0.00000000
 34029.45090444    293.86309481      4.21911573      0.00000000
 34039.45590694    293.77672149      4.22035619      0.00000000
 34049.46090944    293.69039892      4.22159665      0.00000000
 34059.46591194    293.60412707      4.22283712      0.00000000
 34069.47091444    293.51790589      4.22407758      0.00000000
 34079.47591694    293.43173533      4.22531804      0.00000000
 34089.48091944    293.34561536      4.22655850      0.00000000
 34099.48592195    293.25954592      4.22779897      0.00000000
 34109.49092445    293.17352697      4.22903943      0.00000000
 34119.49592695    293.08755847      4.23027989      0.00000000
 34129.50092945    293.00164038      4.23152036      0.00000000
 34139.50593195    292.91577264      4.23276082      0.00000000
 34149.51093445    292.82995522      4.23400128      0.00000000
 34159.51593695    292.74418806      4.23524174      0.00000000
 34169.52093945    292.65847114      4.23648221      0.00000000
 34179.52594196    292.57280439      4.23772267      0.00000000
 34189.53094446    292.48718778      4.23896313      0.00000000
 34199.53594696    292.40162127      4.24020359      0.00000000
 34209.54094946    292.31610481      4.24144406      0.00000000
 34219.54595196    292.23063835      4.24268452      0.00000000
 34229.55095446    292.14522185      4.24392498      0.00000000
 34239.55595696    292.05985528      4.24516544      0.00000000
 34249.56095946    291.97453858      4.24640591      0.00000000
 34259.56596197    291.88927171      4.24764637      0.00000000
 34269.57096447    291.80405462      4.24888683      0.00000000
 34279.57596697    291.71888728      4.25012730      0.00000000
 34289.58096947    291.63376964      4.25136776      0.00000000
 34299.58597197    291.54870166      4.25260822      0.00000000
 34309.59097447    291.46368329      4.25384868      0.00000000
 34319.59597697    291.37871449      4.25508915      0.00000000
 34329.60097947    291.29379522      4.25632961      0.00000000
 34339.60598198    291.20892543      4.25757007      0.00000000
 34349.61098448    291.12410508      4.25881053      0.00000000
 34359.61598698    291.03933412      4.26005100      0.00000000
 34369.62098948    290.95461252      4.26129146      0.00000000
 34379.62599198    290.86994023      4.26253192      0.00000000
 34389.63099448    290.78531721      4.26377238      0.00000000
 34399.63599698    290.70074342      4.26501285      0.00000000
 34409.64099948    290.61621880      4.26625331      0.00000000
 34419.64600199    290.53174332      4.26749377      0.00000000
 34429.65100449    290.44731694      4.26873424      0.00000000
 34439.65600699    290.36293962      4.26997470      0.00000000
 34449.66100949    290.27861130      4.27121516      0.00000000
 34459.66601199    290.19433195      4.27245562      0.00000000
 34469.67101449    290.11010153      4.27369609      0.00000000
 34479.67601699    290.02591998      4.27493655      0.00000000
 34489.68101949    289.94178728      4.27617701      0.00000000
 34499.68602200    289.85770338      4.27741747      0.00000000
 34509.69102450    289.77366823      4.27865794      0.00000000
 34519.69602700    289.68968179      4.27989840      0.00000000
 34529.70102950    289.60574402      4.28113886      0.00000000
 34539.70603200    289.52185489      4.28237932      0.00000000
 34549.71103450    289.43801433      4.28361979      0.00000000
 34559.71603700    289.35422232      4.28486025      0.00000000
 34569.72103950    289.27047881      4.28610071      0.00000000
 34579.72604201    289.18678377      4.28734118      0.00000000
 34589.73104451    289.10313713      4.28858164      0.00000000
 34599.73604701    289.01953888      4.28982210      0.00000000
 34609.74104951    288.93598895      4.29106256      0.00000000
 34619.74605201    288.85248732      4.29230303      0.00000000
 34629.75105451    288.76903394      4.29354349      0.00000000
 34639.75605701    288.68562877      4.29478395      0.00000000
 34649.76105951    288.60227176      4.29602441      0.00000000
 34659.76606202    288.51896287      4.29726488      0.00000000
 34669.77106452    288.43570207      4.29850534      0.00000000
 34679.77606702    288.35248931      4.29974580      0.00000000
 34689.78106952    288.26932455      4.30098626      0.00000000
 34699.78607202    288.18620774      4.30222673      0.00000000
 34709.79107452    288.10313886      4.30346719      0.00000000
 34719.79607702    288.02011784      4.30470765      0.00000000
 34729.80107952    287.93714466      4.30594812      0.00000000
 34739.80608203    287.85421928      4.30718858      0.00000000
 34749.81108453    287.77134164      4.30842904      0.00000000
 34759.81608703    287.68851172      4.30966950      0.00000000
 34769.82108953    287.60572946      4.31090997      0.00000000
 34779.82609203    287.52299483      4.31215043      0.00000000
 34789.83109453    287.44030778      4.31339089      0.00000000
 34799.83609703    287.35766829      4.31463135      0.00000000
 34809.84109953    287.27507629      4.31587182      0.00000000
 34819.84610204    287.19253176      4.31711228      0.00000000
 34829.85110454    287.11003465      4.31835274      0.00000000
 34839.85610704    287.02758493      4.31959320      0.00000000
 34849.86110954    286.94518254      4.32083367      0.00000000
 34859.86611204    286.86282745      4.32207413      0.00000000
 34869.87111454    286.78051963      4.32331459      0.00000000
 34879.87611704    286.69825902      4.32455506      0.00000000
 34889.88111954    286.61604559      4.32579552      0.00000000
 34899.88612205    286.53387930      4.32703598      0.00000000
 34909.89112455    286.45176010      4.32827644      0.00000000
 34919.89612705    286.36968796      4.32951691      0.00000000
 34929.90112955    286.28766284      4.33075737      0.00000000
 34939.90613205    286.20568469      4.33199783      0.00000000
 34949.91113455    286.12375348      4.33323829      0.00000000
 34959.91613705    286.04186916      4.33447876      0.00000000
 34969.92113955    285.96003170      4.33571922      0.00000000
 34979.92614206    285.87824105      4.33695968      0.00000000
 34989.93114456    285.79649718      4.33820014      0.00000000
 34999.93614706    285.71480004      4.33944061      0.00000000
 35009.94114956    285.63314959      4.34068107      0.00000000
 35019.94615206    285.55154580      4.34192153      0.00000000
 35029.95115456    285.46998862      4.34316200      0.00000000
 35039.95615706    285.38847802      4.34440246      0.00000000
 35049.96115956    285.30701395      4.34564292      0.00000000
 35059.96616207    285.22559638      4.34688338      0.00000000
 35069.97116457    285.14422526      4.34812385      0.00000000
 35079.97616707    285.06290056      4.34936431      0.00000000
 35089.98116957    284.98162223      4.35060477      0.00000000
 35099.98617207    284.90039023      4.35184523      0.00000000
 35109.99117457    284.81920454      4.35308570      0.00000000
 35119.99617707    284.73806509      4.35432616      0.00000000
 35130.00117957    284.65697187      4.35556662      0.00000000
 35140.00618208    284.57592482      4.35680708      0.00000000
 35150.01118458    284.49492392      4.35804755      0.00000000
 35160.01618708    284.41396911      4.35928801      0.00000000
 35170.02118958    284.33306036      4.36052847      0.00000000
 35180.02619208    284.25219762      4.36176894      0.00000000
 35190.03119458    284.17138087      4.36300940      0.00000000
 35200.03619708    284.09061007      4.36424986      0.00000000
 35210.04119958    284.00988516      4.36549032      0.00000000
 35220.04620209    283.92920612      4.36673079      0.00000000
 35230.05120459    283.84857290      4.36797125      0.00000000
 35240.05620709    283.76798547      4.36921171      0.00000000
 35250.06120959    283.68744378      4.37045217      0.00000000
 35260.06621209    283.60694780      4.37169264      0.00000000
 35270.07121459    283.52649749      4.37293310      0.00000000
 35280.07621709    283.44609280      4.37417356      0.00000000
 35290.08121959    283.36573371      4.37541402      0.00000000
 35300.08622210    283.28542017      4.37665449      0.00000000
 35310.09122460    283.20515215      4.37789495      0.00000000
 35320.09622710    283.12492959      4.37913541      0.00000000
 35330.10122960    283.04475248      4.38037588      0.00000000
 35340.10623210    282.96462076      4.38161634      0.00000000
 35350.11123460    282.88453440      4.38285680      0.00000000
 35360.11623710    282.80449336      4.38409726      0.00000000
 35370.12123960    282.72449760      4.38533773      0.00000000
 35380.12624211    282.64454709      4.38657819      0.00000000
 35390.13124461    282.56464178      4.38781865      0.00000000
 35400.13624711    282.48478163      4.38905911      0.00000000
 35410.14124961    282.40496662      4.39029958      0.00000000
 35420.14625211    282.32519669      4.39154004      0.00000000
 35430.15125461    282.24547182      4.39278050      0.00000000
 35440.15625711    282.16579196      4.39402096      0.00000000
 35450.16125961    282.08615708      4.39526143      0.00000000
 35460.16626212    282.00656713      4.39650189      0.00000000
 35470.17126462    281.92702209      4.39774235      0.00000000
 35480.17626712    281.84752190      4.39898282      0.00000000
 35490.18126962    281.76806654      4.40022328      0.00000000
 35500.18627212    281.68865597      4.40146374      0.00000000
 35510.19127462    281.60929014      4.40270420      0.00000000
 35520.19627712    281.52996902      4.40394467      0.00000000
 35530.20127962    281.45069258      4.40518513      0.00000000
 35540.20628213    281.37146077      4.40642559      0.00000000
 35550.21128463    281.29227355      4.40766605      0.00000000
 35560.21628713    281.21313090      4.40890652      0.00000000
 35570.22128963    281.13403277      4.41014698      0.00000000
 35580.22629213    281.05497912      4.41138744      0.00000000
 35590.23129463    280.97596992      4.41262790      0.00000000
 35600.23629713    280.89700512      4.41386837      0.00000000
 35610.24129963    280.81808470      4.41510883      0.00000000
 35620.24630214    280.73920862      4.41634929      0.00000000
 35630.25130464    280.66037683      4.41758976      0.00000000
 35640.25630714    280.58158930      4.41883022      0.00000000
 35650.26130964    280.50284599      4.42007068      0.00000000
 35660.26631214    280.42414687      4.42131114      0.00000000
 35670.27131464    280.34549189      4.42255161      0.00000000
 35680.27631714    280.26688103      4.42379207      0.00000000
 35690.28131964    280.18831424      4.42503253      0.00000000
 35700.28632215    280.10979148      4.42627299      0.00000000
 35710.29132465    280.03131273      4.42751346      0.00000000
 35720.29632715    279.95287794      4.42875392      0.00000000
 35730.30132965    279.87448707      4.42999438      0.00000000
 35740.30633215    279.79614010      4.43123484      0.00000000
 35750.31133465    279.71783697      4.43247531      0.00000000
 35760.31633715    279.63957766      4.43371577      0.00000000
 35770.32133965    279.56136213      4.43495623      0.00000000
 35780.32634216    279.48319034      4.43619670      0.00000000
 35790.33134466    279.40506226      4.43743716      0.00000000
 35800.33634716    279.32697784      4.43867762      0.00000000
 35810.34134966    279.24893706      4.43991808      0.00000000
 35820.34635216    279.17093987      4.44115855      0.00000000
 35830.35135466    279.09298624      4.44239901      0.00000000
 35840.35635716    279.01507613      4.44363947      0.00000000
 35850.36135966    278.93720951      4.44487993      0.00000000
 35860.36636217    278.85938634      4.44612040      0.00000000
 35870.37136467    278.78160658      4.44736086      0.00000000
 35880.37636717    278.70387020      4.44860132      0.00000000
 35890.38136967    278.62617715      4.44984178      0.00000000
 35900.38637217    278.54852741      4.45108225      0.00000000
 35910.39137467    278.47092094      4.45232271      0.00000000
 35920.39637717    278.39335771      4.45356317      0.00000000
 35930.40137967    278.31583766      4.45480364      0.00000000
 35940.40638218    278.23836078      4.45604410      0.00000000
 35950.41138468    278.16092702      4.45728456      0.00000000
 35960.41638718    278.08353635      4.45852502      0.00000000
 35970.42138968    278.00618873      4.45976549      0.00000000
 35980.42639218    277.92888413      4.46100595      0.00000000
 35990.43139468    277.85162250      4.46224641      0.00000000
 36000.43639718    277.77440382      4.46348687      0.00000000
 36010.44139968    277.69722805      4.46472734      0.00000000
 36020.44640219    277.62009515      4.46596780      0.00000000
 36030.45140469    277.54300509      4.46720826      0.00000000
 36040.45640719    277.46595783      4.46844872      0.00000000
 36050.46140969    277.38895333      4.46968919      0.00000000
 36060.46641219    277.31199157      4.47092965      0.00000000
 36070.47141469    277.23507250      4.47217011      0.00000000
 36080.47641719    277.15819608      4.47341058      0.00000000
 36090.48141969    277.08136229      4.47465104      0.00000000
 36100.48642220    277.00457109      4.47589150      0.00000000
 36110.49142470    276.92782244      4.47713196      0.00000000
 36120.49642720    276.85111631      4.47837243      0.00000000
 36130.50142970    276.77445266      4.47961289      0.00000000
 36140.50643220    276.69783146      4.48085335      0.00000000
 36150.51143470    276.62125267      4.48209381      0.00000000
 36160.51643720    276.54471625      4.48333428      0.00000000
 36170.52143970    276.46822218      4.48457474      0.00000000
 36180.52644221    276.39177041      4.48581520      0.00000000
 36190.53144471    276.31536091      4.48705566      0.00000000
 36200.53644721    276.23899364      4.48829613      0.00000000
 36210.54144971    276.16266858      4.48953659      0.00000000
 36220.54645221    276.08638569      4.49077705      0.00000000
 36230.55145471    276.01014492      4.49201752      0.00000000
 36240.55645721    275.93394625      4.49325798      0.00000000
 36250.56145971    275.85778964      4.49449844      0.00000000
 36260.56646222    275.78167506      4.49573890      0.00000000
 36270.57146472    275.70560247      4.49697937      0.00000000
 36280.57646722    275.62957183      4.49821983      0.00000000
 36290.58146972    275.55358312      4.49946029      0.00000000
 36300.58647222    275.47763630      4.50070075      0.00000000
 36310.59147472    275.40173133      4.50194122      0.00000000
 36320.59647722    275.32586817      4.50318168      0.00000000
 36330.60147972    275.25004680      4.50442214      0.00000000
 36340.60648223    275.17426718      4.50566260      0.00000000
 36350.61148473    275.09852927      4.50690307      0.00000000
 36360.61648723    275.02283305      4.50814353      0.00000000
 36370.62148973    274.94717846      4.50938399      0.00000000
 36380.62649223    274.87156549      4.51062446      0.00000000
 36390.63149473    274.79599410      4.51186492      0.00000000
 36400.63649723    274.72046425      4.51310538      0.00000000
 36410.64149973    274.64497591      4.51434584      0.00000000
 36420.64650224    274.56952904      4.51558631      0.00000000
 36430.65150474    274.49412362      4.51682677      0.00000000
 36440.65650724    274.41875960      4.51806723      0.00000000
 36450.66150974    274.34343695      4.51930769      0.00000000
 36460.66651224    274.26815564      4.52054816      0.00000000
 36470.67151474    274.19291563      4.52178862      0.00000000
 36480.67651724    274.11771689      4.52302908      0.00000000
 36490.68151974    274.04255939      4.52426954      0.00000000
 36500.68652225    273.96744309      4.52551001      0.00000000
 36510.69152475    273.89236796      4.52675047      0.00000000
 36520.69652725    273.81733396      4.52799093      0.00000000
 36530.70152975    273.74234107      4.52923140      0.00000000
 36540.70653225    273.66738924      4.53047186      0.00000000
 36550.71153475    273.59247844      4.53171232      0.00000000
 36560.71653725    273.51760864      4.53295278      0.00000000
 36570.72153975    273.44277981      4.53419325      0.00000000
 36580.72654226    273.36799191      4.53543371      0.00000000
 36590.73154476    273.29324491      4.53667417      0.00000000
 36600.73654726    273.21853878      4.53791463      0.00000000
 36610.74154976    273.14387347      4.53915510      0.00000000
 36620.74655226    273.06924897      4.54039556      0.00000000
 36630.75155476    272.99466522      4.54163602      0.00000000
 36640.75655726    272.92012221      4.54287648      0.00000000
 36650.76155976    272.84561990      4.54411695      0.00000000
 36660.76656227    272.77115825      4.54535741      0.00000000
 36670.77156477    272.69673723      4.54659787      0.00000000
 36680.77656727    272.62235682      4.54783834      0.00000000
 36690.78156977    272.54801696      4.54907880      0.00000000
 36700.78657227    272.47371764      4.55031926      0.00000000
 36710.79157477    272.39945881      4.55155972      0.00000000
 36720.79657727    272.32524045      4.55280019      0.00000000
 36730.80157977    272.25106253      4.55404065      0.00000000
 36740.80658228    272.17692500      4.55528111      0.00000000
 36750.81158478    272.10282784      4.55652157      0.00000000
 36760.81658728    272.02877101      4.55776204      0.00000000
 36770.82158978    271.95475448      4.55900250      0.00000000
 36780.82659228    271.88077822      4.56024296      0.00000000
 36790.83159478    271.80684220      4.56148342      0.00000000
 36800.83659728    271.73294637      4.56272389      0.00000000
 36810.84159978    271.65909072      4.56396435      0.00000000
 36820.84660229    271.58527520      4.56520481      0.00000000
 36830.85160479    271.51149979      4.56644528      0.00000000
 36840.85660729    271.43776444      4.56768574      0.00000000
 36850.86160979    271.36406914      4.56892620      0.00000000
 36860.86661229    271.29041384      4.57016666      0.00000000
 36870.87161479    271.21679851      4.57140713      0.00000000
 36880.87661729    271.14322312      4.57264759      0.00000000
 36890.88161979    271.06968764      4.57388805      0.00000000
 36900.88662230    270.99619204      4.57512851      0.00000000
 36910.89162480    270.92273628      4.57636898      0.00000000
 36920.89662730    270.84932033      4.57760944      0.00000000
 36930.90162980    270.77594416      4.57884990      0.00000000
 36940.90663230    270.70260774      4.58009036      0.00000000
 36950.91163480    270.62931103      4.58133083      0.00000000
 36960.91663730    270.55605400      4.58257129      0.00000000
 36970.92163980    270.48283662      4.58381175      0.00000000
 36980.92664231    270.40965886      4.58505222      0.00000000
 36990.93164481    270.33652068      4.58629268      0.00000000
 37000.93664731    270.26342206      4.58753314      0.00000000
 37010.94164981    270.19036295      4.58877360      0.00000000
 37020.94665231    270.11734334      4.59001407      0.00000000
 37030.95165481    270.04436318      4.59125453      0.00000000
 37040.95665731    269.97142245      4.59249499      0.00000000
 37050.96165981    269.89852111      4.59373545      0.00000000
 37060.96666232    269.82565913      4.59497592      0.00000000
 37070.97166482    269.75283648      4.59621638      0.00000000
 37080.97666732    269.68005313      4.59745684      0.00000000
 37090.98166982    269.60730904      4.59869730      0.00000000
 37100.98667232    269.53460418      4.59993777      0.00000000
 37110.99167482    269.46193853      4.60117823      0.00000000
 37120.99667732    269.38931205      4.60241869      0.00000000
 37131.00167982    269.31672471      4.60365916      0.00000000
 37141.00668233    269.24417647      4.60489962      0.00000000
 37151.01168483    269.17166731      4.60614008      0.00000000
 37161.01668733    269.09919720      4.60738054      0.00000000
 37171.02168983    269.02676609      4.60862101      0.00000000
 37181.02669233    268.95437397      4.60986147      0.00000000
 37191.03169483    268.88202080      4.61110193      0.00000000
 37201.03669733    268.80970654      4.61234239      0.00000000
 37211.04169983    268.73743117      4.61358286      0.00000000
 37221.04670234    268.66519466      4.61482332      0.00000000
 37231.05170484    268.59299697      4.61606378      0.00000000
 37241.05670734    268.52083807      4.61730424      0.00000000
 37251.06170984    268.44871793      4.61854471      0.00000000
 37261.06671234    268.37663652      4.61978517      0.00000000
 37271.07171484    268.30459382      4.62102563      0.00000000
 37281.07671734    268.23258978      4.62226610      0.00000000
 37291.08171984    268.16062437      4.62350656      0.00000000
 37301.08672235    268.08869758      4.62474702      0.00000000
 37311.09172485    268.01680935      4.62598748      0.00000000
 37321.09672735    267.94495967      4.62722795      0.00000000
 37331.10172985    267.87314851      4.62846841      0.00000000
 37341.10673235    267.80137582      4.62970887      0.00000000
 37351.11173485    267.72964159      4.63094933      0.00000000
 37361.11673735    267.65794577      4.63218980      0.00000000
 37371.12173985    267.58628834      4.63343026      0.00000000
 37381.12674236    267.51466927      4.63467072      0.00000000
 37391.13174486    267.44308853      4.63591118      0.00000000
 37401.13674736    267.37154609      4.63715165      0.00000000
 37411.14174986    267.30004191      4.63839211      0.00000000
 37421.14675236    267.22857596      4.63963257      0.00000000
 37431.15175486    267.15714822      4.64087304      0.00000000
 37441.15675736    267.08575866      4.64211350      0.00000000
 37451.16175986    267.01440724      4.64335396      0.00000000
 37461.16676237    266.94309392      4.64459442      0.00000000
 37471.17176487    266.87181870      4.64583489      0.00000000
 37481.17676737    266.80058152      4.64707535      0.00000000
 37491.18176987    266.72938236      4.64831581      0.00000000
 37501.18677237    266.65822120      4.64955627      0.00000000
 37511.19177487    266.58709799      4.65079674      0.00000000
 37521.19677737    266.51601272      4.65203720      0.00000000
 37531.20177987    266.44496534      4.65327766      0.00000000
 37541.20678238    266.37395584      4.65451812      0.00000000
 37551.21178488    266.30298417      4.65575859      0.00000000
 37561.21678738    266.23205031      4.65699905      0.00000000
 37571.22178988    266.16115423      4.65823951      0.00000000
 37581.22679238    266.09029590      4.65947998      0.00000000
 37591.23179488    266.01947529      4.66072044      0.00000000
 37601.23679738    265.94869237      4.66196090      0.00000000
 37611.24179988    265.87794710      4.66320136      0.00000000
 37621.24680239    265.80723946      4.66444183      0.00000000
 37631.25180489    265.73656942      4.66568229      0.00000000
 37641.25680739    265.66593695      4.66692275      0.00000000
 37651.26180989    265.59534201      4.66816321      0.00000000
 37661.26681239    265.52478459      4.66940368      0.00000000
 37671.27181489    265.45426464      4.67064414      0.00000000
 37681.27681739    265.38378214      4.67188460      0.00000000
 37691.28181989    265.31333706      4.67312506      0.00000000
 37701.28682240    265.24292936      4.67436553      0.00000000
 37711.29182490    265.17255903      4.67560599      0.00000000
 37721.29682740    265.10222603      4.67684645      0.00000000
 37731.30182990    265.03193032      4.67808692      0.00000000
 37741.30683240    264.96167189      4.67932738      0.00000000
 37751.31183490    264.89145069      4.68056784      0.00000000
 37761.31683740    264.82126671      4.68180830      0.00000000
 37771.32183990    264.75111991      4.68304877      0.00000000
 37781.32684241    264.68101026      4.68428923      0.00000000
 37791.33184491    264.61093773      4.68552969      0.00000000
 37801.33684741    264.54090230      4.68677015      0.00000000
 37811.34184991    264.47090392      4.68801062      0.00000000
 37821.34685241    264.40094258      4.68925108      0.00000000
 37831.35185491    264.33101825      4.69049154      0.00000000
 37841.35685741    264.26113089      4.69173200      0.00000000
 37851.36185991    264.19128048      4.69297247      0.00000000
 37861.36686242    264.12146698      4.69421293      0.00000000
 37871.37186492    264.05169037      4.69545339      0.00000000
 37881.37686742    263.98195062      4.69669386      0.00000000
 37891.38186992    263.91224770      4.69793432      0.00000000
 37901.38687242    263.84258157      4.69917478      0.00000000
 37911.39187492    263.77295222      4.70041524      0.00000000
 37921.39687742    263.70335961      4.70165571      0.00000000
 37931.40187992    263.63380371      4.70289617      0.00000000
 37941.40688243    263.56428449      4.70413663      0.00000000
 37951.41188493    263.49480193      4.70537709      0.00000000
 37961.41688743    263.42535599      4.70661756      0.00000000
 37971.42188993    263.35594665      4.70785802      0.00000000
 37981.42689243    263.28657388      4.70909848      0.00000000
 37991.43189493    263.21723765      4.71033894      0.00000000
 38001.43689743    263.14793792      4.71157941      0.00000000
 38011.44189993    263.07867468      4.71281987      0.00000000
 38021.44690244    263.00944788      4.71406033      0.00000000
 38031.45190494    262.94025752      4.71530080      0.00000000
 38041.45690744    262.87110354      4.71654126      0.00000000
 38051.46190994    262.80198593      4.71778172      0.00000000
 38061.46691244    262.73290466      4.71902218      0.00000000
 38071.47191494    262.66385970      4.72026265      0.00000000
 38081.47691744    262.59485102      4.72150311      0.00000000
 38091.48191994    262.52587858      4.72274357      0.00000000
 38101.48692245    262.45694237      4.72398403      0.00000000
 38111.49192495    262.38804236      4.72522450      0.00000000
 38121.49692745    262.31917851      4.72646496      0.00000000
 38131.50192995    262.25035080      4.72770542      0.00000000
 38141.50693245    262.18155919      4.72894588      0.00000000
 38151.51193495    262.11280367      4.73018635      0.00000000
 38161.51693745    262.04408420      4.73142681      0.00000000
 38171.52193995    261.97540075      4.73266727      0.00000000
 38181.52694246    261.90675330      4.73390774      0.00000000
 38191.53194496    261.83814182      4.73514820      0.00000000
 38201.53694746    261.76956627      4.73638866      0.00000000
 38211.54194996    261.70102663      4.73762912      0.00000000
 38221.54695246    261.63252288      4.73886959      0.00000000
 38231.55195496    261.56405498      4.74011005      0.00000000
 38241.55695746    261.49562291      4.74135051      0.00000000
 38251.56195996    261.42722663      4.74259097      0.00000000
 38261.56696247    261.35886613      4.74383144      0.00000000
 38271.57196497    261.29054136      4.74507190      0.00000000
 38281.57696747    261.22225231      4.74631236      0.00000000
 38291.58196997    261.15399895      4.74755282      0.00000000
 38301.58697247    261.08578124      4.74879329      0.00000000
 38311.59197497    261.01759917      4.75003375      0.00000000
 38321.59697747    260.94945269      4.75127421      0.00000000
 38331.60197997    260.88134179      4.75251468      0.00000000
 38341.60698248    260.81326644      4.75375514      0.00000000
 38351.61198498    260.74522660      4.75499560      0.00000000
 38361.61698748    260.67722226      4.75623606      0.00000000
 38371.62198998    260.60925337      4.75747653      0.00000000
 38381.62699248    260.54131993      4.75871699      0.00000000
 38391.63199498    260.47342189      4.75995745      0.00000000
 38401.63699748    260.40555923      4.76119791      0.00000000
 38411.64199998    260.33773192      4.76243838      0.00000000
 38421.64700249    260.26993994      4.76367884      0.00000000
 38431.65200499    260.20218325      4.76491930      0.00000000
 38441.65700749    260.13446183      4.76615976      0.00000000
 38451.66200999    260.06677566      4.76740023      0.00000000
 38461.66701249    259.99912470      4.76864069      0.00000000
 38471.67201499    259.93150892      4.76988115      0.00000000
 38481.67701749    259.86392831      4.77112162      0.00000000
 38491.68201999    259.79638282      4.77236208      0.00000000
 38501.68702250    259.72887245      4.77360254      0.00000000
 38511.69202500    259.66139714      4.77484300      0.00000000
 38521.69702750    259.59395689      4.77608347      0.00000000
 38531.70203000    259.52655166      4.77732393      0.00000000
