Wavenumber(cm^-1)   Wavelength(nm)  Electronvolts(eV)   Intensity(normalised)
 19095.74034041    523.67698656      2.36757092      0.00035767
 19105.74534291    523.40275546      2.36881138      0.00036446
 19115.75034541    523.12881142      2.37005185      0.00037156
 19125.75534791    522.85515399      2.37129231      0.00037897
 19135.76035042    522.58178272      2.37253277      0.00038670
 19145.76535292    522.30869716      2.37377323      0.00039476
 19155.77035542    522.03589686      2.37501370      0.00040315
 19165.77535792    521.76338138      2.37625416      0.00041187
 19175.78036042    521.49115028      2.37749462      0.00042095
 19185.78536292    521.21920309      2.37873508      0.00043036
 19195.79036542    520.94753939      2.37997555      0.00044013
 19205.79536792    520.67615873      2.38121601      0.00045026
 19215.80037043    520.40506067      2.38245647      0.00046075
 19225.80537293    520.13424476      2.38369694      0.00047160
 19235.81037543    519.86371057      2.38493740      0.00048282
 19245.81537793    519.59345765      2.38617786      0.00049441
 19255.82038043    519.32348558      2.38741832      0.00050637
 19265.82538293    519.05379390      2.38865879      0.00051870
 19275.83038543    518.78438218      2.38989925      0.00053141
 19285.83538793    518.51525000      2.39113971      0.00054449
 19295.84039044    518.24639690      2.39238017      0.00055795
 19305.84539294    517.97782247      2.39362064      0.00057178
 19315.85039544    517.70952626      2.39486110      0.00058598
 19325.85539794    517.44150785      2.39610156      0.00060056
 19335.86040044    517.17376680      2.39734202      0.00061550
 19345.86540294    516.90630268      2.39858249      0.00063081
 19355.87040544    516.63911507      2.39982295      0.00064649
 19365.87540794    516.37220352      2.40106341      0.00066252
 19375.88041045    516.10556763      2.40230388      0.00067891
 19385.88541295    515.83920696      2.40354434      0.00069565
 19395.89041545    515.57312108      2.40478480      0.00071273
 19405.89541795    515.30730957      2.40602526      0.00073015
 19415.90042045    515.04177200      2.40726573      0.00074789
 19425.90542295    514.77650796      2.40850619      0.00076596
 19435.91042545    514.51151702      2.40974665      0.00078433
 19445.91542795    514.24679875      2.41098711      0.00080301
 19455.92043046    513.98235274      2.41222758      0.00082197
 19465.92543296    513.71817857      2.41346804      0.00084122
 19475.93043546    513.45427582      2.41470850      0.00086073
 19485.93543796    513.19064406      2.41594896      0.00088050
 19495.94044046    512.92728289      2.41718943      0.00090051
 19505.94544296    512.66419189      2.41842989      0.00092075
 19515.95044546    512.40137064      2.41967035      0.00094120
 19525.95544796    512.13881872      2.42091082      0.00096185
 19535.96045047    511.87653573      2.42215128      0.00098268
 19545.96545297    511.61452125      2.42339174      0.00100368
 19555.97045547    511.35277487      2.42463220      0.00102482
 19565.97545797    511.09129617      2.42587267      0.00104610
 19575.98046047    510.83008474      2.42711313      0.00106748
 19585.98546297    510.56914019      2.42835359      0.00108896
 19595.99046547    510.30846209      2.42959405      0.00111051
 19605.99546797    510.04805004      2.43083452      0.00113212
 19616.00047048    509.78790364      2.43207498      0.00115376
 19626.00547298    509.52802247      2.43331544      0.00117541
 19636.01047548    509.26840613      2.43455590      0.00119705
 19646.01547798    509.00905422      2.43579637      0.00121867
 19656.02048048    508.74996633      2.43703683      0.00124023
 19666.02548298    508.49114206      2.43827729      0.00126171
 19676.03048548    508.23258101      2.43951776      0.00128311
 19686.03548798    507.97428277      2.44075822      0.00130438
 19696.04049049    507.71624695      2.44199868      0.00132552
 19706.04549299    507.45847314      2.44323914      0.00134649
 19716.05049549    507.20096096      2.44447961      0.00136727
 19726.05549799    506.94370999      2.44572007      0.00138786
 19736.06050049    506.68671984      2.44696053      0.00140821
 19746.06550299    506.42999012      2.44820099      0.00142831
 19756.07050549    506.17352043      2.44944146      0.00144814
 19766.07550799    505.91731037      2.45068192      0.00146768
 19776.08051050    505.66135955      2.45192238      0.00148690
 19786.08551300    505.40566758      2.45316284      0.00150580
 19796.09051550    505.15023407      2.45440331      0.00152433
 19806.09551800    504.89505862      2.45564377      0.00154250
 19816.10052050    504.64014084      2.45688423      0.00156027
 19826.10552300    504.38548034      2.45812470      0.00157764
 19836.11052550    504.13107674      2.45936516      0.00159458
 19846.11552800    503.87692964      2.46060562      0.00161108
 19856.12053051    503.62303866      2.46184608      0.00162712
 19866.12553301    503.36940341      2.46308655      0.00164268
 19876.13053551    503.11602350      2.46432701      0.00165777
 19886.13553801    502.86289855      2.46556747      0.00167235
 19896.14054051    502.61002817      2.46680793      0.00168642
 19906.14554301    502.35741199      2.46804840      0.00169998
 19916.15054551    502.10504960      2.46928886      0.00171301
 19926.15554801    501.85294065      2.47052932      0.00172550
 19936.16055052    501.60108473      2.47176978      0.00173744
 19946.16555302    501.34948148      2.47301025      0.00174884
 19956.17055552    501.09813051      2.47425071      0.00175969
 19966.17555802    500.84703145      2.47549117      0.00176998
 19976.18056052    500.59618390      2.47673164      0.00177971
 19986.18556302    500.34558751      2.47797210      0.00178889
 19996.19056552    500.09524188      2.47921256      0.00179752
 20006.19556802    499.84514665      2.48045302      0.00180559
 20016.20057053    499.59530143      2.48169349      0.00181312
 20026.20557303    499.34570586      2.48293395      0.00182011
 20036.21057553    499.09635956      2.48417441      0.00182657
 20046.21557803    498.84726215      2.48541487      0.00183251
 20056.22058053    498.59841327      2.48665534      0.00183793
 20066.22558303    498.34981253      2.48789580      0.00184286
 20076.23058553    498.10145958      2.48913626      0.00184730
 20086.23558803    497.85335404      2.49037672      0.00185127
 20096.24059054    497.60549554      2.49161719      0.00185480
 20106.24559304    497.35788371      2.49285765      0.00185789
 20116.25059554    497.11051819      2.49409811      0.00186057
 20126.25559804    496.86339860      2.49533858      0.00186286
 20136.26060054    496.61652459      2.49657904      0.00186478
 20146.26560304    496.36989577      2.49781950      0.00186637
 20156.27060554    496.12351180      2.49905996      0.00186764
 20166.27560804    495.87737230      2.50030043      0.00186863
 20176.28061055    495.63147691      2.50154089      0.00186936
 20186.28561305    495.38582527      2.50278135      0.00186988
 20196.29061555    495.14041702      2.50402181      0.00187020
 20206.29561805    494.89525179      2.50526228      0.00187036
 20216.30062055    494.65032922      2.50650274      0.00187041
 20226.30562305    494.40564896      2.50774320      0.00187037
 20236.31062555    494.16121064      2.50898366      0.00187030
 20246.31562805    493.91701390      2.51022413      0.00187021
 20256.32063056    493.67305840      2.51146459      0.00187017
 20266.32563306    493.42934376      2.51270505      0.00187020
 20276.33063556    493.18586964      2.51394552      0.00187036
 20286.33563806    492.94263567      2.51518598      0.00187069
 20296.34064056    492.69964151      2.51642644      0.00187123
 20306.34564306    492.45688680      2.51766690      0.00187203
 20316.35064556    492.21437118      2.51890737      0.00187315
 20326.35564806    491.97209430      2.52014783      0.00187462
 20336.36065057    491.73005581      2.52138829      0.00187650
 20346.36565307    491.48825535      2.52262875      0.00187884
 20356.37065557    491.24669259      2.52386922      0.00188170
 20366.37565807    491.00536715      2.52510968      0.00188511
 20376.38066057    490.76427871      2.52635014      0.00188915
 20386.38566307    490.52342690      2.52759060      0.00189385
 20396.39066557    490.28281138      2.52883107      0.00189928
 20406.39566807    490.04243181      2.53007153      0.00190549
 20416.40067058    489.80228782      2.53131199      0.00191254
 20426.40567308    489.56237909      2.53255246      0.00192048
 20436.41067558    489.32270526      2.53379292      0.00192937
 20446.41567808    489.08326599      2.53503338      0.00193926
 20456.42068058    488.84406093      2.53627384      0.00195021
 20466.42568308    488.60508974      2.53751431      0.00196227
 20476.43068558    488.36635208      2.53875477      0.00197552
 20486.43568808    488.12784761      2.53999523      0.00198999
 20496.44069059    487.88957598      2.54123569      0.00200574
 20506.44569309    487.65153685      2.54247616      0.00202285
 20516.45069559    487.41372989      2.54371662      0.00204134
 20526.45569809    487.17615475      2.54495708      0.00206130
 20536.46070059    486.93881109      2.54619754      0.00208276
 20546.46570309    486.70169858      2.54743801      0.00210578
 20556.47070559    486.46481688      2.54867847      0.00213043
 20566.47570809    486.22816566      2.54991893      0.00215674
 20576.48071060    485.99174457      2.55115940      0.00218477
 20586.48571310    485.75555328      2.55239986      0.00221458
 20596.49071560    485.51959145      2.55364032      0.00224621
 20606.49571810    485.28385876      2.55488078      0.00227972
 20616.50072060    485.04835486      2.55612125      0.00231515
 20626.50572310    484.81307943      2.55736171      0.00235254
 20636.51072560    484.57803214      2.55860217      0.00239194
 20646.51572810    484.34321264      2.55984263      0.00243340
 20656.52073061    484.10862061      2.56108310      0.00247696
 20666.52573311    483.87425573      2.56232356      0.00252266
 20676.53073561    483.64011765      2.56356402      0.00257053
 20686.53573811    483.40620606      2.56480448      0.00262061
 20696.54074061    483.17252061      2.56604495      0.00267294
 20706.54574311    482.93906099      2.56728541      0.00272755
 20716.55074561    482.70582687      2.56852587      0.00278447
 20726.55574811    482.47281792      2.56976634      0.00284372
 20736.56075062    482.24003382      2.57100680      0.00290533
 20746.56575312    482.00747423      2.57224726      0.00296932
 20756.57075562    481.77513884      2.57348772      0.00303571
 20766.57575812    481.54302732      2.57472819      0.00310452
 20776.58076062    481.31113934      2.57596865      0.00317576
 20786.58576312    481.07947460      2.57720911      0.00324944
 20796.59076562    480.84803275      2.57844957      0.00332557
 20806.59576812    480.61681349      2.57969004      0.00340415
 20816.60077063    480.38581648      2.58093050      0.00348518
 20826.60577313    480.15504142      2.58217096      0.00356866
 20836.61077563    479.92448797      2.58341142      0.00365458
 20846.61577813    479.69415583      2.58465189      0.00374293
 20856.62078063    479.46404467      2.58589235      0.00383370
 20866.62578313    479.23415417      2.58713281      0.00392686
 20876.63078563    479.00448402      2.58837328      0.00402240
 20886.63578813    478.77503390      2.58961374      0.00412029
 20896.64079064    478.54580350      2.59085420      0.00422050
 20906.64579314    478.31679249      2.59209466      0.00432299
 20916.65079564    478.08800057      2.59333513      0.00442772
 20926.65579814    477.85942742      2.59457559      0.00453465
 20936.66080064    477.63107273      2.59581605      0.00464373
 20946.66580314    477.40293618      2.59705651      0.00475491
 20956.67080564    477.17501746      2.59829698      0.00486813
 20966.67580814    476.94731626      2.59953744      0.00498333
 20976.68081065    476.71983227      2.60077790      0.00510044
 20986.68581315    476.49256517      2.60201836      0.00521939
 20996.69081565    476.26551467      2.60325883      0.00534010
 21006.69581815    476.03868044      2.60449929      0.00546250
 21016.70082065    475.81206217      2.60573975      0.00558650
 21026.70582315    475.58565957      2.60698022      0.00571200
 21036.71082565    475.35947233      2.60822068      0.00583892
 21046.71582815    475.13350013      2.60946114      0.00596716
 21056.72083066    474.90774266      2.61070160      0.00609661
 21066.72583316    474.68219963      2.61194207      0.00622717
 21076.73083566    474.45687073      2.61318253      0.00635872
 21086.73583816    474.23175566      2.61442299      0.00649115
 21096.74084066    474.00685410      2.61566345      0.00662434
 21106.74584316    473.78216575      2.61690392      0.00675816
 21116.75084566    473.55769032      2.61814438      0.00689250
 21126.75584816    473.33342750      2.61938484      0.00702721
 21136.76085067    473.10937699      2.62062530      0.00716216
 21146.76585317    472.88553848      2.62186577      0.00729722
 21156.77085567    472.66191168      2.62310623      0.00743225
 21166.77585817    472.43849628      2.62434669      0.00756710
 21176.78086067    472.21529199      2.62558716      0.00770163
 21186.78586317    471.99229851      2.62682762      0.00783570
 21196.79086567    471.76951553      2.62806808      0.00796914
 21206.79586817    471.54694277      2.62930854      0.00810182
 21216.80087068    471.32457992      2.63054901      0.00823358
 21226.80587318    471.10242668      2.63178947      0.00836426
 21236.81087568    470.88048277      2.63302993      0.00849372
 21246.81587818    470.65874788      2.63427039      0.00862180
 21256.82088068    470.43722171      2.63551086      0.00874835
 21266.82588318    470.21590399      2.63675132      0.00887321
 21276.83088568    469.99479440      2.63799178      0.00899623
 21286.83588818    469.77389266      2.63923224      0.00911726
 21296.84089069    469.55319847      2.64047271      0.00923615
 21306.84589319    469.33271155      2.64171317      0.00935276
 21316.85089569    469.11243159      2.64295363      0.00946693
 21326.85589819    468.89235832      2.64419410      0.00957853
 21336.86090069    468.67249143      2.64543456      0.00968742
 21346.86590319    468.45283064      2.64667502      0.00979346
 21356.87090569    468.23337565      2.64791548      0.00989652
 21366.87590819    468.01412619      2.64915595      0.00999648
 21376.88091070    467.79508196      2.65039641      0.01009321
 21386.88591320    467.57624266      2.65163687      0.01018660
 21396.89091570    467.35760803      2.65287733      0.01027653
 21406.89591820    467.13917776      2.65411780      0.01036292
 21416.90092070    466.92095157      2.65535826      0.01044564
 21426.90592320    466.70292918      2.65659872      0.01052463
 21436.91092570    466.48511030      2.65783918      0.01059978
 21446.91592820    466.26749464      2.65907965      0.01067104
 21456.92093071    466.05008192      2.66032011      0.01073833
 21466.92593321    465.83287187      2.66156057      0.01080158
 21476.93093571    465.61586418      2.66280104      0.01086076
 21486.93593821    465.39905859      2.66404150      0.01091582
 21496.94094071    465.18245480      2.66528196      0.01096673
 21506.94594321    464.96605255      2.66652242      0.01101347
 21516.95094571    464.74985154      2.66776289      0.01105603
 21526.95594821    464.53385149      2.66900335      0.01109439
 21536.96095072    464.31805214      2.67024381      0.01112858
 21546.96595322    464.10245319      2.67148427      0.01115861
 21556.97095572    463.88705436      2.67272474      0.01118451
 21566.97595822    463.67185538      2.67396520      0.01120632
 21576.98096072    463.45685598      2.67520566      0.01122409
 21586.98596322    463.24205587      2.67644612      0.01123788
 21596.99096572    463.02745477      2.67768659      0.01124777
 21606.99596822    462.81305242      2.67892705      0.01125383
 21617.00097073    462.59884852      2.68016751      0.01125618
 21627.00597323    462.38484282      2.68140798      0.01125490
 21637.01097573    462.17103503      2.68264844      0.01125013
 21647.01597823    461.95742488      2.68388890      0.01124198
 21657.02098073    461.74401209      2.68512936      0.01123059
 21667.02598323    461.53079640      2.68636983      0.01121613
 21677.03098573    461.31777752      2.68761029      0.01119873
 21687.03598823    461.10495519      2.68885075      0.01117859
 21697.04099074    460.89232914      2.69009121      0.01115587
 21707.04599324    460.67989908      2.69133168      0.01113078
 21717.05099574    460.46766476      2.69257214      0.01110350
 21727.05599824    460.25562591      2.69381260      0.01107425
 21737.06100074    460.04378224      2.69505306      0.01104325
 21747.06600324    459.83213350      2.69629353      0.01101074
 21757.07100574    459.62067941      2.69753399      0.01097694
 21767.07600824    459.40941970      2.69877445      0.01094210
 21777.08101075    459.19835412      2.70001492      0.01090648
 21787.08601325    458.98748238      2.70125538      0.01087034
 21797.09101575    458.77680422      2.70249584      0.01083395
 21807.09601825    458.56631939      2.70373630      0.01079758
 21817.10102075    458.35602760      2.70497677      0.01076151
 21827.10602325    458.14592860      2.70621723      0.01072605
 21837.11102575    457.93602211      2.70745769      0.01069147
 21847.11602825    457.72630789      2.70869815      0.01065809
 21857.12103076    457.51678565      2.70993862      0.01062620
 21867.12603326    457.30745514      2.71117908      0.01059612
 21877.13103576    457.09831610      2.71241954      0.01056816
 21887.13603826    456.88936826      2.71366000      0.01054263
 21897.14104076    456.68061136      2.71490047      0.01051986
 21907.14604326    456.47204514      2.71614093      0.01050018
 21917.15104576    456.26366934      2.71738139      0.01048390
 21927.15604826    456.05548369      2.71862186      0.01047135
 21937.16105077    455.84748794      2.71986232      0.01046287
 21947.16605327    455.63968183      2.72110278      0.01045879
 21957.17105577    455.43206510      2.72234324      0.01045942
 21967.17605827    455.22463748      2.72358371      0.01046512
 21977.18106077    455.01739873      2.72482417      0.01047620
 21987.18606327    454.81034857      2.72606463      0.01049299
 21997.19106577    454.60348677      2.72730509      0.01051582
 22007.19606827    454.39681305      2.72854556      0.01054503
 22017.20107078    454.19032716      2.72978602      0.01058092
 22027.20607328    453.98402886      2.73102648      0.01062383
 22037.21107578    453.77791787      2.73226694      0.01067407
 22047.21607828    453.57199395      2.73350741      0.01073195
 22057.22108078    453.36625684      2.73474787      0.01079779
 22067.22608328    453.16070628      2.73598833      0.01087189
 22077.23108578    452.95534203      2.73722880      0.01095456
 22087.23608828    452.75016383      2.73846926      0.01104607
 22097.24109079    452.54517143      2.73970972      0.01114674
 22107.24609329    452.34036457      2.74095018      0.01125682
 22117.25109579    452.13574301      2.74219065      0.01137661
 22127.25609829    451.93130649      2.74343111      0.01150637
 22137.26110079    451.72705476      2.74467157      0.01164636
 22147.26610329    451.52298758      2.74591203      0.01179683
 22157.27110579    451.31910468      2.74715250      0.01195802
 22167.27610829    451.11540582      2.74839296      0.01213017
 22177.28111080    450.91189076      2.74963342      0.01231350
 22187.28611330    450.70855924      2.75087388      0.01250821
 22197.29111580    450.50541102      2.75211435      0.01271452
 22207.29611830    450.30244584      2.75335481      0.01293261
 22217.30112080    450.09966347      2.75459527      0.01316267
 22227.30612330    449.89706364      2.75583574      0.01340484
 22237.31112580    449.69464613      2.75707620      0.01365930
 22247.31612830    449.49241068      2.75831666      0.01392617
 22257.32113081    449.29035704      2.75955712      0.01420559
 22267.32613331    449.08848497      2.76079759      0.01449766
 22277.33113581    448.88679423      2.76203805      0.01480247
 22287.33613831    448.68528457      2.76327851      0.01512011
 22297.34114081    448.48395575      2.76451897      0.01545065
 22307.34614331    448.28280753      2.76575944      0.01579411
 22317.35114581    448.08183965      2.76699990      0.01615055
 22327.35614831    447.88105189      2.76824036      0.01651995
 22337.36115082    447.68044399      2.76948082      0.01690233
 22347.36615332    447.48001572      2.77072129      0.01729765
 22357.37115582    447.27976683      2.77196175      0.01770587
 22367.37615832    447.07969709      2.77320221      0.01812693
 22377.38116082    446.87980625      2.77444268      0.01856072
 22387.38616332    446.68009408      2.77568314      0.01900716
 22397.39116582    446.48056033      2.77692360      0.01946612
 22407.39616832    446.28120476      2.77816406      0.01993743
 22417.40117083    446.08202714      2.77940453      0.02042094
 22427.40617333    445.88302723      2.78064499      0.02091645
 22437.41117583    445.68420480      2.78188545      0.02142374
 22447.41617833    445.48555959      2.78312591      0.02194256
 22457.42118083    445.28709138      2.78436638      0.02247267
 22467.42618333    445.08879994      2.78560684      0.02301377
 22477.43118583    444.89068501      2.78684730      0.02356554
 22487.43618833    444.69274638      2.78808776      0.02412766
 22497.44119084    444.49498380      2.78932823      0.02469975
 22507.44619334    444.29739703      2.79056869      0.02528145
 22517.45119584    444.09998586      2.79180915      0.02587233
 22527.45619834    443.90275003      2.79304962      0.02647197
 22537.46120084    443.70568932      2.79429008      0.02707991
 22547.46620334    443.50880349      2.79553054      0.02769565
 22557.47120584    443.31209231      2.79677100      0.02831870
 22567.47620834    443.11555556      2.79801147      0.02894853
 22577.48121085    442.91919299      2.79925193      0.02958458
 22587.48621335    442.72300437      2.80049239      0.03022627
 22597.49121585    442.52698948      2.80173285      0.03087300
 22607.49621835    442.33114808      2.80297332      0.03152415
 22617.50122085    442.13547995      2.80421378      0.03217908
 22627.50622335    441.93998485      2.80545424      0.03283711
 22637.51122585    441.74466256      2.80669470      0.03349757
 22647.51622835    441.54951284      2.80793517      0.03415975
 22657.52123086    441.35453546      2.80917563      0.03482291
 22667.52623336    441.15973021      2.81041609      0.03548634
 22677.53123586    440.96509684      2.81165656      0.03614925
 22687.53623836    440.77063514      2.81289702      0.03681089
 22697.54124086    440.57634488      2.81413748      0.03747047
 22707.54624336    440.38222582      2.81537794      0.03812718
 22717.55124586    440.18827775      2.81661841      0.03878022
 22727.55624836    439.99450043      2.81785887      0.03942877
 22737.56125087    439.80089365      2.81909933      0.04007200
 22747.56625337    439.60745718      2.82033979      0.04070908
 22757.57125587    439.41419078      2.82158026      0.04133916
 22767.57625837    439.22109425      2.82282072      0.04196141
 22777.58126087    439.02816735      2.82406118      0.04257499
 22787.58626337    438.83540986      2.82530164      0.04317905
 22797.59126587    438.64282156      2.82654211      0.04377276
 22807.59626837    438.45040222      2.82778257      0.04435528
 22817.60127088    438.25815163      2.82902303      0.04492580
 22827.60627338    438.06606956      2.83026350      0.04548349
 22837.61127588    437.87415579      2.83150396      0.04602754
 22847.61627838    437.68241009      2.83274442      0.04655719
 22857.62128088    437.49083226      2.83398488      0.04707163
 22867.62628338    437.29942206      2.83522535      0.04757013
 22877.63128588    437.10817928      2.83646581      0.04805195
 22887.63628838    436.91710370      2.83770627      0.04851637
 22897.64129089    436.72619509      2.83894673      0.04896272
 22907.64629339    436.53545325      2.84018720      0.04939032
 22917.65129589    436.34487795      2.84142766      0.04979855
 22927.65629839    436.15446897      2.84266812      0.05018682
 22937.66130089    435.96422610      2.84390858      0.05055457
 22947.66630339    435.77414912      2.84514905      0.05090125
 22957.67130589    435.58423781      2.84638951      0.05122640
 22967.67630839    435.39449195      2.84762997      0.05152955
 22977.68131090    435.20491133      2.84887044      0.05181031
 22987.68631340    435.01549574      2.85011090      0.05206832
 22997.69131590    434.82624496      2.85135136      0.05230325
 23007.69631840    434.63715877      2.85259182      0.05251485
 23017.70132090    434.44823695      2.85383229      0.05270289
 23027.70632340    434.25947930      2.85507275      0.05286721
 23037.71132590    434.07088561      2.85631321      0.05300769
 23047.71632840    433.88245565      2.85755367      0.05312428
 23057.72133091    433.69418921      2.85879414      0.05321696
 23067.72633341    433.50608608      2.86003460      0.05328579
 23077.73133591    433.31814605      2.86127506      0.05333087
 23087.73633841    433.13036891      2.86251552      0.05335236
 23097.74134091    432.94275444      2.86375599      0.05335049
 23107.74634341    432.75530244      2.86499645      0.05332554
 23117.75134591    432.56801269      2.86623691      0.05327784
 23127.75634841    432.38088498      2.86747738      0.05320780
 23137.76135092    432.19391911      2.86871784      0.05311586
 23147.76635342    432.00711485      2.86995830      0.05300255
 23157.77135592    431.82047201      2.87119876      0.05286843
 23167.77635842    431.63399037      2.87243923      0.05271414
 23177.78136092    431.44766973      2.87367969      0.05254037
 23187.78636342    431.26150987      2.87492015      0.05234786
 23197.79136592    431.07551059      2.87616061      0.05213742
 23207.79636842    430.88967168      2.87740108      0.05190989
 23217.80137093    430.70399293      2.87864154      0.05166620
 23227.80637343    430.51847414      2.87988200      0.05140729
 23237.81137593    430.33311510      2.88112246      0.05113420
 23247.81637843    430.14791561      2.88236293      0.05084796
 23257.82138093    429.96287545      2.88360339      0.05054971
 23267.82638343    429.77799442      2.88484385      0.05024058
 23277.83138593    429.59327232      2.88608432      0.04992178
 23287.83638843    429.40870894      2.88732478      0.04959456
 23297.84139094    429.22430408      2.88856524      0.04926018
 23307.84639344    429.04005753      2.88980570      0.04891998
 23317.85139594    428.85596909      2.89104617      0.04857529
 23327.85639844    428.67203856      2.89228663      0.04822752
 23337.86140094    428.48826573      2.89352709      0.04787807
 23347.86640344    428.30465040      2.89476755      0.04752839
 23357.87140594    428.12119237      2.89600802      0.04717995
 23367.87640844    427.93789144      2.89724848      0.04683424
 23377.88141095    427.75474740      2.89848894      0.04649277
 23387.88641345    427.57176005      2.89972940      0.04615708
 23397.89141595    427.38892919      2.90096987      0.04582871
 23407.89641845    427.20625463      2.90221033      0.04550922
 23417.90142095    427.02373615      2.90345079      0.04520018
 23427.90642345    426.84137357      2.90469126      0.04490315
 23437.91142595    426.65916667      2.90593172      0.04461972
 23447.91642845    426.47711527      2.90717218      0.04435147
 23457.92143096    426.29521917      2.90841264      0.04409998
 23467.92643346    426.11347815      2.90965311      0.04386682
 23477.93143596    425.93189204      2.91089357      0.04365356
 23487.93643846    425.75046062      2.91213403      0.04346176
 23497.94144096    425.56918370      2.91337449      0.04329298
 23507.94644346    425.38806108      2.91461496      0.04314874
 23517.95144596    425.20709257      2.91585542      0.04303057
 23527.95644846    425.02627797      2.91709588      0.04293997
 23537.96145097    424.84561709      2.91833634      0.04287842
 23547.96645347    424.66510972      2.91957681      0.04284738
 23557.97145597    424.48475567      2.92081727      0.04284828
 23567.97645847    424.30455475      2.92205773      0.04288253
 23577.98146097    424.12450676      2.92329820      0.04295150
 23587.98646347    423.94461151      2.92453866      0.04305653
 23597.99146597    423.76486880      2.92577912      0.04319895
 23607.99646847    423.58527844      2.92701958      0.04338002
 23618.00147098    423.40584024      2.92826005      0.04360099
 23628.00647348    423.22655400      2.92950051      0.04386306
 23638.01147598    423.04741952      2.93074097      0.04416738
 23648.01647848    422.86843663      2.93198143      0.04451507
 23658.02148098    422.68960511      2.93322190      0.04490721
 23668.02648348    422.51092479      2.93446236      0.04534482
 23678.03148598    422.33239547      2.93570282      0.04582888
 23688.03648848    422.15401696      2.93694328      0.04636032
 23698.04149099    421.97578907      2.93818375      0.04694002
 23708.04649349    421.79771161      2.93942421      0.04756881
 23718.05149599    421.61978438      2.94066467      0.04824745
 23728.05649849    421.44200720      2.94190514      0.04897667
 23738.06150099    421.26437987      2.94314560      0.04975712
 23748.06650349    421.08690222      2.94438606      0.05058940
 23758.07150599    420.90957404      2.94562652      0.05147406
 23768.07650849    420.73239515      2.94686699      0.05241156
 23778.08151100    420.55536537      2.94810745      0.05340233
 23788.08651350    420.37848450      2.94934791      0.05444670
 23798.09151600    420.20175235      2.95058837      0.05554496
 23808.09651850    420.02516874      2.95182884      0.05669732
 23818.10152100    419.84873348      2.95306930      0.05790392
 23828.10652350    419.67244639      2.95430976      0.05916482
 23838.11152600    419.49630728      2.95555022      0.06048003
 23848.11652850    419.32031595      2.95679069      0.06184946
 23858.12153101    419.14447223      2.95803115      0.06327296
 23868.12653351    418.96877593      2.95927161      0.06475027
 23878.13153601    418.79322687      2.96051208      0.06628109
 23888.13653851    418.61782485      2.96175254      0.06786501
 23898.14154101    418.44256970      2.96299300      0.06950155
 23908.14654351    418.26746123      2.96423346      0.07119013
 23918.15154601    418.09249926      2.96547393      0.07293009
 23928.15654851    417.91768360      2.96671439      0.07472068
 23938.16155102    417.74301407      2.96795485      0.07656106
 23948.16655352    417.56849048      2.96919531      0.07845029
 23958.17155602    417.39411266      2.97043578      0.08038735
 23968.17655852    417.21988042      2.97167624      0.08237112
 23978.18156102    417.04579357      2.97291670      0.08440037
 23988.18656352    416.87185195      2.97415716      0.08647378
 23998.19156602    416.69805535      2.97539763      0.08858994
 24008.19656852    416.52440362      2.97663809      0.09074733
 24018.20157103    416.35089655      2.97787855      0.09294433
 24028.20657353    416.17753397      2.97911902      0.09517922
 24038.21157603    416.00431571      2.98035948      0.09745018
 24048.21657853    415.83124158      2.98159994      0.09975529
 24058.22158103    415.65831140      2.98284040      0.10209253
 24068.22658353    415.48552499      2.98408087      0.10445977
 24078.23158603    415.31288217      2.98532133      0.10685478
 24088.23658853    415.14038277      2.98656179      0.10927523
 24098.24159104    414.96802660      2.98780225      0.11171871
 24108.24659354    414.79581349      2.98904272      0.11418270
 24118.25159604    414.62374326      2.99028318      0.11666457
 24128.25659854    414.45181573      2.99152364      0.11916161
 24138.26160104    414.28003072      2.99276410      0.12167103
 24148.26660354    414.10838806      2.99400457      0.12418994
 24158.27160604    413.93688757      2.99524503      0.12671535
 24168.27660854    413.76552907      2.99648549      0.12924423
 24178.28161105    413.59431239      2.99772596      0.13177344
 24188.28661355    413.42323734      2.99896642      0.13429977
 24198.29161605    413.25230377      3.00020688      0.13681995
 24208.29661855    413.08151148      3.00144734      0.13933066
 24218.30162105    412.91086031      3.00268781      0.14182849
 24228.30662355    412.74035008      3.00392827      0.14431000
 24238.31162605    412.56998061      3.00516873      0.14677172
 24248.31662855    412.39975173      3.00640919      0.14921010
 24258.32163106    412.22966327      3.00764966      0.15162161
 24268.32663356    412.05971506      3.00889012      0.15400266
 24278.33163606    411.88990691      3.01013058      0.15634966
 24288.33663856    411.72023866      3.01137104      0.15865900
 24298.34164106    411.55071014      3.01261151      0.16092709
 24308.34664356    411.38132117      3.01385197      0.16315034
 24318.35164606    411.21207157      3.01509243      0.16532517
 24328.35664856    411.04296118      3.01633290      0.16744805
 24338.36165107    410.87398983      3.01757336      0.16951548
 24348.36665357    410.70515735      3.01881382      0.17152399
 24358.37165607    410.53646355      3.02005428      0.17347020
 24368.37665857    410.36790828      3.02129475      0.17535076
 24378.38166107    410.19949136      3.02253521      0.17716244
 24388.38666357    410.03121262      3.02377567      0.17890207
 24398.39166607    409.86307190      3.02501613      0.18056658
 24408.39666857    409.69506901      3.02625660      0.18215301
 24418.40167108    409.52720380      3.02749706      0.18365853
 24428.40667358    409.35947609      3.02873752      0.18508043
 24438.41167608    409.19188571      3.02997798      0.18641614
 24448.41667858    409.02443250      3.03121845      0.18766323
 24458.42168108    408.85711629      3.03245891      0.18881944
 24468.42668358    408.68993691      3.03369937      0.18988266
 24478.43168608    408.52289419      3.03493984      0.19085098
 24488.43668858    408.35598796      3.03618030      0.19172265
 24498.44169109    408.18921806      3.03742076      0.19249612
 24508.44669359    408.02258432      3.03866122      0.19317004
 24518.45169609    407.85608657      3.03990169      0.19374327
 24528.45669859    407.68972465      3.04114215      0.19421487
 24538.46170109    407.52349839      3.04238261      0.19458415
 24548.46670359    407.35740763      3.04362307      0.19485060
 24558.47170609    407.19145219      3.04486354      0.19501397
 24568.47670859    407.02563192      3.04610400      0.19507424
 24578.48171110    406.85994664      3.04734446      0.19503163
 24588.48671360    406.69439621      3.04858492      0.19488657
 24598.49171610    406.52898044      3.04982539      0.19463978
 24608.49671860    406.36369917      3.05106585      0.19429220
 24618.50172110    406.19855225      3.05230631      0.19384500
 24628.50672360    406.03353950      3.05354678      0.19329962
 24638.51172610    405.86866077      3.05478724      0.19265774
 24648.51672860    405.70391589      3.05602770      0.19192128
 24658.52173111    405.53930469      3.05726816      0.19109239
 24668.52673361    405.37482702      3.05850863      0.19017347
 24678.53173611    405.21048272      3.05974909      0.18916716
 24688.53673861    405.04627161      3.06098955      0.18807631
 24698.54174111    404.88219355      3.06223001      0.18690403
 24708.54674361    404.71824836      3.06347048      0.18565361
 24718.55174611    404.55443589      3.06471094      0.18432858
 24728.55674861    404.39075597      3.06595140      0.18293267
 24738.56175112    404.22720844      3.06719186      0.18146981
 24748.56675362    404.06379315      3.06843233      0.17994412
 24758.57175612    403.90050994      3.06967279      0.17835990
 24768.57675862    403.73735863      3.07091325      0.17672163
 24778.58176112    403.57433908      3.07215372      0.17503396
 24788.58676362    403.41145112      3.07339418      0.17330166
 24798.59176612    403.24869460      3.07463464      0.17152970
 24808.59676862    403.08606935      3.07587510      0.16972314
 24818.60177113    402.92357522      3.07711557      0.16788717
 24828.60677363    402.76121205      3.07835603      0.16602710
 24838.61177613    402.59897967      3.07959649      0.16414835
 24848.61677863    402.43687794      3.08083695      0.16225640
 24858.62178113    402.27490670      3.08207742      0.16035684
 24868.62678363    402.11306578      3.08331788      0.15845529
 24878.63178613    401.95135502      3.08455834      0.15655744
 24888.63678863    401.78977429      3.08579880      0.15466904
 24898.64179114    401.62832340      3.08703927      0.15279584
 24908.64679364    401.46700222      3.08827973      0.15094362
 24918.65179614    401.30581058      3.08952019      0.14911817
 24928.65679864    401.14474833      3.09076066      0.14732527
 24938.66180114    400.98381530      3.09200112      0.14557069
 24948.66680364    400.82301136      3.09324158      0.14386017
 24958.67180614    400.66233633      3.09448204      0.14219942
 24968.67680864    400.50179007      3.09572251      0.14059410
 24978.68181115    400.34137242      3.09696297      0.13904979
 24988.68681365    400.18108323      3.09820343      0.13757204
 24998.69181615    400.02092234      3.09944389      0.13616631
 25008.69681865    399.86088960      3.10068436      0.13483797
 25018.70182115    399.70098485      3.10192482      0.13359229
 25028.70682365    399.54120794      3.10316528      0.13243447
 25038.71182615    399.38155872      3.10440574      0.13136956
 25048.71682865    399.22203704      3.10564621      0.13040253
 25058.72183116    399.06264274      3.10688667      0.12953821
 25068.72683366    398.90337567      3.10812713      0.12878131
 25078.73183616    398.74423567      3.10936760      0.12813639
 25088.73683866    398.58522260      3.11060806      0.12760788
 25098.74184116    398.42633630      3.11184852      0.12720007
 25108.74684366    398.26757663      3.11308898      0.12691710
 25118.75184616    398.10894342      3.11432945      0.12676295
 25128.75684866    397.95043654      3.11556991      0.12674143
 25138.76185117    397.79205582      3.11681037      0.12685621
 25148.76685367    397.63380112      3.11805083      0.12711078
 25158.77185617    397.47567229      3.11929130      0.12750848
 25168.77685867    397.31766918      3.12053176      0.12805245
 25178.78186117    397.15979163      3.12177222      0.12874567
 25188.78686367    397.00203951      3.12301268      0.12959096
 25198.79186617    396.84441265      3.12425315      0.13059094
 25208.79686867    396.68691091      3.12549361      0.13174804
 25218.80187118    396.52953414      3.12673407      0.13306454
 25228.80687368    396.37228220      3.12797454      0.13454251
 25238.81187618    396.21515492      3.12921500      0.13618384
 25248.81687868    396.05815218      3.13045546      0.13799022
 25258.82188118    395.90127381      3.13169592      0.13996317
 25268.82688368    395.74451967      3.13293639      0.14210399
 25278.83188618    395.58788961      3.13417685      0.14441381
 25288.83688868    395.43138348      3.13541731      0.14689354
 25298.84189119    395.27500115      3.13665777      0.14954391
 25308.84689369    395.11874245      3.13789824      0.15236542
 25318.85189619    394.96260725      3.13913870      0.15535839
 25328.85689869    394.80659540      3.14037916      0.15852291
 25338.86190119    394.65070675      3.14161962      0.16185888
 25348.86690369    394.49494116      3.14286009      0.16536595
 25358.87190619    394.33929847      3.14410055      0.16904359
 25368.87690869    394.18377856      3.14534101      0.17289102
 25378.88191120    394.02838126      3.14658148      0.17690723
 25388.88691370    393.87310643      3.14782194      0.18109098
 25398.89191620    393.71795394      3.14906240      0.18544082
 25408.89691870    393.56292363      3.15030286      0.18995502
 25418.90192120    393.40801537      3.15154333      0.19463162
 25428.90692370    393.25322900      3.15278379      0.19946842
 25438.91192620    393.09856438      3.15402425      0.20446293
 25448.91692870    392.94402137      3.15526471      0.20961242
 25458.92193121    392.78959983      3.15650518      0.21491390
 25468.92693371    392.63529962      3.15774564      0.22036408
 25478.93193621    392.48112058      3.15898610      0.22595942
 25488.93693871    392.32706259      3.16022656      0.23169608
 25498.94194121    392.17312548      3.16146703      0.23756993
 25508.94694371    392.01930913      3.16270749      0.24357654
 25518.95194621    391.86561339      3.16394795      0.24971120
 25528.95694871    391.71203812      3.16518842      0.25596888
 25538.96195122    391.55858318      3.16642888      0.26234427
 25548.96695372    391.40524843      3.16766934      0.26883170
 25558.97195622    391.25203372      3.16890980      0.27542525
 25568.97695872    391.09893891      3.17015027      0.28211863
 25578.98196122    390.94596387      3.17139073      0.28890527
 25588.98696372    390.79310845      3.17263119      0.29577826
 25598.99196622    390.64037251      3.17387165      0.30273040
 25608.99696872    390.48775592      3.17511212      0.30975414
 25619.00197123    390.33525852      3.17635258      0.31684165
 25629.00697373    390.18288020      3.17759304      0.32398477
 25639.01197623    390.03062079      3.17883350      0.33117504
 25649.01697873    389.87848017      3.18007397      0.33840370
 25659.02198123    389.72645820      3.18131443      0.34566169
 25669.02698373    389.57455473      3.18255489      0.35293969
 25679.03198623    389.42276963      3.18379536      0.36022808
 25689.03698873    389.27110277      3.18503582      0.36751698
 25699.04199124    389.11955399      3.18627628      0.37479628
 25709.04699374    388.96812317      3.18751674      0.38205560
 25719.05199624    388.81681016      3.18875721      0.38928436
 25729.05699874    388.66561484      3.18999767      0.39647178
 25739.06200124    388.51453705      3.19123813      0.40360688
 25749.06700374    388.36357667      3.19247859      0.41067852
 25759.07200624    388.21273356      3.19371906      0.41767542
 25769.07700874    388.06200758      3.19495952      0.42458617
 25779.08201125    387.91139860      3.19619998      0.43139928
 25789.08701375    387.76090647      3.19744044      0.43810318
 25799.09201625    387.61053107      3.19868091      0.44468625
 25809.09701875    387.46027226      3.19992137      0.45113687
 25819.10202125    387.31012989      3.20116183      0.45744344
 25829.10702375    387.16010385      3.20240230      0.46359438
 25839.11202625    387.01019398      3.20364276      0.46957822
 25849.11702875    386.86040016      3.20488322      0.47538359
 25859.12203126    386.71072225      3.20612368      0.48099926
 25869.12703376    386.56116012      3.20736415      0.48641418
 25879.13203626    386.41171364      3.20860461      0.49161752
 25889.13703876    386.26238266      3.20984507      0.49659871
 25899.14204126    386.11316706      3.21108553      0.50134745
 25909.14704376    385.96406669      3.21232600      0.50585376
 25919.15204626    385.81508144      3.21356646      0.51010803
 25929.15704876    385.66621116      3.21480692      0.51410102
 25939.16205127    385.51745572      3.21604738      0.51782395
 25949.16705377    385.36881499      3.21728785      0.52126846
 25959.17205627    385.22028884      3.21852831      0.52442671
 25969.17705877    385.07187713      3.21976877      0.52729138
 25979.18206127    384.92357973      3.22100924      0.52985571
 25989.18706377    384.77539652      3.22224970      0.53211352
 25999.19206627    384.62732735      3.22349016      0.53405926
 26009.19706877    384.47937209      3.22473062      0.53568800
 26019.20207128    384.33153062      3.22597109      0.53699549
 26029.20707378    384.18380280      3.22721155      0.53797819
 26039.21207628    384.03618851      3.22845201      0.53863324
 26049.21707878    383.88868761      3.22969247      0.53895853
 26059.22208128    383.74129997      3.23093294      0.53895270
 26069.22708378    383.59402546      3.23217340      0.53861515
 26079.23208628    383.44686395      3.23341386      0.53794605
 26089.23708878    383.29981531      3.23465432      0.53694636
 26099.24209129    383.15287941      3.23589479      0.53561783
 26109.24709379    383.00605612      3.23713525      0.53396300
 26119.25209629    382.85934531      3.23837571      0.53198521
 26129.25709879    382.71274686      3.23961618      0.52968859
 26139.26210129    382.56626062      3.24085664      0.52707806
 26149.26710379    382.41988649      3.24209710      0.52415934
 26159.27210629    382.27362432      3.24333756      0.52093889
 26169.27710879    382.12747398      3.24457803      0.51742396
 26179.28211130    381.98143536      3.24581849      0.51362252
 26189.28711380    381.83550832      3.24705895      0.50954329
 26199.29211630    381.68969273      3.24829941      0.50519567
 26209.29711880    381.54398847      3.24953988      0.50058975
 26219.30212130    381.39839540      3.25078034      0.49573630
 26229.30712380    381.25291341      3.25202080      0.49064669
 26239.31212630    381.10754236      3.25326126      0.48533290
 26249.31712880    380.96228212      3.25450173      0.47980748
 26259.32213131    380.81713258      3.25574219      0.47408351
 26269.32713381    380.67209360      3.25698265      0.46817457
 26279.33213631    380.52716506      3.25822312      0.46209470
 26289.33713881    380.38234683      3.25946358      0.45585837
 26299.34214131    380.23763879      3.26070404      0.44948043
 26309.34714381    380.09304081      3.26194450      0.44297608
 26319.35214631    379.94855276      3.26318497      0.43636081
 26329.35714881    379.80417452      3.26442543      0.42965038
 26339.36215132    379.65990597      3.26566589      0.42286079
 26349.36715382    379.51574697      3.26690635      0.41600818
 26359.37215632    379.37169741      3.26814682      0.40910887
 26369.37715882    379.22775716      3.26938728      0.40217924
 26379.38216132    379.08392609      3.27062774      0.39523574
 26389.38716382    378.94020409      3.27186820      0.38829484
 26399.39216632    378.79659102      3.27310867      0.38137296
 26409.39716882    378.65308677      3.27434913      0.37448648
 26419.40217133    378.50969120      3.27558959      0.36765166
 26429.40717383    378.36640420      3.27683006      0.36088461
 26439.41217633    378.22322565      3.27807052      0.35420129
 26449.41717883    378.08015541      3.27931098      0.34761744
 26459.42218133    377.93719338      3.28055144      0.34114853
 26469.42718383    377.79433941      3.28179191      0.33480979
 26479.43218633    377.65159340      3.28303237      0.32861613
 26489.43718883    377.50895522      3.28427283      0.32258213
 26499.44219134    377.36642475      3.28551329      0.31672202
 26509.44719384    377.22400186      3.28675376      0.31104963
 26519.45219634    377.08168644      3.28799422      0.30557842
 26529.45719884    376.93947836      3.28923468      0.30032140
 26539.46220134    376.79737749      3.29047514      0.29529116
 26549.46720384    376.65538373      3.29171561      0.29049982
 26559.47220634    376.51349695      3.29295607      0.28595904
 26569.47720884    376.37171703      3.29419653      0.28168000
 26579.48221135    376.23004384      3.29543700      0.27767339
 26589.48721385    376.08847727      3.29667746      0.27394940
 26599.49221635    375.94701719      3.29791792      0.27051771
 26609.49721885    375.80566349      3.29915838      0.26738752
 26619.50222135    375.66441605      3.30039885      0.26456748
 26629.50722385    375.52327475      3.30163931      0.26206575
 26639.51222635    375.38223946      3.30287977      0.25988998
 26649.51722885    375.24131007      3.30412023      0.25804730
 26659.52223136    375.10048645      3.30536070      0.25654434
 26669.52723386    374.95976850      3.30660116      0.25538722
 26679.53223636    374.81915609      3.30784162      0.25458155
 26689.53723886    374.67864909      3.30908208      0.25413249
 26699.54224136    374.53824740      3.31032255      0.25404465
 26709.54724386    374.39795090      3.31156301      0.25432223
 26719.55224636    374.25775946      3.31280347      0.25496889
 26729.55724886    374.11767297      3.31404394      0.25598788
 26739.56225137    373.97769132      3.31528440      0.25738196
 26749.56725387    373.83781437      3.31652486      0.25915345
 26759.57225637    373.69804202      3.31776532      0.26130424
 26769.57725887    373.55837415      3.31900579      0.26383578
 26779.58226137    373.41881064      3.32024625      0.26674909
 26789.58726387    373.27935138      3.32148671      0.27004477
 26799.59226637    373.13999624      3.32272717      0.27372301
 26809.59726887    373.00074512      3.32396764      0.27778360
 26819.60227138    372.86159789      3.32520810      0.28222592
 26829.60727388    372.72255443      3.32644856      0.28704895
 26839.61227638    372.58361464      3.32768902      0.29225127
 26849.61727888    372.44477840      3.32892949      0.29783107
 26859.62228138    372.30604559      3.33016995      0.30378615
 26869.62728388    372.16741609      3.33141041      0.31011391
 26879.63228638    372.02888979      3.33265088      0.31681136
 26889.63728888    371.89046658      3.33389134      0.32387510
 26899.64229139    371.75214634      3.33513180      0.33130133
 26909.64729389    371.61392895      3.33637226      0.33908584
 26919.65229639    371.47581430      3.33761273      0.34722401
 26929.65729889    371.33780228      3.33885319      0.35571078
 26939.66230139    371.19989277      3.34009365      0.36454068
 26949.66730389    371.06208566      3.34133411      0.37370777
 26959.67230639    370.92438083      3.34257458      0.38320566
 26969.67730889    370.78677817      3.34381504      0.39302751
 26979.68231140    370.64927756      3.34505550      0.40316598
 26989.68731390    370.51187890      3.34629596      0.41361325
 26999.69231640    370.37458207      3.34753643      0.42436096
 27009.69731890    370.23738695      3.34877689      0.43540026
 27019.70232140    370.10029343      3.35001735      0.44672174
 27029.70732390    369.96330141      3.35125782      0.45831544
 27039.71232640    369.82641076      3.35249828      0.47017083
 27049.71732890    369.68962137      3.35373874      0.48227679
 27059.72233141    369.55293314      3.35497920      0.49462160
 27069.72733391    369.41634595      3.35621967      0.50719293
 27079.73233641    369.27985969      3.35746013      0.51997783
 27089.73733891    369.14347424      3.35870059      0.53296269
 27099.74234141    369.00718950      3.35994105      0.54613328
 27109.74734391    368.87100535      3.36118152      0.55947468
 27119.75234641    368.73492169      3.36242198      0.57297133
 27129.75734891    368.59893839      3.36366244      0.58660700
 27139.76235142    368.46305535      3.36490290      0.60036478
 27149.76735392    368.32727247      3.36614337      0.61422711
 27159.77235642    368.19158962      3.36738383      0.62817573
 27169.77735892    368.05600670      3.36862429      0.64219177
 27179.78236142    367.92052359      3.36986476      0.65625566
 27189.78736392    367.78514020      3.37110522      0.67034724
 27199.79236642    367.64985640      3.37234568      0.68444570
 27209.79736892    367.51467209      3.37358614      0.69852965
 27219.80237143    367.37958715      3.37482661      0.71257711
 27229.80737393    367.24460149      3.37606707      0.72656558
 27239.81237643    367.10971498      3.37730753      0.74047203
 27249.81737893    366.97492752      3.37854799      0.75427297
 27259.82238143    366.84023900      3.37978846      0.76794448
 27269.82738393    366.70564932      3.38102892      0.78146225
 27279.83238643    366.57115835      3.38226938      0.79480162
 27289.83738893    366.43676600      3.38350984      0.80793768
 27299.84239144    366.30247216      3.38475031      0.82084528
 27309.84739394    366.16827671      3.38599077      0.83349910
 27319.85239644    366.03417956      3.38723123      0.84587375
 27329.85739894    365.90018058      3.38847170      0.85794379
 27339.86240144    365.76627968      3.38971216      0.86968385
 27349.86740394    365.63247675      3.39095262      0.88106867
 27359.87240644    365.49877167      3.39219308      0.89207320
 27369.87740894    365.36516434      3.39343355      0.90267267
 27379.88241145    365.23165466      3.39467401      0.91284268
 27389.88741395    365.09824252      3.39591447      0.92255929
 27399.89241645    364.96492780      3.39715493      0.93179907
 27409.89741895    364.83171041      3.39839540      0.94053926
 27419.90242145    364.69859024      3.39963586      0.94875777
 27429.90742395    364.56556718      3.40087632      0.95643334
 27439.91242645    364.43264112      3.40211678      0.96354558
 27449.91742895    364.29981196      3.40335725      0.97007509
 27459.92243146    364.16707959      3.40459771      0.97600350
 27469.92743396    364.03444391      3.40583817      0.98131361
 27479.93243646    363.90190481      3.40707864      0.98598941
 27489.93743896    363.76946218      3.40831910      0.99001621
 27499.94244146    363.63711593      3.40955956      0.99338067
 27509.94744396    363.50486594      3.41080002      0.99607089
 27519.95244646    363.37271211      3.41204049      0.99807647
 27529.95744896    363.24065434      3.41328095      0.99938859
 27539.96245147    363.10869251      3.41452141      1.00000000
 27549.96745397    362.97682654      3.41576187      0.99990515
 27559.97245647    362.84505630      3.41700234      0.99910017
 27569.97745897    362.71338170      3.41824280      0.99758294
 27579.98246147    362.58180264      3.41948326      0.99535310
 27589.98746397    362.45031900      3.42072372      0.99241208
 27599.99246647    362.31893069      3.42196419      0.98876311
 27609.99746897    362.18763761      3.42320465      0.98441123
 27620.00247148    362.05643964      3.42444511      0.97936329
 27630.00747398    361.92533668      3.42568558      0.97362793
 27640.01247648    361.79432864      3.42692604      0.96721558
 27650.01747898    361.66341541      3.42816650      0.96013843
 27660.02248148    361.53259688      3.42940696      0.95241040
 27670.02748398    361.40187296      3.43064743      0.94404710
 27680.03248648    361.27124354      3.43188789      0.93506578
 27690.03748898    361.14070852      3.43312835      0.92548528
 27700.04249149    361.01026779      3.43436881      0.91532599
 27710.04749399    360.87992125      3.43560928      0.90460973
 27720.05249649    360.74966881      3.43684974      0.89335976
 27730.05749899    360.61951036      3.43809020      0.88160063
 27740.06250149    360.48944580      3.43933066      0.86935813
 27750.06750399    360.35947502      3.44057113      0.85665920
 27760.07250649    360.22959793      3.44181159      0.84353183
 27770.07750899    360.09981443      3.44305205      0.83000498
 27780.08251150    359.97012440      3.44429252      0.81610846
 27790.08751400    359.84052776      3.44553298      0.80187286
 27800.09251650    359.71102440      3.44677344      0.78732940
 27810.09751900    359.58161422      3.44801390      0.77250987
 27820.10252150    359.45229712      3.44925437      0.75744650
 27830.10752400    359.32307301      3.45049483      0.74217186
 27840.11252650    359.19394177      3.45173529      0.72671876
 27850.11752900    359.06490331      3.45297575      0.71112011
 27860.12253151    358.93595752      3.45421622      0.69540888
 27870.12753401    358.80710432      3.45545668      0.67961794
 27880.13253651    358.67834360      3.45669714      0.66377997
 27890.13753901    358.54967526      3.45793760      0.64792740
 27900.14254151    358.42109920      3.45917807      0.63209226
 27910.14754401    358.29261532      3.46041853      0.61630614
 27920.15254651    358.16422353      3.46165899      0.60060006
 27930.15754901    358.03592372      3.46289946      0.58500443
 27940.16255152    357.90771579      3.46413992      0.56954893
 27950.16755402    357.77959965      3.46538038      0.55426248
 27960.17255652    357.65157520      3.46662084      0.53917314
 27970.17755902    357.52364233      3.46786131      0.52430807
 27980.18256152    357.39580096      3.46910177      0.50969343
 27990.18756402    357.26805098      3.47034223      0.49535442
 28000.19256652    357.14039230      3.47158269      0.48131513
 28010.19756902    357.01282481      3.47282316      0.46759857
 28020.20257153    356.88534842      3.47406362      0.45422663
 28030.20757403    356.75796304      3.47530408      0.44122003
 28040.21257653    356.63066855      3.47654454      0.42859831
 28050.21757903    356.50346488      3.47778501      0.41637981
 28060.22258153    356.37635192      3.47902547      0.40458168
 28070.22758403    356.24932957      3.48026593      0.39321985
 28080.23258653    356.12239773      3.48150640      0.38230905
 28090.23758903    355.99555632      3.48274686      0.37186280
 28100.24259154    355.86880523      3.48398732      0.36189343
 28110.24759404    355.74214436      3.48522778      0.35241209
 28120.25259654    355.61557362      3.48646825      0.34342879
 28130.25759904    355.48909292      3.48770871      0.33495239
 28140.26260154    355.36270216      3.48894917      0.32699063
 28150.26760404    355.23640124      3.49018963      0.31955020
 28160.27260654    355.11019006      3.49143010      0.31263671
 28170.27760904    354.98406854      3.49267056      0.30625479
 28180.28261155    354.85803657      3.49391102      0.30040808
 28190.28761405    354.73209406      3.49515148      0.29509928
 28200.29261655    354.60624092      3.49639195      0.29033020
 28210.29761905    354.48047705      3.49763241      0.28610180
 28220.30262155    354.35480235      3.49887287      0.28241423
 28230.30762405    354.22921673      3.50011334      0.27926686
 28240.31262655    354.10372009      3.50135380      0.27665833
 28250.31762905    353.97831235      3.50259426      0.27458663
 28260.32263156    353.85299340      3.50383472      0.27304907
 28270.32763406    353.72776315      3.50507519      0.27204238
 28280.33263656    353.60262151      3.50631565      0.27156274
 28290.33763906    353.47756839      3.50755611      0.27160580
 28300.34264156    353.35260369      3.50879657      0.27216671
 28310.34764406    353.22772731      3.51003704      0.27324021
 28320.35264656    353.10293916      3.51127750      0.27482060
 28330.35764906    352.97823915      3.51251796      0.27690181
 28340.36265157    352.85362719      3.51375842      0.27947741
 28350.36765407    352.72910319      3.51499889      0.28254067
 28360.37265657    352.60466704      3.51623935      0.28608452
 28370.37765907    352.48031865      3.51747981      0.29010165
 28380.38266157    352.35605794      3.51872028      0.29458444
 28390.38766407    352.23188482      3.51996074      0.29952508
 28400.39266657    352.10779918      3.52120120      0.30491548
 28410.39766907    351.98380093      3.52244166      0.31074734
 28420.40267158    351.85988999      3.52368213      0.31701214
 28430.40767408    351.73606626      3.52492259      0.32370114
 28440.41267658    351.61232966      3.52616305      0.33080539
 28450.41767908    351.48868007      3.52740351      0.33831570
 28460.42268158    351.36511743      3.52864398      0.34622266
 28470.42768408    351.24164163      3.52988444      0.35451662
 28480.43268658    351.11825258      3.53112490      0.36318768
 28490.43768908    350.99495019      3.53236536      0.37222568
 28500.44269159    350.87173437      3.53360583      0.38162015
 28510.44769409    350.74860503      3.53484629      0.39136035
 28520.45269659    350.62556208      3.53608675      0.40143517
 28530.45769909    350.50260543      3.53732722      0.41183319
 28540.46270159    350.37973498      3.53856768      0.42254258
 28550.46770409    350.25695065      3.53980814      0.43355113
 28560.47270659    350.13425234      3.54104860      0.44484617
 28570.47770909    350.01163997      3.54228907      0.45641459
 28580.48271160    349.88911344      3.54352953      0.46824278
 28590.48771410    349.76667266      3.54476999      0.48031660
 28600.49271660    349.64431755      3.54601045      0.49262136
 28610.49771910    349.52204802      3.54725092      0.50514181
 28620.50272160    349.39986397      3.54849138      0.51786206
 28630.50772410    349.27776531      3.54973184      0.53076563
 28640.51272660    349.15575196      3.55097230      0.54383535
 28650.51772910    349.03382383      3.55221277      0.55705339
 28660.52273161    348.91198082      3.55345323      0.57040122
 28670.52773411    348.79022285      3.55469369      0.58385959
 28680.53273661    348.66854983      3.55593416      0.59740856
 28690.53773911    348.54696167      3.55717462      0.61102743
 28700.54274161    348.42545828      3.55841508      0.62469479
 28710.54774411    348.30403957      3.55965554      0.63838850
 28720.55274661    348.18270546      3.56089601      0.65208569
 28730.55774911    348.06145585      3.56213647      0.66576280
 28740.56275162    347.94029066      3.56337693      0.67939558
 28750.56775412    347.81920980      3.56461739      0.69295911
 28760.57275662    347.69821318      3.56585786      0.70642784
 28770.57775912    347.57730072      3.56709832      0.71977566
 28780.58276162    347.45647232      3.56833878      0.73297587
 28790.58776412    347.33572790      3.56957924      0.74600132
 28800.59276662    347.21506736      3.57081971      0.75882438
 28810.59776912    347.09449064      3.57206017      0.77141708
 28820.60277163    346.97399762      3.57330063      0.78375115
 28830.60777413    346.85358824      3.57454110      0.79579807
 28840.61277663    346.73326240      3.57578156      0.80752921
 28850.61777913    346.61302001      3.57702202      0.81891588
 28860.62278163    346.49286099      3.57826248      0.82992943
 28870.62778413    346.37278525      3.57950295      0.84054135
 28880.63278663    346.25279271      3.58074341      0.85072338
 28890.63778913    346.13288327      3.58198387      0.86044761
 28900.64279164    346.01305686      3.58322433      0.86968662
 28910.64779414    345.89331338      3.58446480      0.87841353
 28920.65279664    345.77365276      3.58570526      0.88660217
 28930.65779914    345.65407489      3.58694572      0.89422717
 28940.66280164    345.53457971      3.58818618      0.90126411
 28950.66780414    345.41516711      3.58942665      0.90768959
 28960.67280664    345.29583703      3.59066711      0.91348135
 28970.67780914    345.17658936      3.59190757      0.91861843
 28980.68281165    345.05742403      3.59314804      0.92308124
 28990.68781415    344.93834095      3.59438850      0.92685166
 29000.69281665    344.81934003      3.59562896      0.92991317
 29010.69781915    344.70042120      3.59686942      0.93225092
 29020.70282165    344.58158436      3.59810989      0.93385184
 29030.70782415    344.46282943      3.59935035      0.93470472
 29040.71282665    344.34415633      3.60059081      0.93480025
 29050.71782915    344.22556497      3.60183127      0.93413115
 29060.72283166    344.10705527      3.60307174      0.93269218
 29070.72783416    343.98862714      3.60431220      0.93048020
 29080.73283666    343.87028050      3.60555266      0.92749422
 29090.73783916    343.75201526      3.60679312      0.92373540
 29100.74284166    343.63383134      3.60803359      0.91920710
 29110.74784416    343.51572866      3.60927405      0.91391489
 29120.75284666    343.39770713      3.61051451      0.90786649
 29130.75784916    343.27976668      3.61175498      0.90107183
 29140.76285167    343.16190720      3.61299544      0.89354297
 29150.76785417    343.04412864      3.61423590      0.88529406
 29160.77285667    342.92643089      3.61547636      0.87634134
 29170.77785917    342.80881387      3.61671683      0.86670303
 29180.78286167    342.69127751      3.61795729      0.85639928
 29190.78786417    342.57382172      3.61919775      0.84545209
 29200.79286667    342.45644641      3.62043821      0.83388522
 29210.79786917    342.33915151      3.62167868      0.82172408
 29220.80287168    342.22193694      3.62291914      0.80899565
 29230.80787418    342.10480260      3.62415960      0.79572834
 29240.81287668    341.98774842      3.62540006      0.78195187
 29250.81787918    341.87077431      3.62664053      0.76769715
 29260.82288168    341.75388020      3.62788099      0.75299617
 29270.82788418    341.63706599      3.62912145      0.73788181
 29280.83288668    341.52033162      3.63036192      0.72238776
 29290.83788918    341.40367699      3.63160238      0.70654834
 29300.84289169    341.28710203      3.63284284      0.69039835
 29310.84789419    341.17060665      3.63408330      0.67397295
 29320.85289669    341.05419078      3.63532377      0.65730752
 29330.85789919    340.93785432      3.63656423      0.64043747
 29340.86290169    340.82159721      3.63780469      0.62339817
 29350.86790419    340.70541935      3.63904515      0.60622474
 29360.87290669    340.58932067      3.64028562      0.58895196
 29370.87790919    340.47330109      3.64152608      0.57161414
 29380.88291170    340.35736052      3.64276654      0.55424496
 29390.88791420    340.24149889      3.64400700      0.53687738
 29400.89291670    340.12571611      3.64524747      0.51954354
 29410.89791920    340.01001211      3.64648793      0.50227460
 29420.90292170    339.89438680      3.64772839      0.48510071
 29430.90792420    339.77884010      3.64896886      0.46805087
 29440.91292670    339.66337194      3.65020932      0.45115285
 29450.91792920    339.54798223      3.65144978      0.43443317
 29460.92293171    339.43267089      3.65269024      0.41791694
 29470.92793421    339.31743785      3.65393071      0.40162791
 29480.93293671    339.20228302      3.65517117      0.38558835
 29490.93793921    339.08720632      3.65641163      0.36981901
 29500.94294171    338.97220768      3.65765209      0.35433916
 29510.94794421    338.85728701      3.65889256      0.33916649
 29520.95294671    338.74244424      3.66013302      0.32431713
 29530.95794921    338.62767929      3.66137348      0.30980567
 29540.96295172    338.51299208      3.66261394      0.29564511
 29550.96795422    338.39838252      3.66385441      0.28184693
 29560.97295672    338.28385054      3.66509487      0.26842105
 29570.97795922    338.16939607      3.66633533      0.25537593
 29580.98296172    338.05501901      3.66757580      0.24271851
 29590.98796422    337.94071931      3.66881626      0.23045433
 29600.99296672    337.82649686      3.67005672      0.21858753
 29610.99796922    337.71235161      3.67129718      0.20712091
 29621.00297173    337.59828346      3.67253765      0.19605598
 29631.00797423    337.48429234      3.67377811      0.18539302
 29641.01297673    337.37037818      3.67501857      0.17513114
 29651.01797923    337.25654089      3.67625903      0.16526835
 29661.02298173    337.14278040      3.67749950      0.15580159
 29671.02798423    337.02909663      3.67873996      0.14672686
 29681.03298673    336.91548950      3.67998042      0.13803922
 29691.03798923    336.80195893      3.68122088      0.12973292
 29701.04299174    336.68850486      3.68246135      0.12180143
 29711.04799424    336.57512719      3.68370181      0.11423750
 29721.05299674    336.46182585      3.68494227      0.10703328
 29731.05799924    336.34860077      3.68618274      0.10018035
 29741.06300174    336.23545187      3.68742320      0.09366978
 29751.06800424    336.12237907      3.68866366      0.08749222
 29761.07300674    336.00938230      3.68990412      0.08163795
 29771.07800924    335.89646147      3.69114459      0.07609695
 29781.08301175    335.78361652      3.69238505      0.07085893
 29791.08801425    335.67084736      3.69362551      0.06591343
 29801.09301675    335.55815392      3.69486597      0.06124985
 29811.09801925    335.44553613      3.69610644      0.05685749
 29821.10302175    335.33299390      3.69734690      0.05272562
 29831.10802425    335.22052716      3.69858736      0.04884350
 29841.11302675    335.10813583      3.69982782      0.04520046
 29851.11802925    334.99581985      3.70106829      0.04178590
 29861.12303176    334.88357913      3.70230875      0.03858933
 29871.12803426    334.77141359      3.70354921      0.03560042
 29881.13303676    334.65932317      3.70478968      0.03280903
 29891.13803926    334.54730778      3.70603014      0.03020520
 29901.14304176    334.43536736      3.70727060      0.02777921
 29911.14804426    334.32350182      3.70851106      0.02552161
 29921.15304676    334.21171109      3.70975153      0.02342318
 29931.15804926    334.09999510      3.71099199      0.02147500
 29941.16305177    333.98835377      3.71223245      0.01966844
 29951.16805427    333.87678702      3.71347291      0.01799517
 29961.17305677    333.76529479      3.71471338      0.01644718
 29971.17805927    333.65387700      3.71595384      0.01501674
 29981.18306177    333.54253356      3.71719430      0.01369648
 29991.18806427    333.43126442      3.71843476      0.01247933
 30001.19306677    333.32006948      3.71967523      0.01135854
 30011.19806927    333.20894869      3.72091569      0.01032766
 30021.20307178    333.09790196      3.72215615      0.00938060
 30031.20807428    332.98692923      3.72339662      0.00851152
 30041.21307678    332.87603041      3.72463708      0.00771494
 30051.21807928    332.76520543      3.72587754      0.00698564
 30061.22308178    332.65445422      3.72711800      0.00631870
 30071.22808428    332.54377671      3.72835847      0.00570950
 30081.23308678    332.43317283      3.72959893      0.00515367
 30091.23808928    332.32264249      3.73083939      0.00464711
 30101.24309179    332.21218563      3.73207985      0.00418598
 30111.24809429    332.10180217      3.73332032      0.00376668
 30121.25309679    331.99149204      3.73456078      0.00338586
 30131.25809929    331.88125516      3.73580124      0.00304038
 30141.26310179    331.77109147      3.73704170      0.00272730
 30151.26810429    331.66100089      3.73828217      0.00244392
 30161.27310679    331.55098335      3.73952263      0.00218770
 30171.27810929    331.44103877      3.74076309      0.00195630
 30181.28311180    331.33116709      3.74200356      0.00174756
 30191.28811430    331.22136822      3.74324402      0.00155947
 30201.29311680    331.11164210      3.74448448      0.00139017
 30211.29811930    331.00198866      3.74572494      0.00123796
 30221.30312180    330.89240783      3.74696541      0.00110127
 30231.30812430    330.78289952      3.74820587      0.00097865
 30241.31312680    330.67346367      3.74944633      0.00086877
 30251.31812930    330.56410021      3.75068679      0.00077043
 30261.32313181    330.45480907      3.75192726      0.00068251
 30271.32813431    330.34559016      3.75316772      0.00060399
 30281.33313681    330.23644344      3.75440818      0.00053395
 30291.33813931    330.12736881      3.75564864      0.00047154
 30301.34314181    330.01836621      3.75688911      0.00041599
 30311.34814431    329.90943557      3.75812957      0.00036660
 30321.35314681    329.80057681      3.75937003      0.00032274
 30331.35814931    329.69178987      3.76061050      0.00028383
 30341.36315182    329.58307468      3.76185096      0.00024935
 30351.36815432    329.47443116      3.76309142      0.00021883
 30361.37315682    329.36585924      3.76433188      0.00019185
 30371.37815932    329.25735886      3.76557235      0.00016802
 30381.38316182    329.14892993      3.76681281      0.00014699
 30391.38816432    329.04057240      3.76805327      0.00012846
 30401.39316682    328.93228619      3.76929373      0.00011215
 30411.39816932    328.82407122      3.77053420      0.00009781
 30421.40317183    328.71592744      3.77177466      0.00008522
 30431.40817433    328.60785476      3.77301512      0.00007416
 30441.41317683    328.49985313      3.77425558      0.00006448
 30451.41817933    328.39192246      3.77549605      0.00005600
 30461.42318183    328.28406269      3.77673651      0.00004859
 30471.42818433    328.17627376      3.77797697      0.00004211
 30481.43318683    328.06855558      3.77921744      0.00003646
 30491.43818933    327.96090809      3.78045790      0.00003153
 30501.44319184    327.85333122      3.78169836      0.00002724
 30511.44819434    327.74582491      3.78293882      0.00002351
 30521.45319684    327.63838907      3.78417929      0.00002027
 30531.45819934    327.53102365      3.78541975      0.00001746
 30541.46320184    327.42372857      3.78666021      0.00001502
 30551.46820434    327.31650377      3.78790067      0.00001291
 30561.47320684    327.20934917      3.78914114      0.00001108
 30571.47820934    327.10226470      3.79038160      0.00000951
 30581.48321185    326.99525031      3.79162206      0.00000815
 30591.48821435    326.88830591      3.79286252      0.00000697
 30601.49321685    326.78143144      3.79410299      0.00000596
 30611.49821935    326.67462683      3.79534345      0.00000509
 30621.50322185    326.56789202      3.79658391      0.00000434
 30631.50822435    326.46122693      3.79782438      0.00000370
 30641.51322685    326.35463149      3.79906484      0.00000315
 30651.51822935    326.24810565      3.80030530      0.00000268
 30661.52323186    326.14164932      3.80154576      0.00000228
 30671.52823436    326.03526245      3.80278623      0.00000193
 30681.53323686    325.92894496      3.80402669      0.00000164
 30691.53823936    325.82269678      3.80526715      0.00000139
 30701.54324186    325.71651786      3.80650761      0.00000118
 30711.54824436    325.61040811      3.80774808      0.00000099
 30721.55324686    325.50436748      3.80898854      0.00000084
 30731.55824936    325.39839589      3.81022900      0.00000071
 30741.56325187    325.29249328      3.81146946      0.00000060
 30751.56825437    325.18665958      3.81270993      0.00000050
 30761.57325687    325.08089473      3.81395039      0.00000042
 30771.57825937    324.97519865      3.81519085      0.00000035
 30781.58326187    324.86957128      3.81643132      0.00000030
 30791.58826437    324.76401255      3.81767178      0.00000025
 30801.59326687    324.65852240      3.81891224      0.00000021
 30811.59826937    324.55310076      3.82015270      0.00000017
 30821.60327188    324.44774755      3.82139317      0.00000015
 30831.60827438    324.34246273      3.82263363      0.00000012
 30841.61327688    324.23724621      3.82387409      0.00000010
 30851.61827938    324.13209794      3.82511455      0.00000008
 30861.62328188    324.02701784      3.82635502      0.00000007
 30871.62828438    323.92200585      3.82759548      0.00000006
 30881.63328688    323.81706190      3.82883594      0.00000005
 30891.63828938    323.71218593      3.83007640      0.00000004
 30901.64329189    323.60737787      3.83131687      0.00000003
 30911.64829439    323.50263766      3.83255733      0.00000003
 30921.65329689    323.39796522      3.83379779      0.00000002
 30931.65829939    323.29336050      3.83503826      0.00000002
 30941.66330189    323.18882343      3.83627872      0.00000002
 30951.66830439    323.08435394      3.83751918      0.00000001
 30961.67330689    322.97995197      3.83875964      0.00000001
 30971.67830939    322.87561745      3.84000011      0.00000001
 30981.68331190    322.77135031      3.84124057      0.00000001
 30991.68831440    322.66715050      3.84248103      0.00000001
 31001.69331690    322.56301794      3.84372149      0.00000000
 31011.69831940    322.45895257      3.84496196      0.00000000
 31021.70332190    322.35495433      3.84620242      0.00000000
 31031.70832440    322.25102315      3.84744288      0.00000000
 31041.71332690    322.14715896      3.84868334      0.00000000
 31051.71832940    322.04336171      3.84992381      0.00000000
 31061.72333191    321.93963132      3.85116427      0.00000000
 31071.72833441    321.83596773      3.85240473      0.00000000
 31081.73333691    321.73237088      3.85364520      0.00000000
 31091.73833941    321.62884070      3.85488566      0.00000000
 31101.74334191    321.52537714      3.85612612      0.00000000
 31111.74834441    321.42198011      3.85736658      0.00000000
 31121.75334691    321.31864957      3.85860705      0.00000000
 31131.75834941    321.21538544      3.85984751      0.00000000
 31141.76335192    321.11218766      3.86108797      0.00000000
 31151.76835442    321.00905617      3.86232843      0.00000000
 31161.77335692    320.90599091      3.86356890      0.00000000
 31171.77835942    320.80299181      3.86480936      0.00000000
 31181.78336192    320.70005880      3.86604982      0.00000000
 31191.78836442    320.59719182      3.86729028      0.00000000
 31201.79336692    320.49439082      3.86853075      0.00000000
 31211.79836942    320.39165572      3.86977121      0.00000000
 31221.80337193    320.28898646      3.87101167      0.00000000
 31231.80837443    320.18638299      3.87225214      0.00000000
 31241.81337693    320.08384523      3.87349260      0.00000000
 31251.81837943    319.98137312      3.87473306      0.00000000
 31261.82338193    319.87896660      3.87597352      0.00000000
 31271.82838443    319.77662562      3.87721399      0.00000000
 31281.83338693    319.67435009      3.87845445      0.00000000
 31291.83838943    319.57213997      3.87969491      0.00000000
 31301.84339194    319.46999518      3.88093537      0.00000000
 31311.84839444    319.36791567      3.88217584      0.00000000
 31321.85339694    319.26590138      3.88341630      0.00000000
 31331.85839944    319.16395223      3.88465676      0.00000000
 31341.86340194    319.06206818      3.88589722      0.00000000
 31351.86840444    318.96024915      3.88713769      0.00000000
 31361.87340694    318.85849509      3.88837815      0.00000000
 31371.87840944    318.75680592      3.88961861      0.00000000
 31381.88341195    318.65518160      3.89085908      0.00000000
 31391.88841445    318.55362206      3.89209954      0.00000000
 31401.89341695    318.45212723      3.89334000      0.00000000
 31411.89841945    318.35069705      3.89458046      0.00000000
 31421.90342195    318.24933147      3.89582093      0.00000000
 31431.90842445    318.14803042      3.89706139      0.00000000
 31441.91342695    318.04679384      3.89830185      0.00000000
 31451.91842945    317.94562166      3.89954231      0.00000000
 31461.92343196    317.84451384      3.90078278      0.00000000
 31471.92843446    317.74347029      3.90202324      0.00000000
 31481.93343696    317.64249097      3.90326370      0.00000000
 31491.93843946    317.54157582      3.90450416      0.00000000
 31501.94344196    317.44072476      3.90574463      0.00000000
 31511.94844446    317.33993774      3.90698509      0.00000000
 31521.95344696    317.23921471      3.90822555      0.00000000
 31531.95844946    317.13855559      3.90946602      0.00000000
 31541.96345197    317.03796033      3.91070648      0.00000000
 31551.96845447    316.93742886      3.91194694      0.00000000
 31561.97345697    316.83696114      3.91318740      0.00000000
 31571.97845947    316.73655708      3.91442787      0.00000000
 31581.98346197    316.63621665      3.91566833      0.00000000
 31591.98846447    316.53593976      3.91690879      0.00000000
 31601.99346697    316.43572637      3.91814925      0.00000000
 31611.99846947    316.33557642      3.91938972      0.00000000
 31622.00347198    316.23548984      3.92063018      0.00000000
 31632.00847448    316.13546657      3.92187064      0.00000000
 31642.01347698    316.03550655      3.92311110      0.00000000
 31652.01847948    315.93560973      3.92435157      0.00000000
 31662.02348198    315.83577604      3.92559203      0.00000000
 31672.02848448    315.73600543      3.92683249      0.00000000
 31682.03348698    315.63629783      3.92807296      0.00000000
 31692.03848948    315.53665319      3.92931342      0.00000000
 31702.04349199    315.43707143      3.93055388      0.00000000
 31712.04849449    315.33755252      3.93179434      0.00000000
 31722.05349699    315.23809638      3.93303481      0.00000000
 31732.05849949    315.13870295      3.93427527      0.00000000
 31742.06350199    315.03937219      3.93551573      0.00000000
 31752.06850449    314.94010402      3.93675619      0.00000000
 31762.07350699    314.84089839      3.93799666      0.00000000
 31772.07850949    314.74175524      3.93923712      0.00000000
 31782.08351200    314.64267451      3.94047758      0.00000000
 31792.08851450    314.54365614      3.94171804      0.00000000
 31802.09351700    314.44470007      3.94295851      0.00000000
 31812.09851950    314.34580625      3.94419897      0.00000000
 31822.10352200    314.24697461      3.94543943      0.00000000
 31832.10852450    314.14820510      3.94667990      0.00000000
 31842.11352700    314.04949766      3.94792036      0.00000000
 31852.11852950    313.95085223      3.94916082      0.00000000
 31862.12353201    313.85226875      3.95040128      0.00000000
 31872.12853451    313.75374716      3.95164175      0.00000000
 31882.13353701    313.65528740      3.95288221      0.00000000
 31892.13853951    313.55688943      3.95412267      0.00000000
 31902.14354201    313.45855317      3.95536313      0.00000000
 31912.14854451    313.36027857      3.95660360      0.00000000
 31922.15354701    313.26206557      3.95784406      0.00000000
 31932.15854951    313.16391412      3.95908452      0.00000000
 31942.16355202    313.06582415      3.96032498      0.00000000
 31952.16855452    312.96779561      3.96156545      0.00000000
 31962.17355702    312.86982845      3.96280591      0.00000000
 31972.17855952    312.77192259      3.96404637      0.00000000
 31982.18356202    312.67407800      3.96528684      0.00000000
 31992.18856452    312.57629460      3.96652730      0.00000000
 32002.19356702    312.47857234      3.96776776      0.00000000
 32012.19856952    312.38091117      3.96900822      0.00000000
 32022.20357203    312.28331102      3.97024869      0.00000000
 32032.20857453    312.18577184      3.97148915      0.00000000
 32042.21357703    312.08829357      3.97272961      0.00000000
 32052.21857953    311.99087616      3.97397007      0.00000000
 32062.22358203    311.89351955      3.97521054      0.00000000
 32072.22858453    311.79622368      3.97645100      0.00000000
 32082.23358703    311.69898849      3.97769146      0.00000000
 32092.23858953    311.60181393      3.97893192      0.00000000
 32102.24359204    311.50469994      3.98017239      0.00000000
 32112.24859454    311.40764647      3.98141285      0.00000000
 32122.25359704    311.31065345      3.98265331      0.00000000
 32132.25859954    311.21372083      3.98389378      0.00000000
 32142.26360204    311.11684856      3.98513424      0.00000000
 32152.26860454    311.02003658      3.98637470      0.00000000
 32162.27360704    310.92328483      3.98761516      0.00000000
 32172.27860954    310.82659326      3.98885563      0.00000000
 32182.28361205    310.72996181      3.99009609      0.00000000
 32192.28861455    310.63339042      3.99133655      0.00000000
 32202.29361705    310.53687903      3.99257701      0.00000000
 32212.29861955    310.44042760      3.99381748      0.00000000
 32222.30362205    310.34403607      3.99505794      0.00000000
 32232.30862455    310.24770438      3.99629840      0.00000000
 32242.31362705    310.15143247      3.99753886      0.00000000
 32252.31862955    310.05522029      3.99877933      0.00000000
 32262.32363206    309.95906779      4.00001979      0.00000000
 32272.32863456    309.86297490      4.00126025      0.00000000
 32282.33363706    309.76694157      4.00250072      0.00000000
 32292.33863956    309.67096776      4.00374118      0.00000000
 32302.34364206    309.57505339      4.00498164      0.00000000
 32312.34864456    309.47919842      4.00622210      0.00000000
 32322.35364706    309.38340279      4.00746257      0.00000000
 32332.35864956    309.28766645      4.00870303      0.00000000
 32342.36365207    309.19198934      4.00994349      0.00000000
 32352.36865457    309.09637141      4.01118395      0.00000000
 32362.37365707    309.00081260      4.01242442      0.00000000
 32372.37865957    308.90531285      4.01366488      0.00000000
 32382.38366207    308.80987212      4.01490534      0.00000000
 32392.38866457    308.71449034      4.01614580      0.00000000
 32402.39366707    308.61916747      4.01738627      0.00000000
 32412.39866957    308.52390345      4.01862673      0.00000000
 32422.40367208    308.42869822      4.01986719      0.00000000
 32432.40867458    308.33355172      4.02110766      0.00000000
 32442.41367708    308.23846392      4.02234812      0.00000000
 32452.41867958    308.14343474      4.02358858      0.00000000
 32462.42368208    308.04846414      4.02482904      0.00000000
 32472.42868458    307.95355206      4.02606951      0.00000000
 32482.43368708    307.85869846      4.02730997      0.00000000
 32492.43868958    307.76390326      4.02855043      0.00000000
 32502.44369209    307.66916643      4.02979089      0.00000000
 32512.44869459    307.57448790      4.03103136      0.00000000
 32522.45369709    307.47986762      4.03227182      0.00000000
 32532.45869959    307.38530555      4.03351228      0.00000000
 32542.46370209    307.29080162      4.03475274      0.00000000
 32552.46870459    307.19635578      4.03599321      0.00000000
 32562.47370709    307.10196798      4.03723367      0.00000000
 32572.47870959    307.00763816      4.03847413      0.00000000
 32582.48371210    306.91336627      4.03971460      0.00000000
 32592.48871460    306.81915226      4.04095506      0.00000000
 32602.49371710    306.72499608      4.04219552      0.00000000
 32612.49871960    306.63089767      4.04343598      0.00000000
 32622.50372210    306.53685697      4.04467645      0.00000000
 32632.50872460    306.44287394      4.04591691      0.00000000
 32642.51372710    306.34894853      4.04715737      0.00000000
 32652.51872960    306.25508067      4.04839783      0.00000000
 32662.52373211    306.16127032      4.04963830      0.00000000
 32672.52873461    306.06751742      4.05087876      0.00000000
 32682.53373711    305.97382192      4.05211922      0.00000000
 32692.53873961    305.88018377      4.05335968      0.00000000
 32702.54374211    305.78660292      4.05460015      0.00000000
 32712.54874461    305.69307930      4.05584061      0.00000000
 32722.55374711    305.59961288      4.05708107      0.00000000
 32732.55874961    305.50620360      4.05832154      0.00000000
 32742.56375212    305.41285140      4.05956200      0.00000000
 32752.56875462    305.31955623      4.06080246      0.00000000
 32762.57375712    305.22631805      4.06204292      0.00000000
 32772.57875962    305.13313679      4.06328339      0.00000000
 32782.58376212    305.04001241      4.06452385      0.00000000
 32792.58876462    304.94694485      4.06576431      0.00000000
 32802.59376712    304.85393407      4.06700477      0.00000000
 32812.59876962    304.76098001      4.06824524      0.00000000
 32822.60377213    304.66808261      4.06948570      0.00000000
 32832.60877463    304.57524183      4.07072616      0.00000000
 32842.61377713    304.48245762      4.07196662      0.00000000
 32852.61877963    304.38972992      4.07320709      0.00000000
 32862.62378213    304.29705869      4.07444755      0.00000000
 32872.62878463    304.20444386      4.07568801      0.00000000
 32882.63378713    304.11188539      4.07692848      0.00000000
 32892.63878963    304.01938323      4.07816894      0.00000000
 32902.64379214    303.92693732      4.07940940      0.00000000
 32912.64879464    303.83454762      4.08064986      0.00000000
 32922.65379714    303.74221408      4.08189033      0.00000000
 32932.65879964    303.64993663      4.08313079      0.00000000
 32942.66380214    303.55771524      4.08437125      0.00000000
 32952.66880464    303.46554984      4.08561171      0.00000000
 32962.67380714    303.37344040      4.08685218      0.00000000
 32972.67880965    303.28138685      4.08809264      0.00000000
 32982.68381215    303.18938915      4.08933310      0.00000000
 32992.68881465    303.09744725      4.09057356      0.00000000
 33002.69381715    303.00556109      4.09181403      0.00000000
 33012.69881965    302.91373063      4.09305449      0.00000000
 33022.70382215    302.82195581      4.09429495      0.00000000
 33032.70882465    302.73023659      4.09553542      0.00000000
 33042.71382715    302.63857291      4.09677588      0.00000000
 33052.71882966    302.54696472      4.09801634      0.00000000
 33062.72383216    302.45541197      4.09925680      0.00000000
 33072.72883466    302.36391462      4.10049727      0.00000000
 33082.73383716    302.27247261      4.10173773      0.00000000
 33092.73883966    302.18108589      4.10297819      0.00000000
 33102.74384216    302.08975441      4.10421865      0.00000000
 33112.74884466    301.99847812      4.10545912      0.00000000
 33122.75384716    301.90725698      4.10669958      0.00000000
 33132.75884967    301.81609093      4.10794004      0.00000000
 33142.76385217    301.72497991      4.10918050      0.00000000
 33152.76885467    301.63392389      4.11042097      0.00000000
 33162.77385717    301.54292282      4.11166143      0.00000000
 33172.77885967    301.45197663      4.11290189      0.00000000
 33182.78386217    301.36108529      4.11414236      0.00000000
 33192.78886467    301.27024874      4.11538282      0.00000000
 33202.79386717    301.17946693      4.11662328      0.00000000
 33212.79886968    301.08873982      4.11786374      0.00000000
 33222.80387218    300.99806735      4.11910421      0.00000000
 33232.80887468    300.90744948      4.12034467      0.00000000
 33242.81387718    300.81688616      4.12158513      0.00000000
 33252.81887968    300.72637733      4.12282559      0.00000000
 33262.82388218    300.63592295      4.12406606      0.00000000
 33272.82888468    300.54552296      4.12530652      0.00000000
 33282.83388718    300.45517733      4.12654698      0.00000000
 33292.83888969    300.36488600      4.12778744      0.00000000
 33302.84389219    300.27464891      4.12902791      0.00000000
 33312.84889469    300.18446604      4.13026837      0.00000000
 33322.85389719    300.09433731      4.13150883      0.00000000
 33332.85889969    300.00426269      4.13274930      0.00000000
 33342.86390219    299.91424213      4.13398976      0.00000000
 33352.86890469    299.82427557      4.13523022      0.00000000
 33362.87390719    299.73436297      4.13647068      0.00000000
 33372.87890970    299.64450429      4.13771115      0.00000000
 33382.88391220    299.55469946      4.13895161      0.00000000
 33392.88891470    299.46494845      4.14019207      0.00000000
 33402.89391720    299.37525121      4.14143253      0.00000000
 33412.89891970    299.28560768      4.14267300      0.00000000
 33422.90392220    299.19601782      4.14391346      0.00000000
 33432.90892470    299.10648158      4.14515392      0.00000000
 33442.91392720    299.01699892      4.14639438      0.00000000
 33452.91892971    298.92756978      4.14763485      0.00000000
 33462.92393221    298.83819411      4.14887531      0.00000000
 33472.92893471    298.74887187      4.15011577      0.00000000
 33482.93393721    298.65960302      4.15135624      0.00000000
 33492.93893971    298.57038750      4.15259670      0.00000000
 33502.94394221    298.48122526      4.15383716      0.00000000
 33512.94894471    298.39211626      4.15507762      0.00000000
 33522.95394721    298.30306044      4.15631809      0.00000000
 33532.95894972    298.21405777      4.15755855      0.00000000
 33542.96395222    298.12510820      4.15879901      0.00000000
 33552.96895472    298.03621167      4.16003947      0.00000000
 33562.97395722    297.94736814      4.16127994      0.00000000
 33572.97895972    297.85857757      4.16252040      0.00000000
 33582.98396222    297.76983989      4.16376086      0.00000000
 33592.98896472    297.68115508      4.16500132      0.00000000
 33602.99396722    297.59252308      4.16624179      0.00000000
 33612.99896973    297.50394383      4.16748225      0.00000000
 33623.00397223    297.41541731      4.16872271      0.00000000
 33633.00897473    297.32694345      4.16996318      0.00000000
 33643.01397723    297.23852222      4.17120364      0.00000000
 33653.01897973    297.15015356      4.17244410      0.00000000
 33663.02398223    297.06183743      4.17368456      0.00000000
 33673.02898473    296.97357378      4.17492503      0.00000000
 33683.03398723    296.88536256      4.17616549      0.00000000
 33693.03898974    296.79720374      4.17740595      0.00000000
 33703.04399224    296.70909725      4.17864641      0.00000000
 33713.04899474    296.62104306      4.17988688      0.00000000
 33723.05399724    296.53304112      4.18112734      0.00000000
 33733.05899974    296.44509138      4.18236780      0.00000000
 33743.06400224    296.35719379      4.18360826      0.00000000
 33753.06900474    296.26934831      4.18484873      0.00000000
 33763.07400724    296.18155490      4.18608919      0.00000000
 33773.07900975    296.09381350      4.18732965      0.00000000
 33783.08401225    296.00612407      4.18857012      0.00000000
 33793.08901475    295.91848656      4.18981058      0.00000000
 33803.09401725    295.83090094      4.19105104      0.00000000
 33813.09901975    295.74336714      4.19229150      0.00000000
 33823.10402225    295.65588513      4.19353197      0.00000000
 33833.10902475    295.56845486      4.19477243      0.00000000
 33843.11402725    295.48107628      4.19601289      0.00000000
 33853.11902976    295.39374936      4.19725335      0.00000000
 33863.12403226    295.30647403      4.19849382      0.00000000
 33873.12903476    295.21925026      4.19973428      0.00000000
 33883.13403726    295.13207800      4.20097474      0.00000000
 33893.13903976    295.04495721      4.20221520      0.00000000
 33903.14404226    294.95788783      4.20345567      0.00000000
 33913.14904476    294.87086983      4.20469613      0.00000000
 33923.15404726    294.78390316      4.20593659      0.00000000
 33933.15904977    294.69698777      4.20717706      0.00000000
 33943.16405227    294.61012362      4.20841752      0.00000000
 33953.16905477    294.52331067      4.20965798      0.00000000
 33963.17405727    294.43654886      4.21089844      0.00000000
 33973.17905977    294.34983815      4.21213891      0.00000000
 33983.18406227    294.26317850      4.21337937      0.00000000
 33993.18906477    294.17656986      4.21461983      0.00000000
 34003.19406727    294.09001219      4.21586029      0.00000000
 34013.19906978    294.00350544      4.21710076      0.00000000
 34023.20407228    293.91704956      4.21834122      0.00000000
 34033.20907478    293.83064452      4.21958168      0.00000000
 34043.21407728    293.74429027      4.22082214      0.00000000
 34053.21907978    293.65798676      4.22206261      0.00000000
 34063.22408228    293.57173394      4.22330307      0.00000000
 34073.22908478    293.48553179      4.22454353      0.00000000
 34083.23408728    293.39938023      4.22578400      0.00000000
 34093.23908979    293.31327925      4.22702446      0.00000000
 34103.24409229    293.22722878      4.22826492      0.00000000
 34113.24909479    293.14122879      4.22950538      0.00000000
 34123.25409729    293.05527923      4.23074585      0.00000000
 34133.25909979    292.96938005      4.23198631      0.00000000
 34143.26410229    292.88353122      4.23322677      0.00000000
 34153.26910479    292.79773268      4.23446723      0.00000000
 34163.27410729    292.71198440      4.23570770      0.00000000
 34173.27910980    292.62628633      4.23694816      0.00000000
 34183.28411230    292.54063842      4.23818862      0.00000000
 34193.28911480    292.45504064      4.23942908      0.00000000
 34203.29411730    292.36949293      4.24066955      0.00000000
 34213.29911980    292.28399525      4.24191001      0.00000000
 34223.30412230    292.19854757      4.24315047      0.00000000
 34233.30912480    292.11314983      4.24439094      0.00000000
 34243.31412730    292.02780199      4.24563140      0.00000000
 34253.31912981    291.94250402      4.24687186      0.00000000
 34263.32413231    291.85725585      4.24811232      0.00000000
 34273.32913481    291.77205746      4.24935279      0.00000000
 34283.33413731    291.68690879      4.25059325      0.00000000
 34293.33913981    291.60180981      4.25183371      0.00000000
 34303.34414231    291.51676047      4.25307417      0.00000000
 34313.34914481    291.43176072      4.25431464      0.00000000
 34323.35414731    291.34681053      4.25555510      0.00000000
 34333.35914982    291.26190985      4.25679556      0.00000000
 34343.36415232    291.17705864      4.25803602      0.00000000
 34353.36915482    291.09225685      4.25927649      0.00000000
 34363.37415732    291.00750444      4.26051695      0.00000000
 34373.37915982    290.92280137      4.26175741      0.00000000
 34383.38416232    290.83814759      4.26299788      0.00000000
 34393.38916482    290.75354306      4.26423834      0.00000000
 34403.39416732    290.66898774      4.26547880      0.00000000
 34413.39916983    290.58448159      4.26671926      0.00000000
 34423.40417233    290.50002456      4.26795973      0.00000000
 34433.40917483    290.41561661      4.26920019      0.00000000
 34443.41417733    290.33125770      4.27044065      0.00000000
 34453.41917983    290.24694778      4.27168111      0.00000000
 34463.42418233    290.16268681      4.27292158      0.00000000
 34473.42918483    290.07847476      4.27416204      0.00000000
 34483.43418733    289.99431157      4.27540250      0.00000000
 34493.43918984    289.91019720      4.27664296      0.00000000
 34503.44419234    289.82613161      4.27788343      0.00000000
 34513.44919484    289.74211477      4.27912389      0.00000000
 34523.45419734    289.65814662      4.28036435      0.00000000
 34533.45919984    289.57422712      4.28160482      0.00000000
 34543.46420234    289.49035624      4.28284528      0.00000000
 34553.46920484    289.40653392      4.28408574      0.00000000
 34563.47420734    289.32276014      4.28532620      0.00000000
 34573.47920985    289.23903484      4.28656667      0.00000000
 34583.48421235    289.15535798      4.28780713      0.00000000
 34593.48921485    289.07172952      4.28904759      0.00000000
 34603.49421735    288.98814943      4.29028805      0.00000000
 34613.49921985    288.90461765      4.29152852      0.00000000
 34623.50422235    288.82113415      4.29276898      0.00000000
 34633.50922485    288.73769888      4.29400944      0.00000000
 34643.51422735    288.65431180      4.29524990      0.00000000
 34653.51922986    288.57097287      4.29649037      0.00000000
 34663.52423236    288.48768205      4.29773083      0.00000000
 34673.52923486    288.40443930      4.29897129      0.00000000
 34683.53423736    288.32124458      4.30021176      0.00000000
 34693.53923986    288.23809783      4.30145222      0.00000000
 34703.54424236    288.15499903      4.30269268      0.00000000
 34713.54924486    288.07194813      4.30393314      0.00000000
 34723.55424736    287.98894509      4.30517361      0.00000000
 34733.55924987    287.90598987      4.30641407      0.00000000
 34743.56425237    287.82308243      4.30765453      0.00000000
 34753.56925487    287.74022272      4.30889499      0.00000000
 34763.57425737    287.65741070      4.31013546      0.00000000
 34773.57925987    287.57464634      4.31137592      0.00000000
 34783.58426237    287.49192959      4.31261638      0.00000000
 34793.58926487    287.40926041      4.31385684      0.00000000
 34803.59426737    287.32663876      4.31509731      0.00000000
 34813.59926988    287.24406460      4.31633777      0.00000000
 34823.60427238    287.16153789      4.31757823      0.00000000
 34833.60927488    287.07905858      4.31881870      0.00000000
 34843.61427738    286.99662664      4.32005916      0.00000000
 34853.61927988    286.91424203      4.32129962      0.00000000
 34863.62428238    286.83190470      4.32254008      0.00000000
 34873.62928488    286.74961461      4.32378055      0.00000000
 34883.63428738    286.66737173      4.32502101      0.00000000
 34893.63928989    286.58517601      4.32626147      0.00000000
 34903.64429239    286.50302742      4.32750193      0.00000000
 34913.64929489    286.42092590      4.32874240      0.00000000
 34923.65429739    286.33887143      4.32998286      0.00000000
 34933.65929989    286.25686395      4.33122332      0.00000000
 34943.66430239    286.17490344      4.33246378      0.00000000
 34953.66930489    286.09298985      4.33370425      0.00000000
 34963.67430739    286.01112314      4.33494471      0.00000000
 34973.67930990    285.92930326      4.33618517      0.00000000
 34983.68431240    285.84753019      4.33742564      0.00000000
 34993.68931490    285.76580387      4.33866610      0.00000000
 35003.69431740    285.68412428      4.33990656      0.00000000
 35013.69931990    285.60249136      4.34114702      0.00000000
 35023.70432240    285.52090509      4.34238749      0.00000000
 35033.70932490    285.43936541      4.34362795      0.00000000
 35043.71432740    285.35787229      4.34486841      0.00000000
 35053.71932991    285.27642569      4.34610887      0.00000000
 35063.72433241    285.19502557      4.34734934      0.00000000
 35073.72933491    285.11367189      4.34858980      0.00000000
 35083.73433741    285.03236461      4.34983026      0.00000000
 35093.73933991    284.95110369      4.35107072      0.00000000
 35103.74434241    284.86988909      4.35231119      0.00000000
 35113.74934491    284.78872078      4.35355165      0.00000000
 35123.75434741    284.70759870      4.35479211      0.00000000
 35133.75934992    284.62652283      4.35603258      0.00000000
 35143.76435242    284.54549312      4.35727304      0.00000000
 35153.76935492    284.46450953      4.35851350      0.00000000
 35163.77435742    284.38357202      4.35975396      0.00000000
 35173.77935992    284.30268056      4.36099443      0.00000000
 35183.78436242    284.22183511      4.36223489      0.00000000
 35193.78936492    284.14103562      4.36347535      0.00000000
 35203.79436742    284.06028206      4.36471581      0.00000000
 35213.79936993    283.97957439      4.36595628      0.00000000
 35223.80437243    283.89891256      4.36719674      0.00000000
 35233.80937493    283.81829655      4.36843720      0.00000000
 35243.81437743    283.73772630      4.36967766      0.00000000
 35253.81937993    283.65720179      4.37091813      0.00000000
 35263.82438243    283.57672297      4.37215859      0.00000000
 35273.82938493    283.49628980      4.37339905      0.00000000
 35283.83438743    283.41590225      4.37463952      0.00000000
 35293.83938994    283.33556027      4.37587998      0.00000000
 35303.84439244    283.25526383      4.37712044      0.00000000
 35313.84939494    283.17501289      4.37836090      0.00000000
 35323.85439744    283.09480741      4.37960137      0.00000000
 35333.85939994    283.01464735      4.38084183      0.00000000
 35343.86440244    282.93453267      4.38208229      0.00000000
 35353.86940494    282.85446334      4.38332275      0.00000000
 35363.87440744    282.77443932      4.38456322      0.00000000
 35373.87940995    282.69446056      4.38580368      0.00000000
 35383.88441245    282.61452703      4.38704414      0.00000000
 35393.88941495    282.53463869      4.38828460      0.00000000
 35403.89441745    282.45479550      4.38952507      0.00000000
 35413.89941995    282.37499743      4.39076553      0.00000000
 35423.90442245    282.29524443      4.39200599      0.00000000
 35433.90942495    282.21553647      4.39324646      0.00000000
 35443.91442745    282.13587351      4.39448692      0.00000000
 35453.91942996    282.05625551      4.39572738      0.00000000
 35463.92443246    281.97668243      4.39696784      0.00000000
 35473.92943496    281.89715424      4.39820831      0.00000000
 35483.93443746    281.81767090      4.39944877      0.00000000
 35493.93943996    281.73823237      4.40068923      0.00000000
 35503.94444246    281.65883861      4.40192969      0.00000000
 35513.94944496    281.57948958      4.40317016      0.00000000
 35523.95444746    281.50018524      4.40441062      0.00000000
 35533.95944997    281.42092557      4.40565108      0.00000000
 35543.96445247    281.34171052      4.40689154      0.00000000
 35553.96945497    281.26254004      4.40813201      0.00000000
 35563.97445747    281.18341412      4.40937247      0.00000000
 35573.97945997    281.10433270      4.41061293      0.00000000
 35583.98446247    281.02529575      4.41185340      0.00000000
 35593.98946497    280.94630324      4.41309386      0.00000000
 35603.99446747    280.86735511      4.41433432      0.00000000
 35613.99946998    280.78845135      4.41557478      0.00000000
 35624.00447248    280.70959191      4.41681525      0.00000000
 35634.00947498    280.63077675      4.41805571      0.00000000
 35644.01447748    280.55200583      4.41929617      0.00000000
 35654.01947998    280.47327913      4.42053663      0.00000000
 35664.02448248    280.39459659      4.42177710      0.00000000
 35674.02948498    280.31595819      4.42301756      0.00000000
 35684.03448748    280.23736389      4.42425802      0.00000000
 35694.03948999    280.15881364      4.42549848      0.00000000
 35704.04449249    280.08030742      4.42673895      0.00000000
 35714.04949499    280.00184518      4.42797941      0.00000000
 35724.05449749    279.92342690      4.42921987      0.00000000
 35734.05949999    279.84505252      4.43046034      0.00000000
 35744.06450249    279.76672202      4.43170080      0.00000000
 35754.06950499    279.68843536      4.43294126      0.00000000
 35764.07450749    279.61019250      4.43418172      0.00000000
 35774.07951000    279.53199340      4.43542219      0.00000000
 35784.08451250    279.45383803      4.43666265      0.00000000
 35794.08951500    279.37572636      4.43790311      0.00000000
 35804.09451750    279.29765834      4.43914357      0.00000000
 35814.09952000    279.21963393      4.44038404      0.00000000
 35824.10452250    279.14165311      4.44162450      0.00000000
 35834.10952500    279.06371583      4.44286496      0.00000000
 35844.11452750    278.98582206      4.44410542      0.00000000
 35854.11953001    278.90797177      4.44534589      0.00000000
 35864.12453251    278.83016491      4.44658635      0.00000000
 35874.12953501    278.75240144      4.44782681      0.00000000
 35884.13453751    278.67468135      4.44906728      0.00000000
 35894.13954001    278.59700457      4.45030774      0.00000000
 35904.14454251    278.51937109      4.45154820      0.00000000
 35914.14954501    278.44178087      4.45278866      0.00000000
 35924.15454751    278.36423386      4.45402913      0.00000000
 35934.15955002    278.28673003      4.45526959      0.00000000
 35944.16455252    278.20926935      4.45651005      0.00000000
 35954.16955502    278.13185178      4.45775051      0.00000000
 35964.17455752    278.05447729      4.45899098      0.00000000
 35974.17956002    277.97714583      4.46023144      0.00000000
 35984.18456252    277.89985737      4.46147190      0.00000000
 35994.18956502    277.82261188      4.46271236      0.00000000
 36004.19456752    277.74540933      4.46395283      0.00000000
 36014.19957003    277.66824966      4.46519329      0.00000000
 36024.20457253    277.59113286      4.46643375      0.00000000
 36034.20957503    277.51405888      4.46767422      0.00000000
 36044.21457753    277.43702768      4.46891468      0.00000000
 36054.21958003    277.36003924      4.47015514      0.00000000
 36064.22458253    277.28309352      4.47139560      0.00000000
 36074.22958503    277.20619047      4.47263607      0.00000000
 36084.23458753    277.12933008      4.47387653      0.00000000
 36094.23959004    277.05251229      4.47511699      0.00000000
 36104.24459254    276.97573708      4.47635745      0.00000000
 36114.24959504    276.89900440      4.47759792      0.00000000
 36124.25459754    276.82231423      4.47883838      0.00000000
 36134.25960004    276.74566653      4.48007884      0.00000000
 36144.26460254    276.66906126      4.48131930      0.00000000
 36154.26960504    276.59249839      4.48255977      0.00000000
 36164.27460754    276.51597788      4.48380023      0.00000000
 36174.27961005    276.43949970      4.48504069      0.00000000
 36184.28461255    276.36306382      4.48628116      0.00000000
 36194.28961505    276.28667019      4.48752162      0.00000000
 36204.29461755    276.21031878      4.48876208      0.00000000
 36214.29962005    276.13400956      4.49000254      0.00000000
 36224.30462255    276.05774250      4.49124301      0.00000000
 36234.30962505    275.98151755      4.49248347      0.00000000
 36244.31462755    275.90533468      4.49372393      0.00000000
 36254.31963006    275.82919386      4.49496439      0.00000000
 36264.32463256    275.75309506      4.49620486      0.00000000
 36274.32963506    275.67703823      4.49744532      0.00000000
 36284.33463756    275.60102335      4.49868578      0.00000000
 36294.33964006    275.52505037      4.49992624      0.00000000
 36304.34464256    275.44911927      4.50116671      0.00000000
 36314.34964506    275.37323001      4.50240717      0.00000000
 36324.35464756    275.29738256      4.50364763      0.00000000
 36334.35965007    275.22157687      4.50488810      0.00000000
 36344.36465257    275.14581293      4.50612856      0.00000000
 36354.36965507    275.07009068      4.50736902      0.00000000
 36364.37465757    274.99441010      4.50860948      0.00000000
 36374.37966007    274.91877115      4.50984995      0.00000000
 36384.38466257    274.84317380      4.51109041      0.00000000
 36394.38966507    274.76761802      4.51233087      0.00000000
 36404.39466757    274.69210377      4.51357133      0.00000000
 36414.39967008    274.61663101      4.51481180      0.00000000
 36424.40467258    274.54119971      4.51605226      0.00000000
 36434.40967508    274.46580984      4.51729272      0.00000000
 36444.41467758    274.39046137      4.51853318      0.00000000
 36454.41968008    274.31515425      4.51977365      0.00000000
 36464.42468258    274.23988846      4.52101411      0.00000000
 36474.42968508    274.16466396      4.52225457      0.00000000
 36484.43468758    274.08948071      4.52349504      0.00000000
 36494.43969009    274.01433869      4.52473550      0.00000000
 36504.44469259    273.93923786      4.52597596      0.00000000
 36514.44969509    273.86417818      4.52721642      0.00000000
 36524.45469759    273.78915963      4.52845689      0.00000000
 36534.45970009    273.71418216      4.52969735      0.00000000
 36544.46470259    273.63924575      4.53093781      0.00000000
 36554.46970509    273.56435036      4.53217827      0.00000000
 36564.47470759    273.48949595      4.53341874      0.00000000
 36574.47971010    273.41468250      4.53465920      0.00000000
 36584.48471260    273.33990997      4.53589966      0.00000000
 36594.48971510    273.26517832      4.53714012      0.00000000
 36604.49471760    273.19048753      4.53838059      0.00000000
 36614.49972010    273.11583755      4.53962105      0.00000000
 36624.50472260    273.04122836      4.54086151      0.00000000
 36634.50972510    272.96665992      4.54210198      0.00000000
 36644.51472760    272.89213220      4.54334244      0.00000000
 36654.51973011    272.81764517      4.54458290      0.00000000
 36664.52473261    272.74319879      4.54582336      0.00000000
 36674.52973511    272.66879302      4.54706383      0.00000000
 36684.53473761    272.59442785      4.54830429      0.00000000
 36694.53974011    272.52010322      4.54954475      0.00000000
 36704.54474261    272.44581911      4.55078521      0.00000000
 36714.54974511    272.37157549      4.55202568      0.00000000
 36724.55474761    272.29737233      4.55326614      0.00000000
 36734.55975012    272.22320958      4.55450660      0.00000000
 36744.56475262    272.14908722      4.55574706      0.00000000
 36754.56975512    272.07500521      4.55698753      0.00000000
 36764.57475762    272.00096352      4.55822799      0.00000000
 36774.57976012    271.92696212      4.55946845      0.00000000
 36784.58476262    271.85300098      4.56070892      0.00000000
 36794.58976512    271.77908006      4.56194938      0.00000000
 36804.59476762    271.70519933      4.56318984      0.00000000
 36814.59977013    271.63135876      4.56443030      0.00000000
 36824.60477263    271.55755830      4.56567077      0.00000000
 36834.60977513    271.48379795      4.56691123      0.00000000
 36844.61477763    271.41007764      4.56815169      0.00000000
 36854.61978013    271.33639737      4.56939215      0.00000000
 36864.62478263    271.26275709      4.57063262      0.00000000
 36874.62978513    271.18915677      4.57187308      0.00000000
 36884.63478763    271.11559638      4.57311354      0.00000000
 36894.63979014    271.04207588      4.57435400      0.00000000
 36904.64479264    270.96859525      4.57559447      0.00000000
 36914.64979514    270.89515445      4.57683493      0.00000000
 36924.65479764    270.82175344      4.57807539      0.00000000
 36934.65980014    270.74839221      4.57931586      0.00000000
 36944.66480264    270.67507070      4.58055632      0.00000000
 36954.66980514    270.60178890      4.58179678      0.00000000
 36964.67480764    270.52854677      4.58303724      0.00000000
 36974.67981015    270.45534428      4.58427771      0.00000000
 36984.68481265    270.38218139      4.58551817      0.00000000
 36994.68981515    270.30905807      4.58675863      0.00000000
 37004.69481765    270.23597430      4.58799909      0.00000000
 37014.69982015    270.16293003      4.58923956      0.00000000
 37024.70482265    270.08992524      4.59048002      0.00000000
 37034.70982515    270.01695990      4.59172048      0.00000000
 37044.71482765    269.94403396      4.59296094      0.00000000
 37054.71983016    269.87114741      4.59420141      0.00000000
 37064.72483266    269.79830021      4.59544187      0.00000000
 37074.72983516    269.72549232      4.59668233      0.00000000
 37084.73483766    269.65272372      4.59792280      0.00000000
 37094.73984016    269.57999438      4.59916326      0.00000000
 37104.74484266    269.50730425      4.60040372      0.00000000
 37114.74984516    269.43465332      4.60164418      0.00000000
 37124.75484766    269.36204154      4.60288465      0.00000000
 37134.75985017    269.28946889      4.60412511      0.00000000
 37144.76485267    269.21693534      4.60536557      0.00000000
 37154.76985517    269.14444085      4.60660603      0.00000000
 37164.77485767    269.07198539      4.60784650      0.00000000
 37174.77986017    268.99956893      4.60908696      0.00000000
 37184.78486267    268.92719144      4.61032742      0.00000000
 37194.78986517    268.85485289      4.61156788      0.00000000
 37204.79486767    268.78255325      4.61280835      0.00000000
 37214.79987018    268.71029248      4.61404881      0.00000000
 37224.80487268    268.63807055      4.61528927      0.00000000
 37234.80987518    268.56588743      4.61652974      0.00000000
 37244.81487768    268.49374310      4.61777020      0.00000000
 37254.81988018    268.42163752      4.61901066      0.00000000
 37264.82488268    268.34957065      4.62025112      0.00000000
 37274.82988518    268.27754247      4.62149159      0.00000000
 37284.83488768    268.20555295      4.62273205      0.00000000
 37294.83989019    268.13360205      4.62397251      0.00000000
 37304.84489269    268.06168974      4.62521297      0.00000000
 37314.84989519    267.98981600      4.62645344      0.00000000
 37324.85489769    267.91798079      4.62769390      0.00000000
 37334.85990019    267.84618408      4.62893436      0.00000000
 37344.86490269    267.77442585      4.63017482      0.00000000
 37354.86990519    267.70270605      4.63141529      0.00000000
 37364.87490769    267.63102465      4.63265575      0.00000000
 37374.87991020    267.55938164      4.63389621      0.00000000
 37384.88491270    267.48777697      4.63513668      0.00000000
 37394.88991520    267.41621062      4.63637714      0.00000000
 37404.89491770    267.34468255      4.63761760      0.00000000
 37414.89992020    267.27319274      4.63885806      0.00000000
 37424.90492270    267.20174115      4.64009853      0.00000000
 37434.90992520    267.13032775      4.64133899      0.00000000
 37444.91492770    267.05895251      4.64257945      0.00000000
 37454.91993021    266.98761541      4.64381991      0.00000000
 37464.92493271    266.91631641      4.64506038      0.00000000
 37474.92993521    266.84505548      4.64630084      0.00000000
 37484.93493771    266.77383259      4.64754130      0.00000000
 37494.93994021    266.70264770      4.64878176      0.00000000
 37504.94494271    266.63150080      4.65002223      0.00000000
 37514.94994521    266.56039185      4.65126269      0.00000000
 37524.95494771    266.48932081      4.65250315      0.00000000
 37534.95995022    266.41828767      4.65374362      0.00000000
 37544.96495272    266.34729238      4.65498408      0.00000000
 37554.96995522    266.27633492      4.65622454      0.00000000
 37564.97495772    266.20541525      4.65746500      0.00000000
 37574.97996022    266.13453336      4.65870547      0.00000000
 37584.98496272    266.06368920      4.65994593      0.00000000
 37594.98996522    265.99288274      4.66118639      0.00000000
 37604.99496772    265.92211397      4.66242685      0.00000000
 37614.99997023    265.85138284      4.66366732      0.00000000
 37625.00497273    265.78068933      4.66490778      0.00000000
 37635.00997523    265.71003340      4.66614824      0.00000000
 37645.01497773    265.63941503      4.66738870      0.00000000
 37655.01998023    265.56883419      4.66862917      0.00000000
 37665.02498273    265.49829085      4.66986963      0.00000000
 37675.02998523    265.42778497      4.67111009      0.00000000
 37685.03498773    265.35731653      4.67235056      0.00000000
 37695.03999024    265.28688549      4.67359102      0.00000000
 37705.04499274    265.21649184      4.67483148      0.00000000
 37715.04999524    265.14613553      4.67607194      0.00000000
 37725.05499774    265.07581654      4.67731241      0.00000000
 37735.06000024    265.00553484      4.67855287      0.00000000
 37745.06500274    264.93529040      4.67979333      0.00000000
 37755.07000524    264.86508318      4.68103379      0.00000000
 37765.07500774    264.79491317      4.68227426      0.00000000
 37775.08001025    264.72478033      4.68351472      0.00000000
 37785.08501275    264.65468463      4.68475518      0.00000000
 37795.09001525    264.58462603      4.68599564      0.00000000
 37805.09501775    264.51460452      4.68723611      0.00000000
 37815.10002025    264.44462007      4.68847657      0.00000000
 37825.10502275    264.37467263      4.68971703      0.00000000
 37835.11002525    264.30476219      4.69095750      0.00000000
 37845.11502775    264.23488871      4.69219796      0.00000000
 37855.12003026    264.16505217      4.69343842      0.00000000
 37865.12503276    264.09525253      4.69467888      0.00000000
 37875.13003526    264.02548977      4.69591935      0.00000000
 37885.13503776    263.95576385      4.69715981      0.00000000
 37895.14004026    263.88607476      4.69840027      0.00000000
 37905.14504276    263.81642245      4.69964073      0.00000000
 37915.15004526    263.74680690      4.70088120      0.00000000
 37925.15504776    263.67722808      4.70212166      0.00000000
 37935.16005027    263.60768597      4.70336212      0.00000000
 37945.16505277    263.53818052      4.70460258      0.00000000
 37955.17005527    263.46871172      4.70584305      0.00000000
 37965.17505777    263.39927953      4.70708351      0.00000000
 37975.18006027    263.32988393      4.70832397      0.00000000
 37985.18506277    263.26052489      4.70956444      0.00000000
 37995.19006527    263.19120237      4.71080490      0.00000000
 38005.19506777    263.12191635      4.71204536      0.00000000
 38015.20007028    263.05266680      4.71328582      0.00000000
 38025.20507278    262.98345370      4.71452629      0.00000000
 38035.21007528    262.91427700      4.71576675      0.00000000
 38045.21507778    262.84513669      4.71700721      0.00000000
 38055.22008028    262.77603274      4.71824767      0.00000000
 38065.22508278    262.70696511      4.71948814      0.00000000
 38075.23008528    262.63793377      4.72072860      0.00000000
 38085.23508778    262.56893871      4.72196906      0.00000000
 38095.24009029    262.49997989      4.72320952      0.00000000
 38105.24509279    262.43105728      4.72444999      0.00000000
 38115.25009529    262.36217085      4.72569045      0.00000000
 38125.25509779    262.29332058      4.72693091      0.00000000
 38135.26010029    262.22450644      4.72817138      0.00000000
 38145.26510279    262.15572839      4.72941184      0.00000000
 38155.27010529    262.08698641      4.73065230      0.00000000
 38165.27510779    262.01828047      4.73189276      0.00000000
 38175.28011030    261.94961055      4.73313323      0.00000000
 38185.28511280    261.88097661      4.73437369      0.00000000
 38195.29011530    261.81237863      4.73561415      0.00000000
 38205.29511780    261.74381658      4.73685461      0.00000000
 38215.30012030    261.67529042      4.73809508      0.00000000
 38225.30512280    261.60680014      4.73933554      0.00000000
 38235.31012530    261.53834570      4.74057600      0.00000000
 38245.31512780    261.46992708      4.74181646      0.00000000
 38255.32013031    261.40154424      4.74305693      0.00000000
 38265.32513281    261.33319717      4.74429739      0.00000000
 38275.33013531    261.26488582      4.74553785      0.00000000
 38285.33513781    261.19661018      4.74677832      0.00000000
 38295.34014031    261.12837021      4.74801878      0.00000000
 38305.34514281    261.06016589      4.74925924      0.00000000
 38315.35014531    260.99199719      4.75049970      0.00000000
 38325.35514781    260.92386408      4.75174017      0.00000000
 38335.36015032    260.85576654      4.75298063      0.00000000
 38345.36515282    260.78770453      4.75422109      0.00000000
 38355.37015532    260.71967803      4.75546155      0.00000000
 38365.37515782    260.65168701      4.75670202      0.00000000
 38375.38016032    260.58373144      4.75794248      0.00000000
 38385.38516282    260.51581130      4.75918294      0.00000000
 38395.39016532    260.44792655      4.76042340      0.00000000
 38405.39516782    260.38007717      4.76166387      0.00000000
 38415.40017033    260.31226314      4.76290433      0.00000000
 38425.40517283    260.24448441      4.76414479      0.00000000
 38435.41017533    260.17674098      4.76538526      0.00000000
 38445.41517783    260.10903280      4.76662572      0.00000000
 38455.42018033    260.04135986      4.76786618      0.00000000
 38465.42518283    259.97372212      4.76910664      0.00000000
 38475.43018533    259.90611955      4.77034711      0.00000000
 38485.43518783    259.83855214      4.77158757      0.00000000
 38495.44019034    259.77101984      4.77282803      0.00000000
 38505.44519284    259.70352264      4.77406849      0.00000000
 38515.45019534    259.63606051      4.77530896      0.00000000
 38525.45519784    259.56863342      4.77654942      0.00000000
 38535.46020034    259.50124134      4.77778988      0.00000000
 38545.46520284    259.43388424      4.77903034      0.00000000
 38555.47020534    259.36656211      4.78027081      0.00000000
 38565.47520784    259.29927490      4.78151127      0.00000000
 38575.48021035    259.23202260      4.78275173      0.00000000
 38585.48521285    259.16480517      4.78399220      0.00000000
 38595.49021535    259.09762259      4.78523266      0.00000000
 38605.49521785    259.03047484      4.78647312      0.00000000
 38615.50022035    258.96336188      4.78771358      0.00000000
 38625.50522285    258.89628368      4.78895405      0.00000000
 38635.51022535    258.82924023      4.79019451      0.00000000
 38645.51522785    258.76223149      4.79143497      0.00000000
 38655.52023036    258.69525744      4.79267543      0.00000000
 38665.52523286    258.62831805      4.79391590      0.00000000
 38675.53023536    258.56141329      4.79515636      0.00000000
 38685.53523786    258.49454314      4.79639682      0.00000000
 38695.54024036    258.42770757      4.79763728      0.00000000
 38705.54524286    258.36090655      4.79887775      0.00000000
 38715.55024536    258.29414006      4.80011821      0.00000000
 38725.55524786    258.22740807      4.80135867      0.00000000
 38735.56025037    258.16071054      4.80259914      0.00000000
 38745.56525287    258.09404747      4.80383960      0.00000000
 38755.57025537    258.02741881      4.80508006      0.00000000
 38765.57525787    257.96082455      4.80632052      0.00000000
 38775.58026037    257.89426465      4.80756099      0.00000000
 38785.58526287    257.82773909      4.80880145      0.00000000
 38795.59026537    257.76124784      4.81004191      0.00000000
 38805.59526787    257.69479088      4.81128237      0.00000000
 38815.60027038    257.62836818      4.81252284      0.00000000
 38825.60527288    257.56197971      4.81376330      0.00000000
 38835.61027538    257.49562545      4.81500376      0.00000000
 38845.61527788    257.42930537      4.81624422      0.00000000
 38855.62028038    257.36301944      4.81748469      0.00000000
 38865.62528288    257.29676764      4.81872515      0.00000000
 38875.63028538    257.23054994      4.81996561      0.00000000
 38885.63528788    257.16436632      4.82120608      0.00000000
 38895.64029039    257.09821674      4.82244654      0.00000000
 38905.64529289    257.03210118      4.82368700      0.00000000
 38915.65029539    256.96601963      4.82492746      0.00000000
 38925.65529789    256.89997204      4.82616793      0.00000000
 38935.66030039    256.83395839      4.82740839      0.00000000
 38945.66530289    256.76797866      4.82864885      0.00000000
 38955.67030539    256.70203283      4.82988931      0.00000000
 38965.67530789    256.63612086      4.83112978      0.00000000
 38975.68031040    256.57024272      4.83237024      0.00000000
 38985.68531290    256.50439840      4.83361070      0.00000000
 38995.69031540    256.43858787      4.83485116      0.00000000
 39005.69531790    256.37281110      4.83609163      0.00000000
 39015.70032040    256.30706806      4.83733209      0.00000000
 39025.70532290    256.24135874      4.83857255      0.00000000
 39035.71032540    256.17568309      4.83981302      0.00000000
 39045.71532790    256.11004110      4.84105348      0.00000000
 39055.72033041    256.04443275      4.84229394      0.00000000
 39065.72533291    255.97885800      4.84353440      0.00000000
 39075.73033541    255.91331683      4.84477487      0.00000000
 39085.73533791    255.84780921      4.84601533      0.00000000
 39095.74034041    255.78233512      4.84725579      0.00000000
