Wavenumber(cm^-1)   Wavelength(nm)  Electronvolts(eV)   Molar Extinction Coefficients(M^-1 cm^-1)
 28419.46091485    351.87154984      3.52356536      0.06186862
 28424.12732304    351.81378285      3.52414392      0.07347322
 28428.79373123    351.75603482      3.52472249      0.08715067
 28433.46013941    351.69830575      3.52530105      0.10325129
 28438.12654760    351.64059562      3.52587961      0.12218089
 28442.79295579    351.58290443      3.52645817      0.14440897
 28447.45936398    351.52523217      3.52703673      0.17047791
 28452.12577217    351.46757883      3.52761529      0.20101344
 28456.79218036    351.40994439      3.52819385      0.23673647
 28461.45858854    351.35232885      3.52877241      0.27847633
 28466.12499673    351.29473220      3.52935097      0.32718582
 28470.79140492    351.23715444      3.52992954      0.38395800
 28475.45781311    351.17959554      3.53050810      0.45004509
 28480.12422130    351.12205550      3.53108666      0.52687962
 28484.79062949    351.06453432      3.53166522      0.61609806
 28489.45703767    351.00703198      3.53224378      0.71956718
 28494.12344586    350.94954848      3.53282234      0.83941342
 28498.78985405    350.89208380      3.53340090      0.97805559
 28503.45626224    350.83463793      3.53397946      1.13824102
 28508.12267043    350.77721087      3.53455802      1.32308573
 28512.78907862    350.71980261      3.53513659      1.53611880
 28517.45548680    350.66241314      3.53571515      1.78133125
 28522.12189499    350.60504244      3.53629371      2.06322994
 28526.78830318    350.54769052      3.53687227      2.38689679
 28531.45471137    350.49035735      3.53745083      2.75805366
 28536.12111956    350.43304294      3.53802939      3.18313345
 28540.78752775    350.37574727      3.53860795      3.66935766
 28545.45393593    350.31847033      3.53918651      4.22482093
 28550.12034412    350.26121211      3.53976507      4.85858306
 28554.78675231    350.20397261      3.54034363      5.58076866
 28559.45316050    350.14675181      3.54092220      6.40267521
 28564.11956869    350.08954971      3.54150076      7.33688964
 28568.78597688    350.03236629      3.54207932      8.39741401
 28573.45238506    349.97520156      3.54265788      9.59980048
 28578.11879325    349.91805549      3.54323644     10.96129617
 28582.78520144    349.86092808      3.54381500     12.50099787
 28587.45160963    349.80381932      3.54439356     14.24001718
 28592.11801782    349.74672920      3.54497212     16.20165609
 28596.78442600    349.68965771      3.54555068     18.41159310
 28601.45083419    349.63260485      3.54612925     20.89808019
 28606.11724238    349.57557060      3.54670781     23.69215022
 28610.78365057    349.51855495      3.54728637     26.82783507
 28615.45005876    349.46155790      3.54786493     30.34239387
 28620.11646695    349.40457944      3.54844349     34.27655127
 28624.78287513    349.34761955      3.54902205     38.67474513
 28629.44928332    349.29067823      3.54960061     43.58538288
 28634.11569151    349.23375547      3.55017917     49.06110600
 28638.78209970    349.17685126      3.55075773     55.15906139
 28643.44850789    349.11996559      3.55133630     61.94117856
 28648.11491608    349.06309846      3.55191486     69.47445132
 28652.78132426    349.00624984      3.55249342     77.83122233
 28657.44773245    348.94941974      3.55307198     87.08946864
 28662.11414064    348.89260815      3.55365054     97.33308642
 28666.78054883    348.83581505      3.55422910    108.65217235
 28671.44695702    348.77904044      3.55480766    121.14329932
 28676.11336521    348.72228430      3.55538622    134.90978367
 28680.77977339    348.66554663      3.55596478    150.06194095
 28685.44618158    348.60882743      3.55654335    166.71732690
 28690.11258977    348.55212667      3.55712191    185.00096027
 28694.77899796    348.49544436      3.55770047    205.04552371
 28699.44540615    348.43878047      3.55827903    226.99153874
 28704.11181434    348.38213501      3.55885759    250.98751075
 28708.77822252    348.32550797      3.55943615    277.19003954
 28713.44463071    348.26889933      3.56001471    305.76389110
 28718.11103890    348.21230909      3.56059327    336.88202582
 28722.77744709    348.15573724      3.56117183    370.72557839
 28727.44385528    348.09918376      3.56175040    407.48378465
 28732.11026347    348.04264866      3.56232896    447.35385055
 28736.77667165    347.98613191      3.56290752    490.54075823
 28741.44307984    347.92963352      3.56348608    537.25700464
 28746.10948803    347.87315347      3.56406464    587.72226790
 28750.77589622    347.81669175      3.56464320    642.16299710
 28755.44230441    347.76024836      3.56522176    700.81192107
 28760.10871260    347.70382329      3.56580032    763.90747244
 28764.77512078    347.64741652      3.56637888    831.69312332
 28769.44152897    347.59102805      3.56695744    904.41662941
 28774.10793716    347.53465787      3.56753601    982.32918013
 28778.77434535    347.47830598      3.56811457   1065.68445263
 28783.44075354    347.42197235      3.56869313   1154.73756834
 28788.10716173    347.36565698      3.56927169   1249.74395148
 28792.77356991    347.30935987      3.56985025   1350.95808968
 28797.43997810    347.25308101      3.57042881   1458.63219769
 28802.10638629    347.19682038      3.57100737   1573.01478630
 28806.77279448    347.14057798      3.57158593   1694.34913928
 28811.43920267    347.08435380      3.57216449   1822.87170228
 28816.10561086    347.02814782      3.57274306   1958.81038897
 28820.77201904    346.97196005      3.57332162   2102.38281033
 28825.43842723    346.91579047      3.57390018   2253.79443459
 28830.10483542    346.85963907      3.57447874   2413.23668610
 28834.77124361    346.80350585      3.57505730   2580.88499297
 28839.43765180    346.74739079      3.57563586   2756.89679396
 28844.10405999    346.69129389      3.57621442   2941.40951672
 28848.77046817    346.63521513      3.57679298   3134.53854021
 28853.43687636    346.57915452      3.57737154   3336.37515533
 28858.10328455    346.52311203      3.57795011   3546.98453865
 28862.76969274    346.46708767      3.57852867   3766.40375522
 28867.43610093    346.41108142      3.57910723   3994.63980691
 28872.10250912    346.35509327      3.57968579   4231.66774360
 28876.76891730    346.29912322      3.58026435   4477.42885523
 28881.43532549    346.24317126      3.58084291   4731.82896269
 28886.10173368    346.18723737      3.58142147   4994.73682624
 28890.76814187    346.13132155      3.58200003   5265.98268996
 28895.43455006    346.07542379      3.58257859   5545.35698076
 28900.10095825    346.01954409      3.58315716   5832.60918015
 28904.76736643    345.96368242      3.58373572   6127.44688652
 28909.43377462    345.90783879      3.58431428   6429.53508502
 28914.10018281    345.85201318      3.58489284   6738.49564130
 28918.76659100    345.79620559      3.58547140   7053.90703420
 28923.43299919    345.74041601      3.58604996   7375.30434133
 28928.09940738    345.68464443      3.58662852   7702.17948991
 28932.76581556    345.62889083      3.58720708   8033.98178371
 28937.43222375    345.57315522      3.58778564   8370.11871483
 28942.09863194    345.51743758      3.58836421   8709.95706754
 28946.76504013    345.46173791      3.58894277   9052.82431854
 28951.43144832    345.40605619      3.58952133   9398.01033641
 28956.09785651    345.35039242      3.59009989   9744.76938008
 28960.76426469    345.29474658      3.59067845  10092.32239385
 28965.43067288    345.23911868      3.59125701  10439.85959390
 28970.09708107    345.18350869      3.59183557  10786.54333845
 28974.76348926    345.12791662      3.59241413  11131.51127121
 28979.42989745    345.07234245      3.59299269  11473.87972502
 28984.09630564    345.01678618      3.59357126  11812.74736989
 28988.76271382    344.96124779      3.59414982  12147.19908721
 28993.42912201    344.90572728      3.59472838  12476.31004930
 28998.09553020    344.85022464      3.59530694  12799.14998124
 29002.76193839    344.79473985      3.59588550  13114.78757956
 29007.42834658    344.73927292      3.59646406  13422.29506048
 29012.09475477    344.68382384      3.59704262  13720.75280851
 29016.76116295    344.62839258      3.59762118  14009.25409468
 29021.42757114    344.57297916      3.59819974  14286.90983221
 29026.09397933    344.51758355      3.59877830  14552.85333659
 29030.76038752    344.46220575      3.59935687  14806.24505600
 29035.42679571    344.40684575      3.59993543  15046.27723779
 29040.09320390    344.35150354      3.60051399  15272.17849637
 29044.75961208    344.29617911      3.60109255  15483.21824827
 29049.42602027    344.24087246      3.60167111  15678.71098025
 29054.09242846    344.18558357      3.60224967  15858.02031776
 29058.75883665    344.13031244      3.60282823  16020.56286146
 29063.42524484    344.07505906      3.60340679  16165.81176165
 29068.09165303    344.01982342      3.60398535  16293.30000176
 29072.75806121    343.96460551      3.60456392  16402.62336435
 29077.42446940    343.90940532      3.60514248  16493.44305523
 29082.09087759    343.85422285      3.60572104  16565.48796400
 29086.75728578    343.79905808      3.60629960  16618.55654198
 29091.42369397    343.74391102      3.60687816  16652.51828157
 29096.09010215    343.68878164      3.60745672  16667.31478415
 29100.75651034    343.63366994      3.60803528  16662.96040689
 29105.42291853    343.57857591      3.60861384  16639.54248221
 29110.08932672    343.52349955      3.60919240  16597.22110708
 29114.75573491    343.46844084      3.60977097  16536.22850272
 29119.42214310    343.41339977      3.61034953  16456.86794879
 29124.08855128    343.35837635      3.61092809  16359.51229928
 29128.75495947    343.30337055      3.61150665  16244.60209108
 29133.42136766    343.24838238      3.61208521  16112.64325883
 29138.08777585    343.19341182      3.61266377  15964.20447310
 29142.75418404    343.13845886      3.61324233  15799.91412162
 29147.42059223    343.08352350      3.61382089  15620.45695594
 29152.08700041    343.02860572      3.61439945  15426.57042832
 29156.75340860    342.97370552      3.61497802  15219.04074587
 29161.41981679    342.91882290      3.61555658  14998.69867072
 29166.08622498    342.86395783      3.61613514  14766.41509686
 29170.75263317    342.80911032      3.61671370  14523.09643518
 29175.41904136    342.75428036      3.61729226  14269.67983978
 29180.08544954    342.69946793      3.61787082  14007.12830886
 29184.75185773    342.64467302      3.61844938  13736.42569410
 29189.41826592    342.58989564      3.61902794  13458.57165262
 29194.08467411    342.53513577      3.61960650  13174.57657511
 29198.75108230    342.48039340      3.62018507  12885.45652361
 29203.41749049    342.42566853      3.62076363  12592.22821123
 29208.08389867    342.37096114      3.62134219  12295.90405549
 29212.75030686    342.31627124      3.62192075  11997.48733529
 29217.41671505    342.26159880      3.62249931  11697.96748052
 29222.08312324    342.20694382      3.62307787  11398.31552102
 29226.74953143    342.15230629      3.62365643  11099.47972036
 29231.41593962    342.09768621      3.62423499  10802.38141761
 29236.08234780    342.04308356      3.62481355  10507.91109799
 29240.74875599    341.98849835      3.62539211  10216.92471156
 29245.41516418    341.93393055      3.62597068   9930.24025628
 29250.08157237    341.87938016      3.62654924   9648.63463985
 29254.74798056    341.82484717      3.62712780   9372.84083218
 29259.41438875    341.77033158      3.62770636   9103.54531807
 29264.08079693    341.71583338      3.62828492   8841.38585723
 29268.74720512    341.66135255      3.62886348   8586.94955679
 29273.41361331    341.60688909      3.62944204   8340.77125886
 29278.08002150    341.55244300      3.63002060   8103.33224381
 29282.74642969    341.49801425      3.63059916   7875.05924790
 29287.41283788    341.44360285      3.63117773   7656.32379182
 29292.07924606    341.38920879      3.63175629   7447.44181503
 29296.74565425    341.33483205      3.63233485   7248.67360904
 29301.41206244    341.28047264      3.63291341   7060.22404123
 29306.07847063    341.22613053      3.63349197   6882.24305943
 29310.74487882    341.17180573      3.63407053   6714.82646614
 29315.41128701    341.11749822      3.63464909   6558.01695026
 29320.07769519    341.06320800      3.63522765   6411.80536301
 29324.74410338    341.00893506      3.63580621   6276.13222413
 29329.41051157    340.95467939      3.63638478   6150.88944344
 29334.07691976    340.90044098      3.63696334   6035.92224248
 29338.74332795    340.84621982      3.63754190   5931.03126025
 29343.40973614    340.79201591      3.63812046   5835.97482697
 29348.07614432    340.73782923      3.63869902   5750.47138923
 29352.74255251    340.68365979      3.63927758   5674.20206988
 29357.40896070    340.62950756      3.63985614   5606.81334607
 29362.07536889    340.57537255      3.64043470   5547.91982845
 29366.74177708    340.52125474      3.64101326   5497.10712517
 29371.40818527    340.46715413      3.64159183   5453.93477395
 29376.07459345    340.41307070      3.64217039   5417.93922610
 29380.74100164    340.35900446      3.64274895   5388.63686632
 29385.40740983    340.30495539      3.64332751   5365.52705273
 29390.07381802    340.25092348      3.64390607   5348.09516160
 29394.74022621    340.19690872      3.64448463   5335.81562203
 29399.40663440    340.14291111      3.64506319   5328.15492592
 29404.07304258    340.08893064      3.64564175   5324.57459919
 29408.73945077    340.03496730      3.64622031   5324.53412084
 29413.40585896    339.98102109      3.64679888   5327.49377672
 29418.07226715    339.92709199      3.64737744   5332.91743563
 29422.73867534    339.87317999      3.64795600   5340.27523587
 29427.40508353    339.81928509      3.64853456   5349.04617113
 29432.07149171    339.76540728      3.64911312   5358.72056496
 29436.73789990    339.71154656      3.64969168   5368.80242418
 29441.40430809    339.65770291      3.65027024   5378.81166185
 29446.07071628    339.60387632      3.65084880   5388.28618154
 29450.73712447    339.55006679      3.65142736   5396.78381513
 29455.40353266    339.49627431      3.65200593   5403.88410742
 29460.06994084    339.44249887      3.65258449   5409.18994135
 29464.73634903    339.38874046      3.65316305   5412.32899896
 29469.40275722    339.33499908      3.65374161   5412.95505345
 29474.06916541    339.28127472      3.65432017   5410.74908931
 29478.73557360    339.22756736      3.65489873   5405.42024787
 29483.40198179    339.17387701      3.65547729   5396.70659677
 29488.06838997    339.12020365      3.65605585   5384.37572298
 29492.73479816    339.06654727      3.65663441   5368.22514949
 29497.40120635    339.01290787      3.65721297   5348.08257726
 29502.06761454    338.95928544      3.65779154   5323.80595469
 29506.73402273    338.90567997      3.65837010   5295.28337774
 29511.40043092    338.85209145      3.65894866   5262.43282511
 29516.06683910    338.79851987      3.65952722   5225.20173338
 29520.73324729    338.74496524      3.66010578   5183.56641812
 29525.39965548    338.69142753      3.66068434   5137.53134779
 29530.06606367    338.63790674      3.66126290   5087.12827800
 29534.73247186    338.58440286      3.66184146   5032.41525434
 29539.39888005    338.53091589      3.66242002   4973.47549292
 29544.06528823    338.47744581      3.66299859   4910.41614800
 29548.73169642    338.42399262      3.66357715   4843.36697712
 29553.39810461    338.37055631      3.66415571   4772.47891400
 29558.06451280    338.31713688      3.66473427   4697.92256046
 29562.73092099    338.26373430      3.66531283   4619.88660850
 29567.39732917    338.21034859      3.66589139   4538.57620409
 29572.06373736    338.15697972      3.66646995   4454.21126424
 29576.73014555    338.10362770      3.66704851   4367.02475918
 29581.39655374    338.05029250      3.66762707   4277.26097111
 29586.06296193    337.99697413      3.66820564   4185.17374107
 29590.72937012    337.94367258      3.66878420   4091.02471535
 29595.39577830    337.89038783      3.66936276   3995.08160222
 29600.06218649    337.83711989      3.66994132   3897.61644978
 29604.72859468    337.78386874      3.67051988   3798.90395504
 29609.39500287    337.73063437      3.67109844   3699.21981385
 29614.06141106    337.67741678      3.67167700   3598.83912086
 29618.72781925    337.62421596      3.67225556   3498.03482789
 29623.39422743    337.57103189      3.67283412   3397.07626857
 29628.06063562    337.51786459      3.67341269   3296.22775622
 29632.72704381    337.46471402      3.67399125   3195.74726138
 29637.39345200    337.41158020      3.67456981   3095.88517452
 29642.05986019    337.35846310      3.67514837   2996.88315856
 29646.72626838    337.30536273      3.67572693   2898.97309536
 29651.39267656    337.25227906      3.67630549   2802.37612910
 29656.05908475    337.19921211      3.67688405   2707.30180913
 29660.72549294    337.14616185      3.67746261   2613.94733365
 29665.39190113    337.09312828      3.67804117   2522.49689518
 29670.05830932    337.04011139      3.67861974   2433.12112782
 29674.72471751    336.98711118      3.67919830   2345.97665569
 29679.39112569    336.93412763      3.67977686   2261.20574130
 29684.05753388    336.88116074      3.68035542   2178.93603178
 29688.72394207    336.82821051      3.68093398   2099.28040072
 29693.39035026    336.77527691      3.68151254   2022.33688231
 29698.05675845    336.72235995      3.68209110   1948.18869450
 29702.72316664    336.66945961      3.68266966   1876.90434707
 29707.38957482    336.61657590      3.68324822   1808.53783046
 29712.05598301    336.56370880      3.68382678   1743.12888054
 29716.72239120    336.51085830      3.68440535   1680.70331460
 29721.38879939    336.45802439      3.68498391   1621.27343327
 29726.05520758    336.40520707      3.68556247   1564.83848330
 29730.72161577    336.35240634      3.68614103   1511.38517550
 29735.38802395    336.29962217      3.68671959   1460.88825274
 29740.05443214    336.24685457      3.68729815   1413.31110215
 29744.72084033    336.19410353      3.68787671   1368.60640639
 29749.38724852    336.14136903      3.68845527   1326.71682824
 29754.05365671    336.08865108      3.68903383   1287.57572344
 29758.72006490    336.03594966      3.68961240   1251.10787643
 29763.38647308    335.98326476      3.69019096   1217.23025392
 29768.05288127    335.93059638      3.69076952   1185.85277149
 29772.71928946    335.87794452      3.69134808   1156.87906836
 29777.38569765    335.82530915      3.69192664   1130.20728595
 29782.05210584    335.77269028      3.69250520   1105.73084590
 29786.71851403    335.72008789      3.69308376   1083.33922352
 29791.38492221    335.66750199      3.69366232   1062.91871280
 29796.05133040    335.61493255      3.69424088   1044.35317946
 29800.71773859    335.56237958      3.69481945   1027.52479872
 29805.38414678    335.50984307      3.69539801   1012.31477473
 29810.05055497    335.45732300      3.69597657    998.60403866
 29814.71696316    335.40481937      3.69655513    986.27392319
 29819.38337134    335.35233217      3.69713369    975.20681066
 29824.04977953    335.29986140      3.69771225    965.28675308
 29828.71618772    335.24740705      3.69829081    956.40006191
 29833.38259591    335.19496911      3.69886937    948.43586605
 29838.04900410    335.14254756      3.69944793    941.28663647
 29842.71541229    335.09014242      3.70002650    934.84867635
 29847.38182047    335.03775365      3.70060506    929.02257556
 29852.04822866    334.98538127      3.70118362    923.71362869
 29856.71463685    334.93302526      3.70176218    918.83221587
 29861.38104504    334.88068561      3.70234074    914.29414595
 29866.04745323    334.82836231      3.70291930    910.02096164
 29870.71386142    334.77605537      3.70349786    905.94020645
 29875.38026960    334.72376476      3.70407642    901.98565338
 29880.04667779    334.67149049      3.70465498    898.09749550
 29884.71308598    334.61923254      3.70523355    894.22249875
 29889.37949417    334.56699091      3.70581211    890.31411722
 29894.04590236    334.51476559      3.70639067    886.33257159
 29898.71231055    334.46255657      3.70696923    882.24489135
 29903.37871873    334.41036385      3.70754779    878.02492152
 29908.04512692    334.35818741      3.70812635    873.65329496
 29912.71153511    334.30602725      3.70870491    869.11737109
 29917.37794330    334.25388336      3.70928347    864.41114230
 29922.04435149    334.20175574      3.70986203    859.53510928
 29926.71075968    334.14964437      3.71044060    854.49612652
 29931.37716786    334.09754925      3.71101916    849.30721964
 29936.04357605    334.04547038      3.71159772    843.98737579
 29940.70998424    333.99340773      3.71217628    838.56130905
 29945.37639243    333.94136132      3.71275484    833.05920242
 29950.04280062    333.88933112      3.71333340    827.51642806
 29954.70920881    333.83731713      3.71391196    821.97324803
 29959.37561699    333.78531934      3.71449052    816.47449698
 29964.04202518    333.73333775      3.71506908    811.06924932
 29968.70843337    333.68137235      3.71564764    805.81047249
 29973.37484156    333.62942313      3.71622621    800.75466876
 29978.04124975    333.57749008      3.71680477    795.96150763
 29982.70765794    333.52557320      3.71738333    791.49345102
 29987.37406612    333.47367247      3.71796189    787.41537357
 29992.04047431    333.42178790      3.71854045    783.79418034
 29996.70688250    333.36991946      3.71911901    780.69842417
 30001.37329069    333.31806717      3.71969757    778.19792509
 30006.03969888    333.26623100      3.72027613    776.36339414
 30010.70610707    333.21441095      3.72085469    775.26606383
 30015.37251525    333.16260701      3.72143326    774.97732779
 30020.03892344    333.11081918      3.72201182    775.56839179
 30024.70533163    333.05904745      3.72259038    777.10993841
 30029.37173982    333.00729180      3.72316894    779.67180789
 30034.03814801    332.95555224      3.72374750    783.32269703
 30038.70455619    332.90382875      3.72432606    788.12987873
 30043.37096438    332.85212134      3.72490462    794.15894390
 30048.03737257    332.80042998      3.72548318    801.47356818
 30052.70378076    332.74875467      3.72606174    810.13530506
 30057.37018895    332.69709541      3.72664031    820.20340758
 30062.03659714    332.64545219      3.72721887    831.73468004
 30066.70300532    332.59382500      3.72779743    844.78336160
 30071.36941351    332.54221383      3.72837599    859.40104299
 30076.03582170    332.49061867      3.72895455    875.63661773
 30080.70222989    332.43903953      3.72953311    893.53626886
 30085.36863808    332.38747638      3.73011167    913.14349212
 30090.03504627    332.33592923      3.73069023    934.49915612
 30094.70145445    332.28439806      3.73126879    957.64160006
 30099.36786264    332.23288287      3.73184736    982.60676883
 30104.03427083    332.18138365      3.73242592   1009.42838566
 30108.70067902    332.12990040      3.73300448   1038.13816155
 30113.36708721    332.07843310      3.73358304   1068.76604087
 30118.03349540    332.02698175      3.73416160   1101.34048180
 30122.69990358    331.97554634      3.73474016   1135.88877026
 30127.36631177    331.92412686      3.73531872   1172.43736536
 30132.03271996    331.87272331      3.73589728   1211.01227407
 30136.69912815    331.82133568      3.73647584   1251.63945256
 30141.36553634    331.76996396      3.73705441   1294.34523095
 30146.03194453    331.71860814      3.73763297   1339.15675827
 30150.69835271    331.66726822      3.73821153   1386.10246353
 30155.36476090    331.61594419      3.73879009   1435.21252883
 30160.03116909    331.56463604      3.73936865   1486.51936979
 30164.69757728    331.51334377      3.73994721   1540.05811831
 30169.36398547    331.46206736      3.74052577   1595.86710247
 30174.03039366    331.41080681      3.74110433   1653.98831780
 30178.69680184    331.35956212      3.74168289   1714.46788401
 30183.36321003    331.30833327      3.74226145   1777.35648121
 30188.02961822    331.25712026      3.74284002   1842.70975908
 30192.69602641    331.20592308      3.74341858   1910.58871260
 30197.36243460    331.15474172      3.74399714   1981.06001789
 30202.02884279    331.10357617      3.74457570   2054.19632128
 30206.69525097    331.05242644      3.74515426   2130.07647541
 30211.36165916    331.00129251      3.74573282   2208.78571566
 30216.02806735    330.95017437      3.74631138   2290.41577077
 30220.69447554    330.89907201      3.74688994   2375.06490165
 30225.36088373    330.84798544      3.74746850   2462.83786267
 30230.02729192    330.79691464      3.74804707   2553.84578028
 30234.69370010    330.74585960      3.74862563   2648.20594416
 30239.36010829    330.69482032      3.74920419   2746.04150671
 30244.02651648    330.64379679      3.74978275   2847.48108751
 30248.69292467    330.59278900      3.75036131   2952.65827983
 30253.35933286    330.54179695      3.75093987   3061.71105732
 30258.02574105    330.49082062      3.75151843   3174.78107985
 30262.69214923    330.43986002      3.75209699   3292.01289822
 30267.35855742    330.38891513      3.75267555   3413.55305864
 30272.02496561    330.33798594      3.75325412   3539.54910897
 30276.69137380    330.28707246      3.75383268   3670.14850947
 30281.35778199    330.23617467      3.75441124   3805.49745233
 30286.02419018    330.18529256      3.75498980   3945.73959497
 30290.69059836    330.13442612      3.75556836   4091.01471351
 30295.35700655    330.08357536      3.75614692   4241.45728384
 30300.02341474    330.03274026      3.75672548   4397.19499864
 30304.68982293    329.98192082      3.75730404   4558.34723007
 30309.35623112    329.93111702      3.75788260   4725.02344861
 30314.02263931    329.88032887      3.75846117   4897.32160944
 30318.68904749    329.82955635      3.75903973   5075.32651898
 30323.35545568    329.77879945      3.75961829   5259.10819447
 30328.02186387    329.72805818      3.76019685   5448.72023062
 30332.68827206    329.67733252      3.76077541   5644.19818751
 30337.35468025    329.62662246      3.76135397   5845.55801481
 30342.02108844    329.57592800      3.76193253   6052.79452716
 30346.68749662    329.52524913      3.76251109   6265.87994634
 30351.35390481    329.47458584      3.76308965   6484.76252513
 30356.02031300    329.42393813      3.76366822   6709.36526841
 30360.68672119    329.37330599      3.76424678   6939.58476604
 30365.35312938    329.32268941      3.76482534   7175.29015212
 30370.01953757    329.27208839      3.76540390   7416.32220426
 30374.68594575    329.22150291      3.76598246   7662.49259587
 30379.35235394    329.17093298      3.76656102   7913.58331353
 30384.01876213    329.12037857      3.76713958   8169.34625032
 30388.68517032    329.06983970      3.76771814   8429.50298488
 30393.35157851    329.01931634      3.76829670   8693.74475443
 30398.01798670    328.96880849      3.76887527   8961.73262869
 30402.68439488    328.91831615      3.76945383   9233.09788997
 30407.35080307    328.86783930      3.77003239   9507.44262289
 30412.01721126    328.81737795      3.77061095   9784.34051556
 30416.68361945    328.76693208      3.77118951  10063.33787242
 30421.35002764    328.71650168      3.77176807  10343.95483648
 30426.01643583    328.66608676      3.77234663  10625.68681764
 30430.68284401    328.61568729      3.77292519  10908.00612118
 30435.34925220    328.56530328      3.77350375  11190.36376917
 30440.01566039    328.51493472      3.77408231  11472.19150532
 30444.68206858    328.46458160      3.77466088  11752.90397257
 30449.34847677    328.41424391      3.77523944  12031.90105048
 30454.01488496    328.36392165      3.77581800  12308.57033836
 30458.68129314    328.31361481      3.77639656  12582.28976856
 30463.34770133    328.26332338      3.77697512  12852.43033277
 30468.01410952    328.21304735      3.77755368  13118.35890355
 30472.68051771    328.16278672      3.77813224  13379.44113181
 30477.34692590    328.11254149      3.77871080  13635.04440053
 30482.01333409    328.06231163      3.77928936  13884.54081423
 30486.67974227    328.01209716      3.77986793  14127.31020340
 30491.34615046    327.96189805      3.78044649  14362.74312268
 30496.01255865    327.91171431      3.78102505  14590.24382186
 30500.67896684    327.86154592      3.78160361  14809.23316874
 30505.34537503    327.81139288      3.78218217  15019.15150325
 30510.01178321    327.76125518      3.78276073  15219.46140311
 30514.67819140    327.71113281      3.78333929  15409.65034161
 30519.34459959    327.66102578      3.78391785  15589.23321945
 30524.01100778    327.61093406      3.78449641  15757.75475344
 30528.67741597    327.56085766      3.78507498  15914.79170614
 30533.34382416    327.51079656      3.78565354  16059.95494207
 30538.01023234    327.46075077      3.78623210  16192.89129731
 30542.67664053    327.41072026      3.78681066  16313.28525119
 30547.34304872    327.36070504      3.78738922  16420.86039040
 30552.00945691    327.31070510      3.78796778  16515.38065740
 30556.67586510    327.26072043      3.78854634  16596.65137700
 30561.34227329    327.21075103      3.78912490  16664.52005672
 30566.00868147    327.16079688      3.78970346  16718.87695827
 30570.67508966    327.11085798      3.79028203  16759.65543935
 30575.34149785    327.06093432      3.79086059  16786.83206664
 30580.00790604    327.01102591      3.79143915  16800.42650260
 30584.67431423    326.96113272      3.79201771  16800.50117029
 30589.34072242    326.91125475      3.79259627  16787.16070189
 30594.00713060    326.86139200      3.79317483  16760.55117806
 30598.67353879    326.81154446      3.79375339  16720.85916672
 30603.33994698    326.76171212      3.79433195  16668.31057070
 30608.00635517    326.71189497      3.79491051  16603.16929512
 30612.67276336    326.66209301      3.79548908  16525.73574615
 30617.33917155    326.61230623      3.79606764  16436.34517340
 30622.00557973    326.56253463      3.79664620  16335.36586920
 30626.67198792    326.51277819      3.79722476  16223.19723828
 30631.33839611    326.46303692      3.79780332  16100.26775179
 30636.00480430    326.41331079      3.79838188  15967.03279985
 30640.67121249    326.36359981      3.79896044  15823.97245695
 30645.33762068    326.31390397      3.79953900  15671.58917455
 30650.00402886    326.26422327      3.80011756  15510.40541491
 30654.67043705    326.21455768      3.80069613  15340.96124026
 30659.33684524    326.16490722      3.80127469  15163.81187084
 30664.00325343    326.11527187      3.80185325  14979.52522504
 30668.66966162    326.06565162      3.80243181  14788.67945447
 30673.33606981    326.01604647      3.80301037  14591.86048618
 30678.00247799    325.96645641      3.80358893  14389.65958350
 30682.66888618    325.91688144      3.80416749  14182.67093685
 30687.33529437    325.86732154      3.80474605  13971.48929461
 30692.00170256    325.81777671      3.80532461  13756.70764392
 30696.66811075    325.76824695      3.80590317  13538.91495037
 30701.33451894    325.71873224      3.80648174  13318.69396508
 30706.00092712    325.66923258      3.80706030  13096.61910670
 30710.66733531    325.61974797      3.80763886  12873.25442553
 30715.33374350    325.57027839      3.80821742  12649.15165605
 30720.00015169    325.52082383      3.80879598  12424.84836378
 30724.66655988    325.47138431      3.80937454  12200.86619158
 30729.33296807    325.42195979      3.80995310  11977.70921008
 30733.99937625    325.37255029      3.81053166  11755.86237638
 30738.66578444    325.32315578      3.81111022  11535.79010455
 30743.33219263    325.27377628      3.81168879  11317.93495112
 30747.99860082    325.22441175      3.81226735  11102.71641817
 30752.66500901    325.17506222      3.81284591  10890.52987634
 30757.33141720    325.12572765      3.81342447  10681.74560944
 30761.99782538    325.07640805      3.81400303  10476.70798214
 30766.66423357    325.02710342      3.81458159  10275.73473175
 30771.33064176    324.97781373      3.81516015  10079.11638475
 30775.99704995    324.92853900      3.81573871   9887.11579821
 30780.66345814    324.87927920      3.81631727   9699.96782610
 30785.32986633    324.83003434      3.81689584   9517.87910986
 30789.99627451    324.78080440      3.81747440   9341.02799246
 30794.66268270    324.73158939      3.81805296   9169.56455450
 30799.32909089    324.68238928      3.81863152   9003.61077077
 30803.99549908    324.63320409      3.81921008   8843.26078510
 30808.66190727    324.58403379      3.81978864   8688.58130093
 30813.32831546    324.53487839      3.82036720   8539.61208468
 30817.99472364    324.48573787      3.82094576   8396.36657848
 30822.66113183    324.43661223      3.82152432   8258.83261827
 30827.32754002    324.38750147      3.82210289   8126.97325316
 30831.99394821    324.33840557      3.82268145   8000.72766100
 30836.66035640    324.28932453      3.82326001   7880.01215514
 30841.32676459    324.24025834      3.82383857   7764.72127655
 30845.99317277    324.19120699      3.82441713   7654.72896518
 30850.65958096    324.14217049      3.82499569   7549.88980413
 30855.32598915    324.09314882      3.82557425   7450.04032958
 30859.99239734    324.04414197      3.82615281   7355.00039921
 30864.65880553    323.99514994      3.82673137   7264.57461159
 30869.32521372    323.94617272      3.82730994   7178.55376840
 30873.99162190    323.89721031      3.82788850   7096.71637162
 30878.65803009    323.84826270      3.82846706   7018.83014705
 30883.32443828    323.79932988      3.82904562   6944.65358587
 30887.99084647    323.75041184      3.82962418   6873.93749551
 30892.65725466    323.70150859      3.83020274   6806.42655140
 30897.32366285    323.65262010      3.83078130   6741.86084077
 30901.99007103    323.60374638      3.83135986   6679.97739032
 30906.65647922    323.55488742      3.83193842   6620.51166925
 30911.32288741    323.50604321      3.83251698   6563.19905963
 30915.98929560    323.45721374      3.83309555   6507.77628643
 30920.65570379    323.40839901      3.83367411   6453.98279957
 30925.32211198    323.35959902      3.83425267   6401.56210119
 30929.98852016    323.31081375      3.83483123   6350.26301144
 30934.65492835    323.26204319      3.83540979   6299.84086678
 30939.32133654    323.21328735      3.83598835   6250.05864536
 30943.98774473    323.16454621      3.83656691   6200.68801454
 30948.65415292    323.11581978      3.83714547   6151.51029626
 30953.32056111    323.06710803      3.83772403   6102.31734679
 30957.98696929    323.01841097      3.83830260   6052.91234778
 30962.65337748    322.96972858      3.83888116   6003.11050651
 30967.31978567    322.92106087      3.83945972   5952.73966370
 30971.98619386    322.87240783      3.84003828   5901.64080807
 30976.65260205    322.82376944      3.84061684   5849.66849746
 30981.31901024    322.77514570      3.84119540   5796.69118706
 30985.98541842    322.72653661      3.84177396   5742.59146576
 30990.65182661    322.67794216      3.84235252   5687.26620248
 30995.31823480    322.62936234      3.84293108   5630.62660483
 30999.98464299    322.58079714      3.84350965   5572.59819280
 31004.65105118    322.53224657      3.84408821   5513.12069098
 31009.31745936    322.48371060      3.84466677   5452.14784315
 31013.98386755    322.43518925      3.84524533   5389.64715334
 31018.65027574    322.38668249      3.84582389   5325.59955792
 31023.31668393    322.33819032      3.84640245   5259.99903370
 31027.98309212    322.28971274      3.84698101   5192.85214700
 31032.64950031    322.24124974      3.84755957   5124.17754898
 31037.31590849    322.19280131      3.84813813   5054.00542273
 31041.98231668    322.14436744      3.84871670   4982.37688740
 31046.64872487    322.09594814      3.84929526   4909.34336516
 31051.31513306    322.04754339      3.84987382   4834.96591619
 31055.98154125    321.99915318      3.85045238   4759.31454729
 31060.64794944    321.95077752      3.85103094   4682.46749944
 31065.31435762    321.90241639      3.85160950   4604.51051937
 31069.98076581    321.85406978      3.85218806   4525.53612020
 31074.64717400    321.80573770      3.85276662   4445.64283603
 31079.31358219    321.75742013      3.85334518   4364.93447478
 31083.97999038    321.70911707      3.85392375   4283.51937393
 31088.64639857    321.66082850      3.85450231   4201.50966290
 31093.31280675    321.61255443      3.85508087   4119.02053600
 31097.97921494    321.56429485      3.85565943   4036.16953938
 31102.64562313    321.51604975      3.85623799   3953.07587511
 31107.31203132    321.46781913      3.85681655   3869.85972532
 31111.97843951    321.41960297      3.85739511   3786.64159904
 31116.64484770    321.37140127      3.85797367   3703.54170393
 31121.31125588    321.32321403      3.85855223   3620.67934502
 31125.97766407    321.27504124      3.85913080   3538.17235222
 31130.64407226    321.22688289      3.85970936   3456.13653806
 31135.31048045    321.17873897      3.86028792   3374.68518700
 31139.97688864    321.13060948      3.86086648   3293.92857727
 31144.64329683    321.08249442      3.86144504   3213.97353611
 31149.30970501    321.03439377      3.86202360   3134.92302907
 31153.97611320    320.98630753      3.86260216   3056.87578369
 31158.64252139    320.93823570      3.86318072   2979.92594804
 31163.30892958    320.89017826      3.86375928   2904.16278398
 31167.97533777    320.84213521      3.86433784   2829.67039540
 31172.64174596    320.79410655      3.86491641   2756.52749099
 31177.30815414    320.74609226      3.86549497   2684.80718154
 31181.97456233    320.69809234      3.86607353   2614.57681124
 31186.64097052    320.65010679      3.86665209   2545.89782250
 31191.30737871    320.60213559      3.86723065   2478.82565379
 31195.97378690    320.55417875      3.86780921   2413.40966978
 31200.64019509    320.50623625      3.86838777   2349.69312309
 31205.30660327    320.45830809      3.86896633   2287.71314682
 31209.97301146    320.41039426      3.86954489   2227.50077693
 31214.63941965    320.36249476      3.87012346   2169.08100360
 31219.30582784    320.31460958      3.87070202   2112.47285048
 31223.97223603    320.26673871      3.87128058   2057.68948076
 31228.63864422    320.21888215      3.87185914   2004.73832892
 31233.30505240    320.17103988      3.87243770   1953.62125693
 31237.97146059    320.12321191      3.87301626   1904.33473361
 31242.63786878    320.07539823      3.87359482   1856.87003580
 31247.30427697    320.02759883      3.87417338   1811.21347000
 31251.97068516    319.97981370      3.87475194   1767.34661292
 31256.63709335    319.93204284      3.87533051   1725.24656950
 31261.30350153    319.88428624      3.87590907   1684.88624682
 31265.96990972    319.83654390      3.87648763   1646.23464222
 31270.63631791    319.78881581      3.87706619   1609.25714408
 31275.30272610    319.74110195      3.87764475   1573.91584345
 31279.96913429    319.69340234      3.87822331   1540.16985482
 31284.63554248    319.64571695      3.87880187   1507.97564440
 31289.30195066    319.59804579      3.87938043   1477.28736388
 31293.96835885    319.55038885      3.87995899   1448.05718812
 31298.63476704    319.50274611      3.88053756   1420.23565483
 31303.30117523    319.45511758      3.88111612   1393.77200454
 31307.96758342    319.40750325      3.88169468   1368.61451899
 31312.63399161    319.35990311      3.88227324   1344.71085634
 31317.30039979    319.31231715      3.88285180   1322.00838126
 31321.96680798    319.26474537      3.88343036   1300.45448850
 31326.63321617    319.21718777      3.88400892   1279.99691815
 31331.29962436    319.16964433      3.88458748   1260.58406097
 31335.96603255    319.12211505      3.88516604   1242.16525259
 31340.63244074    319.07459993      3.88574461   1224.69105481
 31345.29884892    319.02709895      3.88632317   1208.11352297
 31349.96525711    318.97961212      3.88690173   1192.38645802
 31354.63166530    318.93213942      3.88748029   1177.46564217
 31359.29807349    318.88468084      3.88805885   1163.30905714
 31363.96448168    318.83723639      3.88863741   1149.87708409
 31368.63088987    318.78980605      3.88921597   1137.13268440
 31373.29729805    318.74238983      3.88979453   1125.04156066
 31377.96370624    318.69498771      3.89037309   1113.57229727
 31382.63011443    318.64759968      3.89095165   1102.69648025
 31387.29652262    318.60022574      3.89153022   1092.38879592
 31391.96293081    318.55286589      3.89210878   1082.62710828
 31396.62933900    318.50552012      3.89268734   1073.39251501
 31401.29574718    318.45818842      3.89326590   1064.66938209
 31405.96215537    318.41087078      3.89384446   1056.44535737
 31410.62856356    318.36356720      3.89442302   1048.71136311
 31415.29497175    318.31627768      3.89500158   1041.46156824
 31419.96137994    318.26900220      3.89558014   1034.69334054
 31424.62778813    318.22174076      3.89615870   1028.40717956
 31429.29419631    318.17449336      3.89673727   1022.60663096
 31433.96060450    318.12725998      3.89731583   1017.29818308
 31438.62701269    318.08004063      3.89789439   1012.49114673
 31443.29342088    318.03283529      3.89847295   1008.19751914
 31447.95982907    317.98564396      3.89905151   1004.43183327
 31452.62623726    317.93846664      3.89963007   1001.21099368
 31457.29264544    317.89130331      3.90020863    998.55410014
 31461.95905363    317.84415397      3.90078719    996.48226044
 31466.62546182    317.79701861      3.90136575    995.01839377
 31471.29187001    317.74989724      3.90194432    994.18702620
 31475.95827820    317.70278983      3.90252288    994.01407969
 31480.62468638    317.65569639      3.90310144    994.52665640
 31485.29109457    317.60861691      3.90368000    995.75281975
 31489.95750276    317.56155138      3.90425856    997.72137403
 31494.62391095    317.51449980      3.90483712   1000.46164416
 31499.29031914    317.46746216      3.90541568   1004.00325742
 31503.95672733    317.42043846      3.90599424   1008.37592874
 31508.62313551    317.37342868      3.90657280   1013.60925140
 31513.28954370    317.32643283      3.90715137   1019.73249472
 31517.95595189    317.27945089      3.90772993   1026.77441050
 31522.62236008    317.23248286      3.90830849   1034.76304988
 31527.28876827    317.18552874      3.90888705   1043.72559205
 31531.95517646    317.13858851      3.90946561   1053.68818659
 31536.62158464    317.09166217      3.91004417   1064.67581060
 31541.28799283    317.04474972      3.91062273   1076.71214226
 31545.95440102    316.99785115      3.91120129   1089.81945180
 31550.62080921    316.95096645      3.91177985   1104.01851123
 31555.28721740    316.90409562      3.91235842   1119.32852370
 31559.95362559    316.85723865      3.91293698   1135.76707328
 31564.62003377    316.81039553      3.91351554   1153.35009597
 31569.28644196    316.76356626      3.91409410   1172.09187231
 31573.95285015    316.71675083      3.91467266   1192.00504193
 31578.61925834    316.66994924      3.91525122   1213.10064008
 31583.28566653    316.62316148      3.91582978   1235.38815614
 31587.95207472    316.57638754      3.91640834   1258.87561353
 31592.61848290    316.52962742      3.91698690   1283.56967069
 31597.28489109    316.48288111      3.91756547   1309.47574212
 31601.95129928    316.43614861      3.91814403   1336.59813849
 31606.61770747    316.38942990      3.91872259   1364.94022453
 31611.28411566    316.34272499      3.91930115   1394.50459313
 31615.95052385    316.29603387      3.91987971   1425.29325387
 31620.61693203    316.24935652      3.92045827   1457.30783400
 31625.28334022    316.20269295      3.92103683   1490.54978968
 31629.94974841    316.15604315      3.92161539   1525.02062502
 31634.61615660    316.10940712      3.92219395   1560.72211627
 31639.28256479    316.06278483      3.92277251   1597.65653861
 31643.94897298    316.01617630      3.92335108   1635.82689234
 31648.61538116    315.96958152      3.92392964   1675.23712574
 31653.28178935    315.92300047      3.92450820   1715.89235122
 31657.94819754    315.87643315      3.92508676   1757.79905186
 31662.61460573    315.82987956      3.92566532   1800.96527496
 31667.28101392    315.78333969      3.92624388   1845.40080951
 31671.94742211    315.73681354      3.92682244   1891.11734443
 31676.61383029    315.69030109      3.92740100   1938.12860451
 31681.28023848    315.64380234      3.92797956   1986.45046122
 31685.94664667    315.59731729      3.92855813   2036.10101546
 31690.61305486    315.55084593      3.92913669   2087.10064986
 31695.27946305    315.50438826      3.92971525   2139.47204808
 31699.94587124    315.45794426      3.93029381   2193.24017930
 31704.61227942    315.41151393      3.93087237   2248.43224590
 31709.27868761    315.36509727      3.93145093   2305.07759298
 31713.94509580    315.31869426      3.93202949   2363.20757868
 31718.61150399    315.27230492      3.93260805   2422.85540459
 31723.27791218    315.22592921      3.93318661   2484.05590591
 31727.94432037    315.17956715      3.93376518   2546.84530161
 31732.61072855    315.13321873      3.93434374   2611.26090506
 31737.27713674    315.08688393      3.93492230   2677.34079631
 31741.94354493    315.04056276      3.93550086   2745.12345730
 31746.60995312    314.99425521      3.93607942   2814.64737215
 31751.27636131    314.94796127      3.93665798   2885.95059472
 31755.94276950    314.90168093      3.93723654   2959.07028639
 31760.60917768    314.85541419      3.93781510   3034.04222714
 31765.27558587    314.80916105      3.93839366   3110.90030359
 31769.94199406    314.76292149      3.93897223   3189.67597801
 31774.60840225    314.71669551      3.93955079   3270.39774247
 31779.27481044    314.67048311      3.94012935   3353.09056277
 31783.94121863    314.62428428      3.94070791   3437.77531693
 31788.60762681    314.57809902      3.94128647   3524.46823333
 31793.27403500    314.53192731      3.94186503   3613.18033350
 31797.94044319    314.48576915      3.94244359   3703.91688498
 31802.60685138    314.43962454      3.94302215   3796.67686951
 31807.27325957    314.39349346      3.94360071   3891.45247172
 31811.93966776    314.34737592      3.94417928   3988.22859369
 31816.60607594    314.30127191      3.94475784   4086.98240043
 31821.27248413    314.25518142      3.94533640   4187.68290112
 31825.93889232    314.20910445      3.94591496   4290.29057086
 31830.60530051    314.16304098      3.94649352   4394.75701732
 31835.27170870    314.11699102      3.94707208   4501.02469623
 31839.93811689    314.07095456      3.94765064   4609.02667956
 31844.60452507    314.02493159      3.94822920   4718.68647945
 31849.27093326    313.97892211      3.94880776   4829.91793074
 31853.93734145    313.93292611      3.94938632   4942.62513442
 31858.60374964    313.88694358      3.94996489   5056.70246365
 31863.27015783    313.84097452      3.95054345   5172.03463367
 31867.93656602    313.79501892      3.95112201   5288.49683617
 31872.60297420    313.74907678      3.95170057   5405.95493826
 31877.26938239    313.70314808      3.95227913   5524.26574553
 31881.93579058    313.65723284      3.95285769   5643.27732817
 31886.60219877    313.61133103      3.95343625   5762.82940852
 31891.26860696    313.56544266      3.95401481   5882.75380797
 31895.93501515    313.51956771      3.95459337   6002.87495053
 31900.60142333    313.47370618      3.95517194   6123.01041995
 31905.26783152    313.42785807      3.95575050   6242.97156682
 31909.93423971    313.38202337      3.95632906   6362.56416168
 31914.60064790    313.33620207      3.95690762   6481.58908980
 31919.26705609    313.29039417      3.95748618   6599.84308290
 31923.93346428    313.24459966      3.95806474   6717.11948302
 31928.59987246    313.19881854      3.95864330   6833.20903325
 31933.26628065    313.15305079      3.95922186   6947.90069013
 31937.93268884    313.10729642      3.95980042   7060.98245224
 31942.59909703    313.06155542      3.96037899   7172.24219951
 31947.26550522    313.01582779      3.96095755   7281.46853791
 31951.93191340    312.97011350      3.96153611   7388.45164392
 31956.59832159    312.92441257      3.96211467   7492.98410363
 31961.26472978    312.87872499      3.96269323   7594.86174132
 31965.93113797    312.83305074      3.96327179   7693.88443239
 31970.59754616    312.78738982      3.96385035   7789.85689617
 31975.26395435    312.74174224      3.96442891   7882.58946397
 31979.93036253    312.69610797      3.96500747   7971.89881828
 31984.59677072    312.65048702      3.96558604   8057.60869938
 31989.26317891    312.60487938      3.96616460   8139.55057577
 31993.92958710    312.55928505      3.96674316   8217.56427537
 31998.59599529    312.51370401      3.96732172   8291.49857486
 32003.26240348    312.46813626      3.96790028   8361.21174463
 32007.92881166    312.42258181      3.96847884   8426.57204758
 32012.59521985    312.37704063      3.96905740   8487.45819006
 32017.26162804    312.33151272      3.96963596   8543.75972382
 32021.92803623    312.28599809      3.97021452   8595.37739807
 32026.59444442    312.24049672      3.97079309   8642.22346119
 32031.26085261    312.19500861      3.97137165   8684.22191194
 32035.92726079    312.14953375      3.97195021   8721.30870013
 32040.59366898    312.10407213      3.97252877   8753.43187740
 32045.26007717    312.05862376      3.97310733   8780.55169853
 32049.92648536    312.01318862      3.97368589   8802.64067428
 32054.59289355    311.96776670      3.97426445   8819.68357684
 32059.25930174    311.92235801      3.97484301   8831.67739897
 32063.92570992    311.87696254      3.97542157   8838.63126854
 32068.59211811    311.83158028      3.97600014   8840.56631959
 32073.25852630    311.78621123      3.97657870   8837.51552182
 32077.92493449    311.74085537      3.97715726   8829.52347009
 32082.59134268    311.69551271      3.97773582   8816.64613553
 32087.25775087    311.65018324      3.97831438   8798.95058031
 32091.92415905    311.60486694      3.97889294   8776.51463762
 32096.59056724    311.55956383      3.97947150   8749.42655876
 32101.25697543    311.51427389      3.98005006   8717.78462918
 32105.92338362    311.46899711      3.98062862   8681.69675530
 32110.58979181    311.42373349      3.98120718   8641.28002371
 32115.25620000    311.37848303      3.98178575   8596.66023490
 32119.92260818    311.33324571      3.98236431   8547.97141298
 32124.58901637    311.28802154      3.98294287   8495.35529331
 32129.25542456    311.24281050      3.98352143   8438.96078992
 32133.92183275    311.19761259      3.98409999   8378.94344433
 32138.58824094    311.15242781      3.98467855   8315.46485774
 32143.25464913    311.10725615      3.98525711   8248.69210832
 32147.92105731    311.06209760      3.98583567   8178.79715557
 32152.58746550    311.01695216      3.98641423   8105.95623354
 32157.25387369    310.97181982      3.98699280   8030.34923499
 32161.92028188    310.92670058      3.98757136   7952.15908839
 32166.58669007    310.88159443      3.98814992   7871.57112987
 32171.25309826    310.83650136      3.98872848   7788.77247229
 32175.91950644    310.79142138      3.98930704   7703.95137346
 32180.58591463    310.74635447      3.98988560   7617.29660599
 32185.25232282    310.70130062      3.99046416   7528.99683084
 32189.91873101    310.65625984      3.99104272   7439.23997705
 32194.58513920    310.61123212      3.99162128   7348.21263009
 32199.25154739    310.56621744      3.99219985   7256.09943110
 32203.91795557    310.52121582      3.99277841   7163.08248967
 32208.58436376    310.47622723      3.99335697   7069.34081243
 32213.25077195    310.43125167      3.99393553   6975.04975012
 32217.91718014    310.38628915      3.99451409   6880.38046529
 32222.58358833    310.34133964      3.99509265   6785.49942334
 32227.24999652    310.29640316      3.99567121   6690.56790886
 32231.91640470    310.25147968      3.99624977   6595.74156982
 32236.58281289    310.20656921      3.99682833   6501.16999141
 32241.24922108    310.16167175      3.99740690   6406.99630179
 32245.91562927    310.11678727      3.99798546   6313.35681139
 32250.58203746    310.07191579      3.99856402   6220.38068743
 32255.24844565    310.02705728      3.99914258   6128.18966514
 32259.91485383    309.98221176      3.99972114   6036.89779704
 32264.58126202    309.93737921      4.00029970   5946.61124096
 32269.24767021    309.89255962      4.00087826   5857.42808799
 32273.91407840    309.84775300      4.00145682   5769.43823054
 32278.58048659    309.80295933      4.00203538   5682.72327093
 32283.24689478    309.75817861      4.00261395   5597.35647047
 32287.91330296    309.71341083      4.00319251   5513.40273875
 32292.57971115    309.66865599      4.00377107   5430.91866252
 32297.24611934    309.62391408      4.00434963   5349.95257352
 32301.91252753    309.57918510      4.00492819   5270.54465391
 32306.57893572    309.53446905      4.00550675   5192.72707829
 32311.24534391    309.48976591      4.00608531   5116.52419049
 32315.91175209    309.44507567      4.00666387   5041.95271351
 32320.57816028    309.40039835      4.00724243   4969.02199054
 32325.24456847    309.35573392      4.00782099   4897.73425495
 32329.91097666    309.31108238      4.00839956   4828.08492691
 32334.57738485    309.26644374      4.00897812   4760.06293412
 32339.24379304    309.22181797      4.00955668   4693.65105423
 32343.91020122    309.17720509      4.01013524   4628.82627603
 32348.57660941    309.13260507      4.01071380   4565.56017702
 32353.24301760    309.08801792      4.01129236   4503.81931429
 32357.90942579    309.04344363      4.01187092   4443.56562615
 32362.57583398    308.99888219      4.01244948   4384.75684171
 32367.24224217    308.95433361      4.01302804   4327.34689564
 32371.90865035    308.90979786      4.01360661   4271.28634564
 32376.57505854    308.86527496      4.01418517   4216.52278978
 32381.24146673    308.82076488      4.01476373   4163.00128164
 32385.90787492    308.77626763      4.01534229   4110.66474057
 32390.57428311    308.73178321      4.01592085   4059.45435511
 32395.24069130    308.68731160      4.01649941   4009.30997747
 32399.90709948    308.64285280      4.01707797   3960.17050718
 32404.57350767    308.59840680      4.01765653   3911.97426226
 32409.23991586    308.55397361      4.01823509   3864.65933632
 32413.90632405    308.50955320      4.01881366   3818.16394037
 32418.57273224    308.46514559      4.01939222   3772.42672800
 32423.23914042    308.42075075      4.01997078   3727.38710318
 32427.90554861    308.37636870      4.02054934   3682.98550962
 32432.57195680    308.33199941      4.02112790   3639.16370133
 32437.23836499    308.28764290      4.02170646   3595.86499366
 32441.90477318    308.24329914      4.02228502   3553.03449471
 32446.57118137    308.19896813      4.02286358   3510.61931678
 32451.23758955    308.15464988      4.02344214   3468.56876804
 32455.90399774    308.11034437      4.02402071   3426.83452424
 32460.57040593    308.06605160      4.02459927   3385.37078090
 32465.23681412    308.02177156      4.02517783   3344.13438619
 32469.90322231    307.97750425      4.02575639   3303.08495489
 32474.56963050    307.93324966      4.02633495   3262.18496389
 32479.23603868    307.88900779      4.02691351   3221.39982981
 32483.90244687    307.84477862      4.02749207   3180.69796929
 32488.56885506    307.80056217      4.02807063   3140.05084250
 32493.23526325    307.75635841      4.02864919   3099.43298072
 32497.90167144    307.71216735      4.02922776   3058.82199840
 32502.56807963    307.66798898      4.02980632   3018.19859064
 32507.23448781    307.62382329      4.03038488   2977.54651664
 32511.90089600    307.57967027      4.03096344   2936.85256983
 32516.56730419    307.53552994      4.03154200   2896.10653548
 32521.23371238    307.49140226      4.03212056   2855.30113632
 32525.90012057    307.44728725      4.03269912   2814.43196708
 32530.56652876    307.40318490      4.03327768   2773.49741836
 32535.23293694    307.35909520      4.03385624   2732.49859073
 32539.89934513    307.31501814      4.03443481   2691.43919965
 32544.56575332    307.27095372      4.03501337   2650.32547169
 32549.23216151    307.22690194      4.03559193   2609.16603305
 32553.89856970    307.18286279      4.03617049   2567.97179065
 32558.56497789    307.13883626      4.03674905   2526.75580666
 32563.23138607    307.09482235      4.03732761   2485.53316703
 32567.89779426    307.05082105      4.03790617   2444.32084461
 32572.56420245    307.00683236      4.03848473   2403.13755764
 32577.23061064    306.96285627      4.03906329   2362.00362407
 32581.89701883    306.91889278      4.03964185   2320.94081252
 32586.56342702    306.87494188      4.04022042   2279.97219039
 32591.22983520    306.83100356      4.04079898   2239.12196998
 32595.89624339    306.78707782      4.04137754   2198.41535307
 32600.56265158    306.74316466      4.04195610   2157.87837479
 32605.22905977    306.69926407      4.04253466   2117.53774746
 32609.89546796    306.65537605      4.04311322   2077.42070502
 32614.56187615    306.61150058      4.04369178   2037.55484876
 32619.22828433    306.56763767      4.04427034   1997.96799509
 32623.89469252    306.52378730      4.04484890   1958.68802604
 32628.56110071    306.47994947      4.04542747   1919.74274304
 32633.22750890    306.43612419      4.04600603   1881.15972485
 32637.89391709    306.39231143      4.04658459   1842.96619013
 32642.56032528    306.34851121      4.04716315   1805.18886530
 32647.22673346    306.30472350      4.04774171   1767.85385840
 32651.89314165    306.26094831      4.04832027   1730.98653936
 32656.55954984    306.21718563      4.04889883   1694.61142738
 32661.22595803    306.17343545      4.04947739   1658.75208572
 32665.89236622    306.12969777      4.05005595   1623.43102458
 32670.55877441    306.08597259      4.05063452   1588.66961222
 32675.22518259    306.04225990      4.05121308   1554.48799491
 32679.89159078    305.99855969      4.05179164   1520.90502577
 32684.55799897    305.95487196      4.05237020   1487.93820294
 32689.22440716    305.91119670      4.05294876   1455.60361705
 32693.89081535    305.86753391      4.05352732   1423.91590833
 32698.55722354    305.82388358      4.05410588   1392.88823317
 32703.22363172    305.78024571      4.05468444   1362.53224026
 32707.89003991    305.73662029      4.05526300   1332.85805624
 32712.55644810    305.69300732      4.05584157   1303.87428060
 32717.22285629    305.64940678      4.05642013   1275.58798980
 32721.88926448    305.60581868      4.05699869   1248.00475020
 32726.55567267    305.56224302      4.05757725   1221.12863959
 32731.22208085    305.51867978      4.05815581   1194.96227690
 32735.88848904    305.47512895      4.05873437   1169.50685981
 32740.55489723    305.43159054      4.05931293   1144.76220959
 32745.22130542    305.38806455      4.05989149   1120.72682289
 32749.88771361    305.34455095      4.06047005   1097.39792994
 32754.55412180    305.30104975      4.06104862   1074.77155840
 32759.22052998    305.25756095      4.06162718   1052.84260265
 32763.88693817    305.21408453      4.06220574   1031.60489754
 32768.55334636    305.17062050      4.06278430   1011.05129637
 32773.21975455    305.12716884      4.06336286    991.17375213
 32777.88616274    305.08372956      4.06394142    971.96340172
 32782.55257093    305.04030264      4.06451998    953.41065227
 32787.21897911    304.99688808      4.06509854    935.50526910
 32791.88538730    304.95348588      4.06567710    918.23646467
 32796.55179549    304.91009604      4.06625566    901.59298789
 32801.21820368    304.86671853      4.06683423    885.56321332
 32805.88461187    304.82335337      4.06741279    870.13522955
 32810.55102006    304.78000054      4.06799135    855.29692639
 32815.21742824    304.73666004      4.06856991    841.03608023
 32819.88383643    304.69333187      4.06914847    827.34043708
 32824.55024462    304.65001601      4.06972703    814.19779295
 32829.21665281    304.60671247      4.07030559    801.59607099
 32833.88306100    304.56342124      4.07088415    789.52339509
 32838.54946919    304.52014231      4.07146271    777.96815948
 32843.21587737    304.47687568      4.07204128    766.91909409
 32847.88228556    304.43362134      4.07261984    756.36532521
 32852.54869375    304.39037929      4.07319840    746.29643143
 32857.21510194    304.34714952      4.07377696    736.70249422
 32861.88151013    304.30393203      4.07435552    727.57414341
 32866.54791832    304.26072682      4.07493408    718.90259699
 32871.21432650    304.21753387      4.07551264    710.67969533
 32875.88073469    304.17435318      4.07609120    702.89792966
 32880.54714288    304.13118474      4.07666976    695.55046466
 32885.21355107    304.08802856      4.07724833    688.63115524
 32889.87995926    304.04488463      4.07782689    682.13455750
 32894.54636744    304.00175293      4.07840545    676.05593377
 32899.21277563    303.95863347      4.07898401    670.39125198
 32903.87918382    303.91552624      4.07956257    665.13717944
 32908.54559201    303.87243124      4.08014113    660.29107102
 32913.21200020    303.82934846      4.08071969    655.85095219
 32917.87840839    303.78627789      4.08129825    651.81549683
 32922.54481657    303.74321953      4.08187681    648.18400035
 32927.21122476    303.70017337      4.08245538    644.95634826
 32931.87763295    303.65713941      4.08303394    642.13298047
 32936.54404114    303.61411765      4.08361250    639.71485190
 32941.21044933    303.57110808      4.08419106    637.70338951
 32945.87685752    303.52811069      4.08476962    636.10044640
 32950.54326570    303.48512548      4.08534818    634.90825334
 32955.20967389    303.44215244      4.08592674    634.12936811
 32959.87608208    303.39919157      4.08650530    633.76662339
 32964.54249027    303.35624286      4.08708386    633.82307348
 32969.20889846    303.31330632      4.08766243    634.30194041
 32973.87530665    303.27038192      4.08824099    635.20656018
 32978.54171483    303.22746967      4.08881955    636.54032942
 32983.20812302    303.18456956      4.08939811    638.30665314
 32987.87453121    303.14168159      4.08997667    640.50889415
 32992.54093940    303.09880576      4.09055523    643.15032456
 32997.20734759    303.05594205      4.09113379    646.23408000
 33001.87375578    303.01309046      4.09171235    649.76311699
 33006.54016396    302.97025098      4.09229091    653.74017390
 33011.20657215    302.92742362      4.09286948    658.16773604
 33015.87298034    302.88460837      4.09344804    663.04800517
 33020.53938853    302.84180521      4.09402660    668.38287382
 33025.20579672    302.79901416      4.09460516    674.17390477
 33029.87220491    302.75623519      4.09518372    680.42231586
 33034.53861309    302.71346831      4.09576228    687.12897037
 33039.20502128    302.67071351      4.09634084    694.29437310
 33043.87142947    302.62797079      4.09691940    701.91867217
 33048.53783766    302.58524013      4.09749796    710.00166660
 33053.20424585    302.54252154      4.09807652    718.54281950
 33057.87065404    302.49981501      4.09865509    727.54127683
 33062.53706222    302.45712054      4.09923365    736.99589138
 33067.20347041    302.41443812      4.09981221    746.90525184
 33071.86987860    302.37176774      4.10039077    757.26771638
 33076.53628679    302.32910940      4.10096933    768.08145052
 33081.20269498    302.28646309      4.10154789    779.34446866
 33085.86910317    302.24382882      4.10212645    791.05467872
 33090.53551135    302.20120657      4.10270501    803.20992937
 33095.20191954    302.15859634      4.10328357    815.80805911
 33099.86832773    302.11599812      4.10386214    828.84694642
 33104.53473592    302.07341192      4.10444070    842.32456044
 33109.20114411    302.03083771      4.10501926    856.23901127
 33113.86755230    301.98827551      4.10559782    870.58859911
 33118.53396048    301.94572530      4.10617638    885.37186150
 33123.20036867    301.90318708      4.10675494    900.58761784
 33127.86677686    301.86066084      4.10733350    916.23501041
 33132.53318505    301.81814659      4.10791206    932.31354120
 33137.19959324    301.77564430      4.10849062    948.82310361
 33141.86600143    301.73315399      4.10906919    965.76400868
 33146.53240961    301.69067563      4.10964775    983.13700485
 33151.19881780    301.64820924      4.11022631   1000.94329091
 33155.86522599    301.60575480      4.11080487   1019.18452155
 33160.53163418    301.56331231      4.11138343   1037.86280510
 33165.19804237    301.52088176      4.11196199   1056.98069299
 33169.86445056    301.47846315      4.11254055   1076.54116091
 33174.53085874    301.43605648      4.11311911   1096.54758122
 33179.19726693    301.39366173      4.11369767   1117.00368670
 33183.86367512    301.35127891      4.11427624   1137.91352569
 33188.53008331    301.30890800      4.11485480   1159.28140857
 33193.19649150    301.26654901      4.11543336   1181.11184602
 33197.86289969    301.22420193      4.11601192   1203.40947920
 33202.52930787    301.18186674      4.11659048   1226.17900247
 33207.19571606    301.13954346      4.11716904   1249.42507895
 33211.86212425    301.09723207      4.11774760   1273.15224970
 33216.52853244    301.05493257      4.11832616   1297.36483720
 33221.19494063    301.01264495      4.11890472   1322.06684372
 33225.86134882    300.97036921      4.11948329   1347.26184577
 33230.52775700    300.92810535      4.12006185   1372.95288511
 33235.19416519    300.88585335      4.12064041   1399.14235759
 33239.86057338    300.84361321      4.12121897   1425.83190071
 33244.52698157    300.80138494      4.12179753   1453.02228085
 33249.19338976    300.75916851      4.12237609   1480.71328130
 33253.85979795    300.71696394      4.12295465   1508.90359209
 33258.52620613    300.67477120      4.12353321   1537.59070266
 33263.19261432    300.63259031      4.12411177   1566.77079838
 33267.85902251    300.59042125      4.12469033   1596.43866196
 33272.52543070    300.54826401      4.12526890   1626.58758058
 33277.19183889    300.50611861      4.12584746   1657.20925988
 33281.85824708    300.46398501      4.12642602   1688.29374529
 33286.52465526    300.42186324      4.12700458   1719.82935187
 33291.19106345    300.37975327      4.12758314   1751.80260307
 33295.85747164    300.33765510      4.12816170   1784.19817912
 33300.52387983    300.29556873      4.12874026   1816.99887568
 33305.19028802    300.25349416      4.12931882   1850.18557296
 33309.85669621    300.21143137      4.12989738   1883.73721586
 33314.52310439    300.16938037      4.13047595   1917.63080530
 33319.18951258    300.12734115      4.13105451   1951.84140077
 33323.85592077    300.08531370      4.13163307   1986.34213434
 33328.52232896    300.04329802      4.13221163   2021.10423590
 33333.18873715    300.00129410      4.13279019   2056.09706964
 33337.85514534    299.95930194      4.13336875   2091.28818129
 33342.52155352    299.91732154      4.13394731   2126.64335613
 33347.18796171    299.87535288      4.13452587   2162.12668705
 33351.85436990    299.83339597      4.13510443   2197.70065233
 33356.52077809    299.79145080      4.13568300   2233.32620266
 33361.18718628    299.74951736      4.13626156   2268.96285665
 33365.85359447    299.70759565      4.13684012   2304.56880425
 33370.52000265    299.66568566      4.13741868   2340.10101745
 33375.18641084    299.62378740      4.13799724   2375.51536745
 33379.85281903    299.58190085      4.13857580   2410.76674759
 33384.51922722    299.54002601      4.13915436   2445.80920133
 33389.18563541    299.49816287      4.13973292   2480.59605444
 33393.85204359    299.45631144      4.14031148   2515.08005069
 33398.51845178    299.41447169      4.14089005   2549.21349033
 33403.18485997    299.37264364      4.14146861   2582.94837051
 33407.85126816    299.33082728      4.14204717   2616.23652706
 33412.51767635    299.28902259      4.14262573   2649.02977691
 33417.18408454    299.24722958      4.14320429   2681.28006046
 33421.85049272    299.20544824      4.14378285   2712.93958335
 33426.51690091    299.16367856      4.14436141   2743.96095701
 33431.18330910    299.12192055      4.14493997   2774.29733749
 33435.84971729    299.08017419      4.14551853   2803.90256214
 33440.51612548    299.03843948      4.14609710   2832.73128352
 33445.18253367    298.99671642      4.14667566   2860.73910037
 33449.84894185    298.95500500      4.14725422   2887.88268501
 33454.51535004    298.91330521      4.14783278   2914.11990712
 33459.18175823    298.87161706      4.14841134   2939.40995339
 33463.84816642    298.82994053      4.14898990   2963.71344286
 33468.51457461    298.78827563      4.14956846   2986.99253769
 33473.18098280    298.74662234      4.15014702   3009.21104924
 33477.84739098    298.70498066      4.15072558   3030.33453910
 33482.51379917    298.66335059      4.15130415   3050.33041499
 33487.18020736    298.62173213      4.15188271   3069.16802143
 33491.84661555    298.58012526      4.15246127   3086.81872488
 33496.51302374    298.53852998      4.15303983   3103.25599323
 33501.17943193    298.49694629      4.15361839   3118.45546962
 33505.84584011    298.45537418      4.15419695   3132.39504024
 33510.51224830    298.41381366      4.15477551   3145.05489611
 33515.17865649    298.37226470      4.15535407   3156.41758856
 33519.84506468    298.33072731      4.15593263   3166.46807834
 33524.51147287    298.28920149      4.15651119   3175.19377817
 33529.17788106    298.24768723      4.15708976   3182.58458847
 33533.84428924    298.20618451      4.15766832   3188.63292624
 33538.51069743    298.16469335      4.15824688   3193.33374674
 33543.17710562    298.12321373      4.15882544   3196.68455803
 33547.84351381    298.08174566      4.15940400   3198.68542789
 33552.50992200    298.04028911      4.15998256   3199.33898325
 33557.17633019    297.99884410      4.16056112   3198.65040183
 33561.84273837    297.95741061      4.16113968   3196.62739590
 33566.50914656    297.91598864      4.16171824   3193.28018797
 33571.17555475    297.87457819      4.16229681   3188.62147854
 33575.84196294    297.83317924      4.16287537   3182.66640560
 33580.50837113    297.79179181      4.16345393   3175.43249605
 33585.17477932    297.75041587      4.16403249   3166.93960900
 33589.84118750    297.70905143      4.16461105   3157.20987097
 33594.50759569    297.66769848      4.16518961   3146.26760324
 33599.17400388    297.62635702      4.16576817   3134.13924137
 33603.84041207    297.58502704      4.16634673   3120.85324721
 33608.50682026    297.54370853      4.16692529   3106.44001359
 33613.17322845    297.50240150      4.16750386   3090.93176209
 33617.83963663    297.46110594      4.16808242   3074.36243427
 33622.50604482    297.41982184      4.16866098   3056.76757667
 33627.17245301    297.37854919      4.16923954   3038.18422026
 33631.83886120    297.33728800      4.16981810   3018.65075470
 33636.50526939    297.29603826      4.17039666   2998.20679808
 33641.17167758    297.25479996      4.17097522   2976.89306280
 33645.83808576    297.21357311      4.17155378   2954.75121810
 33650.50449395    297.17235768      4.17213234   2931.82375011
 33655.17090214    297.13115368      4.17271091   2908.15382000
 33659.83731033    297.08996111      4.17328947   2883.78512103
 33664.50371852    297.04877996      4.17386803   2858.76173529
 33669.17012671    297.00761022      4.17444659   2833.12799074
 33673.83653489    296.96645190      4.17502515   2806.92831950
 33678.50294308    296.92530498      4.17560371   2780.20711791
 33683.16935127    296.88416946      4.17618227   2753.00860930
 33687.83575946    296.84304534      4.17676083   2725.37671007
 33692.50216765    296.80193260      4.17733939   2697.35489969
 33697.16857584    296.76083126      4.17791796   2668.98609542
 33701.83498402    296.71974129      4.17849652   2640.31253216
 33706.50139221    296.67866271      4.17907508   2611.37564820
 33711.16780040    296.63759549      4.17965364   2582.21597708
 33715.83420859    296.59653965      4.18023220   2552.87304630
 33720.50061678    296.55549516      4.18081076   2523.38528302
 33725.16702497    296.51446204      4.18138932   2493.78992724
 33729.83343315    296.47344027      4.18196788   2464.12295259
 33734.49984134    296.43242985      4.18254644   2434.41899504
 33739.16624953    296.39143077      4.18312501   2404.71128951
 33743.83265772    296.35044303      4.18370357   2375.03161466
 33748.49906591    296.30946662      4.18428213   2345.41024566
 33753.16547410    296.26850155      4.18486069   2315.87591501
 33757.83188228    296.22754780      4.18543925   2286.45578124
 33762.49829047    296.18660537      4.18601781   2257.17540544
 33767.16469866    296.14567426      4.18659637   2228.05873526
 33771.83110685    296.10475446      4.18717493   2199.12809627
 33776.49751504    296.06384597      4.18775349   2170.40419031
 33781.16392323    296.02294877      4.18833205   2141.90610052
 33785.83033141    295.98206288      4.18891062   2113.65130281
 33790.49673960    295.94118828      4.18948918   2085.65568318
 33795.16314779    295.90032496      4.19006774   2057.93356080
 33799.82955598    295.85947293      4.19064630   2030.49771612
 33804.49596417    295.81863218      4.19122486   2003.35942392
 33809.16237236    295.77780270      4.19180342   1976.52849064
 33813.82878054    295.73698449      4.19238198   1950.01329577
 33818.49518873    295.69617754      4.19296054   1923.82083677
 33823.16159692    295.65538186      4.19353910   1897.95677717
 33827.82800511    295.61459743      4.19411767   1872.42549751
 33832.49441330    295.57382425      4.19469623   1847.23014874
 33837.16082149    295.53306231      4.19527479   1822.37270762
 33841.82722967    295.49231162      4.19585335   1797.85403400
 33846.49363786    295.45157217      4.19643191   1773.67392945
 33851.16004605    295.41084394      4.19701047   1749.83119716
 33855.82645424    295.37012694      4.19758903   1726.32370264
 33860.49286243    295.32942117      4.19816759   1703.14843509
 33865.15927061    295.28872661      4.19874615   1680.30156919
 33869.82567880    295.24804327      4.19932472   1657.77852712
 33874.49208699    295.20737114      4.19990328   1635.57404048
 33879.15849518    295.16671021      4.20048184   1613.68221214
 33883.82490337    295.12606048      4.20106040   1592.09657767
 33888.49131156    295.08542194      4.20163896   1570.81016630
 33893.15771974    295.04479459      4.20221752   1549.81556118
 33897.82412793    295.00417843      4.20279608   1529.10495896
 33902.49053612    294.96357346      4.20337464   1508.67022831
 33907.15694431    294.92297965      4.20395320   1488.50296751
 33911.82335250    294.88239702      4.20453177   1468.59456084
 33916.48976069    294.84182556      4.20511033   1448.93623365
 33921.15616887    294.80126526      4.20568889   1429.51910611
 33925.82257706    294.76071611      4.20626745   1410.33424538
 33930.48898525    294.72017812      4.20684601   1391.37271612
 33935.15539344    294.67965128      4.20742457   1372.62562938
 33939.82180163    294.63913559      4.20800313   1354.08418941
 33944.48820982    294.59863103      4.20858169   1335.73973871
 33949.15461800    294.55813761      4.20916025   1317.58380078
 33953.82102619    294.51765531      4.20973882   1299.60812079
 33958.48743438    294.47718415      4.21031738   1281.80470379
 33963.15384257    294.43672410      4.21089594   1264.16585057
 33967.82025076    294.39627517      4.21147450   1246.68419094
 33972.48665895    294.35583736      4.21205306   1229.35271429
 33977.15306713    294.31541065      4.21263162   1212.16479748
 33981.81947532    294.27499504      4.21321018   1195.11422987
 33986.48588351    294.23459053      4.21378874   1178.19523544
 33991.15229170    294.19419712      4.21436730   1161.40249189
 33995.81869989    294.15381479      4.21494586   1144.73114686
 34000.48510808    294.11344355      4.21552443   1128.17683093
 34005.15151626    294.07308339      4.21610299   1111.73566767
 34009.81792445    294.03273431      4.21668155   1095.40428058
 34014.48433264    293.99239629      4.21726011   1079.17979698
 34019.15074083    293.95206934      4.21783867   1063.05984886
 34023.81714902    293.91175346      4.21841723   1047.04257084
 34028.48355721    293.87144863      4.21899579   1031.12659514
 34033.14996539    293.83115485      4.21957435   1015.31104382
 34037.81637358    293.79087212      4.22015291    999.59551830
 34042.48278177    293.75060044      4.22073148    983.98008630
 34047.14918996    293.71033979      4.22131004    968.46526642
 34051.81559815    293.67009018      4.22188860    953.05201034
 34056.48200634    293.62985160      4.22246716    937.74168303
 34061.14841452    293.58962405      4.22304572    922.53604098
 34065.81482271    293.54940751      4.22362428    907.43720874
 34070.48123090    293.50920199      4.22420284    892.44765392
 34075.14763909    293.46900749      4.22478140    877.57016089
 34079.81404728    293.42882399      4.22535996    862.80780339
 34084.48045547    293.38865149      4.22593853    848.16391625
 34089.14686365    293.34848999      4.22651709    833.64206642
 34093.81327184    293.30833949      4.22709565    819.24602361
 34098.47968003    293.26819997      4.22767421    804.97973066
 34103.14608822    293.22807144      4.22825277    790.84727386
 34107.81249641    293.18795389      4.22883133    776.85285347
 34112.47890460    293.14784732      4.22940989    763.00075461
 34117.14531278    293.10775172      4.22998845    749.29531869
 34121.81172097    293.06766708      4.23056701    735.74091550
 34126.47812916    293.02759341      4.23114558    722.34191629
 34131.14453735    292.98753069      4.23172414    709.10266774
 34135.81094554    292.94747893      4.23230270    696.02746720
 34140.47735373    292.90743811      4.23288126    683.12053911
 34145.14376191    292.86740824      4.23345982    670.38601284
 34149.81017010    292.82738931      4.23403838    657.82790195
 34154.47657829    292.78738132      4.23461694    645.45008504
 34159.14298648    292.74738425      4.23519550    633.25628816
 34163.80939467    292.70739811      4.23577406    621.25006881
 34168.47580286    292.66742290      4.23635263    609.43480167
 34173.14221104    292.62745860      4.23693119    597.81366601
 34177.80861923    292.58750521      4.23750975    586.38963473
 34182.47502742    292.54756274      4.23808831    575.16546511
 34187.14143561    292.50763116      4.23866687    564.14369124
 34191.80784380    292.46771049      4.23924543    553.32661810
 34196.47425199    292.42780071      4.23982399    542.71631713
 34201.14066017    292.38790182      4.24040255    532.31462350
 34205.80706836    292.34801382      4.24098111    522.12313477
 34210.47347655    292.30813670      4.24155968    512.14321105
 34215.13988474    292.26827046      4.24213824    502.37597651
 34219.80629293    292.22841509      4.24271680    492.82232221
 34224.47270112    292.18857059      4.24329536    483.48291019
 34229.13910930    292.14873695      4.24387392    474.35817866
 34233.80551749    292.10891417      4.24445248    465.44834834
 34238.47192568    292.06910225      4.24503104    456.75342978
 34243.13833387    292.02930117      4.24560960    448.27323154
 34247.80474206    291.98951095      4.24618816    440.00736933
 34252.47115025    291.94973156      4.24676672    431.95527573
 34257.13755843    291.90996301      4.24734529    424.11621077
 34261.80396662    291.87020530      4.24792385    416.48927288
 34266.47037481    291.83045841      4.24850241    409.07341050
 34271.13678300    291.79072235      4.24908097    401.86743396
 34275.80319119    291.75099710      4.24965953    394.87002780
 34280.46959938    291.71128268      4.25023809    388.07976317
 34285.13600756    291.67157906      4.25081665    381.49511053
 34289.80241575    291.63188625      4.25139521    375.11445226
 34294.46882394    291.59220424      4.25197377    368.93609532
 34299.13523213    291.55253303      4.25255234    362.95828381
 34303.80164032    291.51287261      4.25313090    357.17921126
 34308.46804851    291.47322298      4.25370946    351.59703271
 34313.13445669    291.43358413      4.25428802    346.20987639
 34317.80086488    291.39395607      4.25486658    341.01585502
 34322.46727307    291.35433878      4.25544514    336.01307655
 34327.13368126    291.31473226      4.25602370    331.19965435
 34331.80008945    291.27513651      4.25660226    326.57371676
 34336.46649763    291.23555152      4.25718082    322.13341597
 34341.13290582    291.19597729      4.25775939    317.87693609
 34345.79931401    291.15641381      4.25833795    313.80250047
 34350.46572220    291.11686108      4.25891651    309.90837812
 34355.13213039    291.07731909      4.25949507    306.19288933
 34359.79853858    291.03778785      4.26007363    302.65441027
 34364.46494676    290.99826734      4.26065219    299.29137678
 34369.13135495    290.95875756      4.26123075    296.10228710
 34373.79776314    290.91925851      4.26180931    293.08570379
 34378.46417133    290.87977019      4.26238787    290.24025453
 34383.13057952    290.84029258      4.26296644    287.56463222
 34387.79698771    290.80082569      4.26354500    285.05759398
 34392.46339589    290.76136950      4.26412356    282.71795941
 34397.12980408    290.72192403      4.26470212    280.54460798
 34401.79621227    290.68248925      4.26528068    278.53647569
 34406.46262046    290.64306517      4.26585924    276.69255099
 34411.12902865    290.60365178      4.26643780    275.01187006
 34415.79543684    290.56424908      4.26701636    273.49351158
 34420.46184502    290.52485706      4.26759492    272.13659097
 34425.12825321    290.48547573      4.26817349    270.94025430
 34429.79466140    290.44610506      4.26875205    269.90367184
 34434.46106959    290.40674507      4.26933061    269.02603149
 34439.12747778    290.36739575      4.26990917    268.30653207
 34443.79388597    290.32805709      4.27048773    267.74437664
 34448.46029415    290.28872908      4.27106629    267.33876592
 34453.12670234    290.24941173      4.27164485    267.08889192
 34457.79311053    290.21010503      4.27222341    266.99393193
 34462.45951872    290.17080897      4.27280197    267.05304280
 34467.12592691    290.13152355      4.27338053    267.26535584
 34471.79233510    290.09224877      4.27395910    267.62997220
 34476.45874328    290.05298462      4.27453766    268.14595896
 34481.12515147    290.01373110      4.27511622    268.81234584
 34485.79155966    289.97448820      4.27569478    269.62812280
 34490.45796785    289.93525592      4.27627334    270.59223833
 34495.12437604    289.89603425      4.27685190    271.70359863
 34499.79078423    289.85682319      4.27743046    272.96106766
 34504.45719241    289.81762274      4.27800902    274.36346802
 34509.12360060    289.77843290      4.27858758    275.90958267
 34513.79000879    289.73925364      4.27916615    277.59815755
 34518.45641698    289.70008499      4.27974471    279.42790494
 34523.12282517    289.66092692      4.28032327    281.39750758
 34527.78923336    289.62177943      4.28090183    283.50562347
 34532.45564154    289.58264253      4.28148039    285.75089138
 34537.12204973    289.54351620      4.28205895    288.13193675
 34541.78845792    289.50440044      4.28263751    290.64737818
 34546.45486611    289.46529525      4.28321607    293.29583414
 34551.12127430    289.42620062      4.28379463    296.07593005
 34555.78768249    289.38711655      4.28437320    298.98630537
 34560.45409067    289.34804304      4.28495176    302.02562074
 34565.12049886    289.30898007      4.28553032    305.19256501
 34569.78690705    289.26992765      4.28610888    308.48586204
 34574.45331524    289.23088578      4.28668744    311.90427706
 34579.11972343    289.19185444      4.28726600    315.44662267
 34583.78613162    289.15283363      4.28784456    319.11176415
 34588.45253980    289.11382335      4.28842312    322.89862408
 34593.11894799    289.07482360      4.28900168    326.80618614
 34597.78535618    289.03583436      4.28958025    330.83349805
 34602.45176437    288.99685565      4.29015881    334.97967344
 34607.11817256    288.95788744      4.29073737    339.24389272
 34611.78458075    288.91892974      4.29131593    343.62540277
 34616.45098893    288.87998255      4.29189449    348.12351547
 34621.11739712    288.84104585      4.29247305    352.73760505
 34625.78380531    288.80211965      4.29305161    357.46710411
 34630.45021350    288.76320394      4.29363017    362.31149856
 34635.11662169    288.72429872      4.29420873    367.27032116
 34639.78302988    288.68540397      4.29478730    372.34314397
 34644.44943806    288.64651971      4.29536586    377.52956964
 34649.11584625    288.60764592      4.29594442    382.82922147
 34653.78225444    288.56878260      4.29652298    388.24173263
 34658.44866263    288.52992974      4.29710154    393.76673422
 34663.11507082    288.49108735      4.29768010    399.40384256
 34667.78147901    288.45225541      4.29825866    405.15264573
 34672.44788719    288.41343392      4.29883722    411.01268943
 34677.11429538    288.37462288      4.29941578    416.98346224
 34681.78070357    288.33582229      4.29999435    423.06438061
 34686.44711176    288.29703213      4.30057291    429.25477342
 34691.11351995    288.25825241      4.30115147    435.55386652
 34695.77992814    288.21948313      4.30173003    441.96076717
 34700.44633632    288.18072427      4.30230859    448.47444867
 34705.11274451    288.14197583      4.30288715    455.09373516
 34709.77915270    288.10323781      4.30346571    461.81728694
 34714.44556089    288.06451021      4.30404427    468.64358615
 34719.11196908    288.02579301      4.30462283    475.57092319
 34723.77837727    287.98708622      4.30520139    482.59738384
 34728.44478545    287.94838984      4.30577996    489.72083722
 34733.11119364    287.90970385      4.30635852    496.93892469
 34737.77760183    287.87102826      4.30693708    504.24904980
 34742.44401002    287.83236305      4.30751564    511.64836926
 34747.11041821    287.79370823      4.30809420    519.13378516
 34751.77682640    287.75506379      4.30867276    526.70193830
 34756.44323458    287.71642973      4.30925132    534.34920282
 34761.10964277    287.67780604      4.30982988    542.07168207
 34765.77605096    287.63919272      4.31040844    549.86520580
 34770.44245915    287.60058976      4.31098701    557.72532854
 34775.10886734    287.56199717      4.31156557    565.64732938
 34779.77527553    287.52341493      4.31214413    573.62621294
 34784.44168371    287.48484304      4.31272269    581.65671157
 34789.10809190    287.44628150      4.31330125    589.73328879
 34793.77450009    287.40773030      4.31387981    597.85014391
 34798.44090828    287.36918944      4.31445837    606.00121772
 34803.10731647    287.33065892      4.31503693    614.18019929
 34807.77372465    287.29213872      4.31561549    622.38053377
 34812.44013284    287.25362886      4.31619406    630.59543119
 34817.10654103    287.21512932      4.31677262    638.81787610
 34821.77294922    287.17664009      4.31735118    647.04063812
 34826.43935741    287.13816118      4.31792974    655.25628330
 34831.10576560    287.09969258      4.31850830    663.45718608
 34835.77217378    287.06123429      4.31908686    671.63554214
 34840.43858197    287.02278630      4.31966542    679.78338168
 34845.10499016    286.98434860      4.32024398    687.89258347
 34849.77139835    286.94592120      4.32082254    695.95488926
 34854.43780654    286.90750409      4.32140111    703.96191883
 34859.10421473    286.86909727      4.32197967    711.90518545
 34863.77062291    286.83070072      4.32255823    719.77611174
 34868.43703110    286.79231446      4.32313679    727.56604601
 34873.10343929    286.75393846      4.32371535    735.26627890
 34877.76984748    286.71557274      4.32429391    742.86806038
 34882.43625567    286.67721728      4.32487247    750.36261717
 34887.10266386    286.63887208      4.32545103    757.74117033
 34891.76907204    286.60053713      4.32602959    764.99495325
 34896.43548023    286.56221244      4.32660816    772.11522987
 34901.10188842    286.52389800      4.32718672    779.09331315
 34905.76829661    286.48559380      4.32776528    785.92058381
 34910.43470480    286.44729984      4.32834384    792.58850922
 34915.10111299    286.40901612      4.32892240    799.08866253
 34919.76752117    286.37074263      4.32950096    805.41274191
 34924.43392936    286.33247937      4.33007952    811.55258993
 34929.10033755    286.29422633      4.33065808    817.50021301
 34933.76674574    286.25598351      4.33123664    823.24780091
 34938.43315393    286.21775091      4.33181520    828.78774621
 34943.09956212    286.17952852      4.33239377    834.11266365
 34947.76597030    286.14131633      4.33297233    839.21540944
 34952.43237849    286.10311435      4.33355089    844.08910028
 34957.09878668    286.06492257      4.33412945    848.72713209
 34961.76519487    286.02674098      4.33470801    853.12319848
 34966.43160306    285.98856958      4.33528657    857.27130862
 34971.09801125    285.95040837      4.33586513    861.16580471
 34975.76441943    285.91225735      4.33644369    864.80137875
 34980.43082762    285.87411650      4.33702225    868.17308856
 34985.09723581    285.83598583      4.33760082    871.27637309
 34989.76364400    285.79786532      4.33817938    874.10706666
 34994.43005219    285.75975499      4.33875794    876.66141233
 34999.09646038    285.72165481      4.33933650    878.93607407
 35003.76286856    285.68356480      4.33991506    880.92814775
 35008.42927675    285.64548494      4.34049362    882.63517088
 35013.09568494    285.60741522      4.34107218    884.05513094
 35017.76209313    285.56935566      4.34165074    885.18647232
 35022.42850132    285.53130624      4.34222930    886.02810171
 35027.09490951    285.49326695      4.34280787    886.57939197
 35031.76131769    285.45523780      4.34338643    886.84018435
 35036.42772588    285.41721878      4.34396499    886.81078915
 35041.09413407    285.37920989      4.34454355    886.49198462
 35045.76054226    285.34121112      4.34512211    885.88501423
 35050.42695045    285.30322246      4.34570067    884.99158232
 35055.09335864    285.26524392      4.34627923    883.81384796
 35059.75976682    285.22727549      4.34685779    882.35441729
 35064.42617501    285.18931716      4.34743635    880.61633421
 35069.09258320    285.15136894      4.34801492    878.60306955
 35073.75899139    285.11343081      4.34859348    876.31850866
 35078.42539958    285.07550278      4.34917204    873.76693776
 35083.09180777    285.03758484      4.34975060    870.95302878
 35087.75821595    284.99967698      4.35032916    867.88182307
 35092.42462414    284.96177921      4.35090772    864.55871389
 35097.09103233    284.92389151      4.35148628    860.98942799
 35101.75744052    284.88601388      4.35206484    857.18000610
 35106.42384871    284.84814633      4.35264340    853.13678275
 35111.09025690    284.81028884      4.35322197    848.86636534
 35115.75666508    284.77244141      4.35380053    844.37561268
 35120.42307327    284.73460404      4.35437909    839.67161305
 35125.08948146    284.69677673      4.35495765    834.76166196
 35129.75588965    284.65895946      4.35553621    829.65323973
 35134.42229784    284.62115224      4.35611477    824.35398899
 35139.08870603    284.58335506      4.35669333    818.87169214
 35143.75511421    284.54556791      4.35727189    813.21424903
 35148.42152240    284.50779080      4.35785045    807.38965487
 35153.08793059    284.47002372      4.35842902    801.40597839
 35157.75433878    284.43226667      4.35900758    795.27134057
 35162.42074697    284.39451964      4.35958614    788.99389370
 35167.08715516    284.35678262      4.36016470    782.58180116
 35171.75356334    284.31905562      4.36074326    776.04321774
 35176.41997153    284.28133863      4.36132182    769.38627069
 35181.08637972    284.24363164      4.36190038    762.61904150
 35185.75278791    284.20593465      4.36247894    755.74954848
 35190.41919610    284.16824767      4.36305750    748.78573008
 35195.08560429    284.13057067      4.36363606    741.73542910
 35199.75201247    284.09290367      4.36421463    734.60637774
 35204.41842066    284.05524665      4.36479319    727.40618346
 35209.08482885    284.01759961      4.36537175    720.14231576
 35213.75123704    283.97996255      4.36595031    712.82209375
 35218.41764523    283.94233547      4.36652887    705.45267466
 35223.08405342    283.90471835      4.36710743    698.04104312
 35227.75046160    283.86711120      4.36768599    690.59400130
 35232.41686979    283.82951401      4.36826455    683.11815986
 35237.08327798    283.79192678      4.36884311    675.61992977
 35241.74968617    283.75434950      4.36942168    668.10551480
 35246.41609436    283.71678218      4.37000024    660.58090487
 35251.08250255    283.67922480      4.37057880    653.05187015
 35255.74891073    283.64167736      4.37115736    645.52395586
 35260.41531892    283.60413986      4.37173592    638.00247781
 35265.08172711    283.56661229      4.37231448    630.49251867
 35269.74813530    283.52909466      4.37289304    622.99892492
 35274.41454349    283.49158695      4.37347160    615.52630445
 35279.08095168    283.45408916      4.37405016    608.07902490
 35283.74735986    283.41660129      4.37462873    600.66121262
 35288.41376805    283.37912334      4.37520729    593.27675230
 35293.08017624    283.34165529      4.37578585    585.92928719
 35297.74658443    283.30419716      4.37636441    578.62222010
 35302.41299262    283.26674892      4.37694297    571.35871484
 35307.07940080    283.22931059      4.37752153    564.14169844
 35311.74580899    283.19188215      4.37810009    556.97386393
 35316.41221718    283.15446360      4.37867865    549.85767370
 35321.07862537    283.11705494      4.37925721    542.79536346
 35325.74503356    283.07965616      4.37983578    535.78894686
 35330.41144175    283.04226726      4.38041434    528.84022058
 35335.07784993    283.00488823      4.38099290    521.95077002
 35339.74425812    282.96751908      4.38157146    515.12197551
 35344.41066631    282.93015979      4.38215002    508.35501904
 35349.07707450    282.89281037      4.38272858    501.65089150
 35353.74348269    282.85547081      4.38330714    495.01040028
 35358.40989088    282.81814110      4.38388570    488.43417744
 35363.07629906    282.78082124      4.38446426    481.92268815
 35367.74270725    282.74351124      4.38504283    475.47623952
 35372.40911544    282.70621107      4.38562139    469.09498977
 35377.07552363    282.66892075      4.38619995    462.77895766
 35381.74193182    282.63164026      4.38677851    456.52803207
 35386.40834001    282.59436961      4.38735707    450.34198190
 35391.07474819    282.55710878      4.38793563    444.22046592
 35395.74115638    282.51985778      4.38851419    438.16304287
 35400.40756457    282.48261660      4.38909275    432.16918143
 35405.07397276    282.44538524      4.38967131    426.23827027
 35409.74038095    282.40816369      4.39024987    420.36962796
 35414.40678914    282.37095194      4.39082844    414.56251277
 35419.07319732    282.33375001      4.39140700    408.81613229
 35423.73960551    282.29655787      4.39198556    403.12965282
 35428.40601370    282.25937553      4.39256412    397.50220849
 35433.07242189    282.22220299      4.39314268    391.93291002
 35437.73883008    282.18504023      4.39372124    386.42085322
 35442.40523827    282.14788727      4.39429980    380.96512696
 35447.07164645    282.11074408      4.39487836    375.56482084
 35451.73805464    282.07361067      4.39545692    370.21903235
 35456.40446283    282.03648703      4.39603549    364.92687351
 35461.07087102    281.99937317      4.39661405    359.68747709
 35465.73727921    281.96226907      4.39719261    354.50000225
 35470.40368740    281.92517474      4.39777117    349.36363970
 35475.07009558    281.88809016      4.39834973    344.27761626
 35479.73650377    281.85101534      4.39892829    339.24119898
 35484.40291196    281.81395027      4.39950685    334.25369862
 35489.06932015    281.77689495      4.40008541    329.31447268
 35493.73572834    281.73984937      4.40066397    324.42292790
 35498.40213653    281.70281353      4.40124254    319.57852217
 35503.06854471    281.66578742      4.40182110    314.78076609
 35507.73495290    281.62877105      4.40239966    310.02922397
 35512.40136109    281.59176441      4.40297822    305.32351436
 35517.06776928    281.55476749      4.40355678    300.66331025
 35521.73417747    281.51778029      4.40413534    296.04833879
 35526.40058566    281.48080280      4.40471390    291.47838067
 35531.06699384    281.44383503      4.40529246    286.95326915
 35535.73340203    281.40687697      4.40587102    282.47288881
 35540.39981022    281.36992862      4.40644959    278.03717395
 35545.06621841    281.33298996      4.40702815    273.64610678
 35549.73262660    281.29606100      4.40760671    269.29971540
 35554.39903479    281.25914174      4.40818527    264.99807153
 35559.06544297    281.22223217      4.40876383    260.74128811
 35563.73185116    281.18533228      4.40934239    256.52951673
 35568.39825935    281.14844207      4.40992095    252.36294497
 35573.06466754    281.11156154      4.41049951    248.24179360
 35577.73107573    281.07469069      4.41107807    244.16631378
 35582.39748392    281.03782951      4.41165664    240.13678413
 35587.06389210    281.00097799      4.41223520    236.15350780
 35591.73030029    280.96413614      4.41281376    232.21680956
 35596.39670848    280.92730395      4.41339232    228.32703286
 35601.06311667    280.89048141      4.41397088    224.48453690
 35605.72952486    280.85366853      4.41454944    220.68969374
 35610.39593305    280.81686529      4.41512800    216.94288549
 35615.06234123    280.78007169      4.41570656    213.24450152
 35619.72874942    280.74328774      4.41628512    209.59493575
 35624.39515761    280.70651343      4.41686369    205.99458402
 35629.06156580    280.66974874      4.41744225    202.44384153
 35633.72797399    280.63299369      4.41802081    198.94310044
 35638.39438218    280.59624826      4.41859937    195.49274744
 35643.06079036    280.55951245      4.41917793    192.09316159
 35647.72719855    280.52278626      4.41975649    188.74471216
 35652.39360674    280.48606968      4.42033505    185.44775660
 35657.06001493    280.44936272      4.42091361    182.20263873
 35661.72642312    280.41266536      4.42149217    179.00968693
 35666.39283131    280.37597760      4.42207073    175.86921253
 35671.05923949    280.33929944      4.42264930    172.78150840
 35675.72564768    280.30263088      4.42322786    169.74684753
 35680.39205587    280.26597191      4.42380642    166.76548190
 35685.05846406    280.22932252      4.42438498    163.83764142
 35689.72487225    280.19268272      4.42496354    160.96353303
 35694.39128044    280.15605250      4.42554210    158.14333998
 35699.05768862    280.11943186      4.42612066    155.37722122
 35703.72409681    280.08282079      4.42669922    152.66531097
 35708.39050500    280.04621928      4.42727778    150.00771842
 35713.05691319    280.00962734      4.42785635    147.40452757
 35717.72332138    279.97304497      4.42843491    144.85579727
 35722.38972957    279.93647215      4.42901347    142.36156133
 35727.05613775    279.89990888      4.42959203    139.92182877
 35731.72254594    279.86335517      4.43017059    137.53658426
 35736.38895413    279.82681100      4.43074915    135.20578864
 35741.05536232    279.79027637      4.43132771    132.92937949
 35745.72177051    279.75375128      4.43190627    130.70727197
 35750.38817870    279.71723573      4.43248483    128.53935954
 35755.05458688    279.68072971      4.43306340    126.42551497
 35759.72099507    279.64423321      4.43364196    124.36559124
 35764.38740326    279.60774624      4.43422052    122.35942266
 35769.05381145    279.57126879      4.43479908    120.40682589
 35773.72021964    279.53480086      4.43537764    118.50760110
 35778.38662782    279.49834244      4.43595620    116.66153308
 35783.05303601    279.46189353      4.43653476    114.86839242
 35787.71944420    279.42545412      4.43711332    113.12793662
 35792.38585239    279.38902421      4.43769188    111.43991121
 35797.05226058    279.35260381      4.43827045    109.80405085
 35801.71866877    279.31619289      4.43884901    108.22008033
 35806.38507695    279.27979147      4.43942757    106.68771561
 35811.05148514    279.24339953      4.44000613    105.20666469
 35815.71789333    279.20701708      4.44058469    103.77662848
 35820.38430152    279.17064411      4.44116325    102.39730154
 35825.05070971    279.13428061      4.44174181    101.06837279
 35829.71711790    279.09792658      4.44232037     99.78952605
 35834.38352608    279.06158202      4.44289893     98.56044056
 35839.04993427    279.02524693      4.44347750     97.38079134
 35843.71634246    278.98892129      4.44405606     96.25024951
 35848.38275065    278.95260512      4.44463462     95.16848247
 35853.04915884    278.91629840      4.44521318     94.13515400
 35857.71556703    278.88000112      4.44579174     93.14992430
 35862.38197521    278.84371330      4.44637030     92.21244990
 35867.04838340    278.80743491      4.44694886     91.32238356
 35871.71479159    278.77116596      4.44752742     90.47937403
 35876.38119978    278.73490645      4.44810598     89.68306584
 35881.04760797    278.69865637      4.44868454     88.93309894
 35885.71401616    278.66241572      4.44926311     88.22910845
 35890.38042434    278.62618449      4.44984167     87.57072424
 35895.04683253    278.58996268      4.45042023     86.95757062
 35899.71324072    278.55375029      4.45099879     86.38926596
 35904.37964891    278.51754731      4.45157735     85.86542238
 35909.04605710    278.48135374      4.45215591     85.38564542
 35913.71246529    278.44516958      4.45273447     84.94953378
 35918.37887347    278.40899482      4.45331303     84.55667911
 35923.04528166    278.37282945      4.45389159     84.20666585
 35927.71168985    278.33667348      4.45447016     83.89907117
 35932.37809804    278.30052690      4.45504872     83.63346490
 35937.04450623    278.26438971      4.45562728     83.40940968
 35941.71091442    278.22826190      4.45620584     83.22646104
 35946.37732260    278.19214348      4.45678440     83.08416772
 35951.04373079    278.15603442      4.45736296     82.98207195
 35955.71013898    278.11993475      4.45794152     82.91970992
 35960.37654717    278.08384444      4.45852008     82.89661228
 35965.04295536    278.04776349      4.45909864     82.91230471
 35969.70936355    278.01169191      4.45967721     82.96630865
 35974.37577173    277.97562968      4.46025577     83.05814199
 35979.04217992    277.93957681      4.46083433     83.18731992
 35983.70858811    277.90353329      4.46141289     83.35335576
 35988.37499630    277.86749912      4.46199145     83.55576187
 35993.04140449    277.83147429      4.46257001     83.79405059
 35997.70781268    277.79545880      4.46314857     84.06773513
 36002.37422086    277.75945265      4.46372713     84.37633060
 36007.04062905    277.72345583      4.46430569     84.71935485
 36011.70703724    277.68746833      4.46488426     85.09632943
 36016.37344543    277.65149017      4.46546282     85.50678045
 36021.03985362    277.61552132      4.46604138     85.95023936
 36025.70626181    277.57956180      4.46661994     86.42624373
 36030.37266999    277.54361159      4.46719850     86.93433788
 36035.03907818    277.50767068      4.46777706     87.47407347
 36039.70548637    277.47173909      4.46835562     88.04500993
 36044.37189456    277.43581680      4.46893418     88.64671487
 36049.03830275    277.39990381      4.46951274     89.27876426
 36053.70471094    277.36400011      4.47009131     89.94074255
 36058.37111912    277.32810571      4.47066987     90.63224266
 36063.03752731    277.29222060      4.47124843     91.35286577
 36067.70393550    277.25634478      4.47182699     92.10222105
 36072.37034369    277.22047823      4.47240555     92.87992521
 36077.03675188    277.18462096      4.47298411     93.68560191
 36081.70316007    277.14877297      4.47356267     94.51888104
 36086.36956825    277.11293425      4.47414123     95.37939790
 36091.03597644    277.07710480      4.47471979     96.26679221
 36095.70238463    277.04128461      4.47529836     97.18070701
 36100.36879282    277.00547368      4.47587692     98.12078755
 36105.03520101    276.96967201      4.47645548     99.08667989
 36109.70160920    276.93387959      4.47703404    100.07802964
 36114.36801738    276.89809642      4.47761260    101.09448045
 36119.03442557    276.86232250      4.47819116    102.13567253
 36123.70083376    276.82655782      4.47876972    103.20124112
 36128.36724195    276.79080238      4.47934828    104.29081487
 36133.03365014    276.75505617      4.47992684    105.40401428
 36137.70005833    276.71931920      4.48050540    106.54045005
 36142.36646651    276.68359145      4.48108397    107.69972153
 36147.03287470    276.64787293      4.48166253    108.88141510
 36151.69928289    276.61216363      4.48224109    110.08510262
 36156.36569108    276.57646355      4.48281965    111.31033994
 36161.03209927    276.54077268      4.48339821    112.55666543
 36165.69850746    276.50509102      4.48397677    113.82359859
 36170.36491564    276.46941857      4.48455533    115.11063874
 36175.03132383    276.43375532      4.48513389    116.41726375
 36179.69773202    276.39810127      4.48571245    117.74292888
 36184.36414021    276.36245641      4.48629102    119.08706575
 36189.03054840    276.32682075      4.48686958    120.44908130
 36193.69695659    276.29119428      4.48744814    121.82835693
 36198.36336477    276.25557699      4.48802670    123.22424772
 36203.02977296    276.21996889      4.48860526    124.63608174
 36207.69618115    276.18436996      4.48918382    126.06315941
 36212.36258934    276.14878021      4.48976238    127.50475308
 36217.02899753    276.11319963      4.49034094    128.96010655
 36221.69540572    276.07762822      4.49091950    130.42843480
 36226.36181390    276.04206597      4.49149807    131.90892374
 36231.02822209    276.00651288      4.49207663    133.40073009
 36235.69463028    275.97096895      4.49265519    134.90298131
 36240.36103847    275.93543417      4.49323375    136.41477564
 36245.02744666    275.89990854      4.49381231    137.93518215
 36249.69385484    275.86439206      4.49439087    139.46324098
 36254.36026303    275.82888472      4.49496943    140.99796352
 36259.02667122    275.79338652      4.49554799    142.53833273
 36263.69307941    275.75789746      4.49612655    144.08330355
 36268.35948760    275.72241752      4.49670512    145.63180330
 36273.02589579    275.68694672      4.49728368    147.18273220
 36277.69230397    275.65148504      4.49786224    148.73496393
 36282.35871216    275.61603249      4.49844080    150.28734628
 36287.02512035    275.58058905      4.49901936    151.83870185
 36291.69152854    275.54515473      4.49959792    153.38782882
 36296.35793673    275.50972952      4.50017648    154.93350182
 36301.02434492    275.47431341      4.50075504    156.47447281
 36305.69075310    275.43890641      4.50133360    158.00947215
 36310.35716129    275.40350851      4.50191217    159.53720963
 36315.02356948    275.36811971      4.50249073    161.05637572
 36319.68997767    275.33274000      4.50306929    162.56564278
 36324.35638586    275.29736938      4.50364785    164.06366648
 36329.02279405    275.26200785      4.50422641    165.54908728
 36333.68920223    275.22665540      4.50480497    167.02053202
 36338.35561042    275.19131203      4.50538353    168.47661558
 36343.02201861    275.15597774      4.50596209    169.91594275
 36347.68842680    275.12065252      4.50654065    171.33711013
 36352.35483499    275.08533637      4.50711921    172.73870819
 36357.02124318    275.05002928      4.50769778    174.11932340
 36361.68765136    275.01473126      4.50827634    175.47754055
 36366.35405955    274.97944229      4.50885490    176.81194515
 36371.02046774    274.94416238      4.50943346    178.12112587
 36375.68687593    274.90889153      4.51001202    179.40367721
 36380.35328412    274.87362972      4.51059058    180.65820215
 36385.01969231    274.83837695      4.51116914    181.88331500
 36389.68610049    274.80313323      4.51174770    183.07764421
 36394.35250868    274.76789854      4.51232626    184.23983535
 36399.01891687    274.73267289      4.51290483    185.36855409
 36403.68532506    274.69745627      4.51348339    186.46248922
 36408.35173325    274.66224867      4.51406195    187.52035577
 36413.01814144    274.62705010      4.51464051    188.54089803
 36417.68454962    274.59186055      4.51521907    189.52289267
 36422.35095781    274.55668002      4.51579763    190.46515177
 36427.01736600    274.52150850      4.51637619    191.36652587
 36431.68377419    274.48634599      4.51695475    192.22590689
 36436.35018238    274.45119249      4.51753331    193.04223108
 36441.01659057    274.41604799      4.51811188    193.81448177
 36445.68299875    274.38091249      4.51869044    194.54169211
 36450.34940694    274.34578599      4.51926900    195.22294761
 36455.01581513    274.31066848      4.51984756    195.85738863
 36459.68222332    274.27555996      4.52042612    196.44421260
 36464.34863151    274.24046042      4.52100468    196.98267618
 36469.01503970    274.20536987      4.52158324    197.47209717
 36473.68144788    274.17028829      4.52216180    197.91185630
 36478.34785607    274.13521569      4.52274036    198.30139872
 36483.01426426    274.10015206      4.52331893    198.64023540
 36487.68067245    274.06509741      4.52389749    198.92794422
 36492.34708064    274.03005171      4.52447605    199.16417088
 36497.01348883    273.99501498      4.52505461    199.34862962
 36501.67989701    273.95998721      4.52563317    199.48110365
 36506.34630520    273.92496839      4.52621173    199.56144543
 36511.01271339    273.88995852      4.52679029    199.58957665
 36515.67912158    273.85495760      4.52736885    199.56548810
 36520.34552977    273.81996563      4.52794741    199.48923922
 36525.01193796    273.78498259      4.52852598    199.36095754
 36529.67834614    273.75000850      4.52910454    199.18083786
 36534.34475433    273.71504333      4.52968310    198.94914126
 36539.01116252    273.68008710      4.53026166    198.66619397
 36543.67757071    273.64513980      4.53084022    198.33238601
 36548.34397890    273.61020142      4.53141878    197.94816973
 36553.01038709    273.57527196      4.53199734    197.51405819
 36557.67679527    273.54035142      4.53257590    197.03062338
 36562.34320346    273.50543979      4.53315446    196.49849438
 36567.00961165    273.47053707      4.53373303    195.91835535
 36571.67601984    273.43564326      4.53431159    195.29094344
 36576.34242803    273.40075835      4.53489015    194.61704668
 36581.00883622    273.36588235      4.53546871    193.89750169
 36585.67524440    273.33101523      4.53604727    193.13319140
 36590.34165259    273.29615702      4.53662583    192.32504271
 36595.00806078    273.26130769      4.53720439    191.47402407
 36599.67446897    273.22646725      4.53778295    190.58114309
 36604.34087716    273.19163569      4.53836151    189.64744401
 36609.00728535    273.15681301      4.53894007    188.67400530
 36613.67369353    273.12199921      4.53951864    187.66193711
 36618.34010172    273.08719428      4.54009720    186.61237880
 36623.00650991    273.05239822      4.54067576    185.52649641
 36627.67291810    273.01761103      4.54125432    184.40548020
 36632.33932629    272.98283270      4.54183288    183.25054209
 36637.00573448    272.94806322      4.54241144    182.06291322
 36641.67214266    272.91330261      4.54299000    180.84384144
 36646.33855085    272.87855085      4.54356856    179.59458886
 36651.00495904    272.84380793      4.54414712    178.31642941
 36655.67136723    272.80907386      4.54472569    177.01064638
 36660.33777542    272.77434864      4.54530425    175.67853005
 36665.00418361    272.73963225      4.54588281    174.32137528
 36669.67059179    272.70492470      4.54646137    172.94047919
 36674.33699998    272.67022598      4.54703993    171.53713877
 36679.00340817    272.63553609      4.54761849    170.11264866
 36683.66981636    272.60085503      4.54819705    168.66829884
 36688.33622455    272.56618279      4.54877561    167.20537245
 36693.00263274    272.53151937      4.54935417    165.72514358
 36697.66904092    272.49686476      4.54993274    164.22887518
 36702.33544911    272.46221896      4.55051130    162.71781699
 36707.00185730    272.42758198      4.55108986    161.19320347
 36711.66826549    272.39295380      4.55166842    159.65625194
 36716.33467368    272.35833442      4.55224698    158.10816063
 36721.00108186    272.32372384      4.55282554    156.55010688
 36725.66749005    272.28912205      4.55340410    154.98324547
 36730.33389824    272.25452906      4.55398266    153.40870691
 36735.00030643    272.21994485      4.55456122    151.82759594
 36739.66671462    272.18536943      4.55513979    150.24099007
 36744.33312281    272.15080280      4.55571835    148.64993821
 36748.99953099    272.11624494      4.55629691    147.05545947
 36753.66593918    272.08169585      4.55687547    145.45854200
 36758.33234737    272.04715554      4.55745403    143.86014201
 36762.99875556    272.01262400      4.55803259    142.26118285
 36767.66516375    271.97810122      4.55861115    140.66255428
 36772.33157194    271.94358721      4.55918971    139.06511180
 36776.99798012    271.90908195      4.55976827    137.46967616
 36781.66438831    271.87458545      4.56034684    135.87703295
 36786.33079650    271.84009770      4.56092540    134.28793237
 36790.99720469    271.80561869      4.56150396    132.70308909
 36795.66361288    271.77114844      4.56208252    131.12318221
 36800.33002107    271.73668692      4.56266108    129.54885547
 36804.99642925    271.70223415      4.56323964    127.98071736
 36809.66283744    271.66779011      4.56381820    126.41934157
 36814.32924563    271.63335480      4.56439676    124.86526742
 36818.99565382    271.59892822      4.56497532    123.31900041
 36823.66206201    271.56451036      4.56555389    121.78101287
 36828.32847020    271.53010123      4.56613245    120.25174477
 36832.99487838    271.49570081      4.56671101    118.73160449
 36837.66128657    271.46130911      4.56728957    117.22096979
 36842.32769476    271.42692613      4.56786813    115.72018873
 36846.99410295    271.39255185      4.56844669    114.22958076
 36851.66051114    271.35818628      4.56902525    112.74943781
 36856.32691933    271.32382941      4.56960381    111.28002537
 36860.99332751    271.28948123      4.57018237    109.82158372
 36865.65973570    271.25514176      4.57076093    108.37432910
 36870.32614389    271.22081097      4.57133950    106.93845493
 36874.99255208    271.18648888      4.57191806    105.51413304
 36879.65896027    271.15217547      4.57249662    104.10151488
 36884.32536846    271.11787074      4.57307518    102.70073277
 36888.99177664    271.08357469      4.57365374    101.31190112
 36893.65818483    271.04928732      4.57423230     99.93511763
 36898.32459302    271.01500862      4.57481086     98.57046445
 36902.99100121    270.98073859      4.57538942     97.21800937
 36907.65740940    270.94647722      4.57596798     95.87780693
 36912.32381759    270.91222452      4.57654655     94.54989955
 36916.99022577    270.87798048      4.57712511     93.23431855
 36921.65663396    270.84374509      4.57770367     91.93108517
 36926.32304215    270.80951835      4.57828223     90.64021159
 36930.98945034    270.77530027      4.57886079     89.36170187
 36935.65585853    270.74109083      4.57943935     88.09555279
 36940.32226672    270.70689003      4.58001791     86.84175476
 36944.98867490    270.67269787      4.58059647     85.60029263
 36949.65508309    270.63851435      4.58117503     84.37114641
 36954.32149128    270.60433947      4.58175360     83.15429203
 36958.98789947    270.57017321      4.58233216     81.94970201
 36963.65430766    270.53601558      4.58291072     80.75734610
 36968.32071585    270.50186657      4.58348928     79.57719186
 36972.98712403    270.46772618      4.58406784     78.40920524
 36977.65353222    270.43359441      4.58464640     77.25335107
 36982.31994041    270.39947125      4.58522496     76.10959354
 36986.98634860    270.36535671      4.58580352     74.97789668
 36991.65275679    270.33125076      4.58638208     73.85822469
 36996.31916498    270.29715343      4.58696065     72.75054237
 37000.98557316    270.26306469      4.58753921     71.65481543
 37005.65198135    270.22898455      4.58811777     70.57101078
 37010.31838954    270.19491301      4.58869633     69.49909683
 37014.98479773    270.16085005      4.58927489     68.43904367
 37019.65120592    270.12679568      4.58985345     67.39082336
 37024.31761411    270.09274990      4.59043201     66.35441000
 37028.98402229    270.05871270      4.59101057     65.32977996
 37033.65043048    270.02468407      4.59158913     64.31691197
 37038.31683867    269.99066402      4.59216770     63.31578717
 37042.98324686    269.95665254      4.59274626     62.32638924
 37047.64965505    269.92264963      4.59332482     61.34870435
 37052.31606324    269.88865529      4.59390338     60.38272124
 37056.98247142    269.85466950      4.59448194     59.42843115
 37061.64887961    269.82069228      4.59506050     58.48582782
 37066.31528780    269.78672360      4.59563906     57.55490736
 37070.98169599    269.75276348      4.59621762     56.63566822
 37075.64810418    269.71881191      4.59679618     55.72811106
 37080.31451237    269.68486889      4.59737474     54.83223857
 37084.98092055    269.65093440      4.59795331     53.94805541
 37089.64732874    269.61700846      4.59853187     53.07556797
 37094.31373693    269.58309105      4.59911043     52.21478420
 37098.98014512    269.54918217      4.59968899     51.36571345
 37103.64655331    269.51528183      4.60026755     50.52836623
 37108.31296150    269.48139000      4.60084611     49.70275398
 37112.97936968    269.44750671      4.60142467     48.88888891
 37117.64577787    269.41363193      4.60200323     48.08678369
 37122.31218606    269.37976566      4.60258179     47.29645127
 37126.97859425    269.34590791      4.60316036     46.51790466
 37131.64500244    269.31205867      4.60373892     45.75115663
 37136.31141063    269.27821794      4.60431748     44.99621958
 37140.97781881    269.24438571      4.60489604     44.25310521
 37145.64422700    269.21056198      4.60547460     43.52182439
 37150.31063519    269.17674675      4.60605316     42.80238692
 37154.97704338    269.14294001      4.60663172     42.09480134
 37159.64345157    269.10914177      4.60721028     41.39907471
 37164.30985976    269.07535201      4.60778884     40.71521250
 37168.97626794    269.04157073      4.60836741     40.04321840
 37173.64267613    269.00779794      4.60894597     39.38309414
 37178.30908432    268.97403362      4.60952453     38.73483943
 37182.97549251    268.94027778      4.61010309     38.09845180
 37187.64190070    268.90653041      4.61068165     37.47392650
 37192.30830888    268.87279151      4.61126021     36.86125645
 37196.97471707    268.83906107      4.61183877     36.26043211
 37201.64112526    268.80533910      4.61241733     35.67144147
 37206.30753345    268.77162558      4.61299589     35.09427001
 37210.97394164    268.73792052      4.61357446     34.52890061
 37215.64034983    268.70422391      4.61415302     33.97531360
 37220.30675801    268.67053575      4.61473158     33.43348666
 37224.97316620    268.63685604      4.61531014     32.90339491
 37229.63957439    268.60318477      4.61588870     32.38501083
 37234.30598258    268.56952194      4.61646726     31.87830428
 37238.97239077    268.53586755      4.61704582     31.38324253
 37243.63879896    268.50222159      4.61762438     30.89979026
 37248.30520714    268.46858406      4.61820294     30.42790955
 37252.97161533    268.43495496      4.61878151     29.96755987
 37257.63802352    268.40133428      4.61936007     29.51869813
 37262.30443171    268.36772202      4.61993863     29.08127865
 37266.97083990    268.33411818      4.62051719     28.65525314
 37271.63724809    268.30052275      4.62109575     28.24057068
 37276.30365627    268.26693574      4.62167431     27.83717777
 37280.97006446    268.23335713      4.62225287     27.44501818
 37285.63647265    268.19978693      4.62283143     27.06403304
 37290.30288084    268.16622513      4.62340999     26.69416070
 37294.96928903    268.13267173      4.62398856     26.33533675
 37299.63569722    268.09912673      4.62456712     25.98749389
 37304.30210540    268.06559011      4.62514568     25.65056193
 37308.96851359    268.03206189      4.62572424     25.32446769
 37313.63492178    267.99854205      4.62630280     25.00913494
 37318.30132997    267.96503059      4.62688136     24.70448428
 37322.96773816    267.93152752      4.62745992     24.41043312
 37327.63414635    267.89803282      4.62803848     24.12689556
 37332.30055453    267.86454649      4.62861704     23.85378229
 37336.96696272    267.83106854      4.62919560     23.59100057
 37341.63337091    267.79759895      4.62977417     23.33845409
 37346.29977910    267.76413773      4.63035273     23.09604294
 37350.96618729    267.73068486      4.63093129     22.86366354
 37355.63259548    267.69724036      4.63150985     22.64120857
 37360.29900366    267.66380421      4.63208841     22.42856692
 37364.96541185    267.63037641      4.63266697     22.22562369
 37369.63182004    267.59695696      4.63324553     22.03226013
 37374.29822823    267.56354585      4.63382409     21.84835367
 37378.96463642    267.53014309      4.63440265     21.67377790
 37383.63104461    267.49674866      4.63498122     21.50840262
 37388.29745279    267.46336257      4.63555978     21.35209386
 37392.96386098    267.42998482      4.63613834     21.20471398
 37397.63026917    267.39661539      4.63671690     21.06612173
 37402.29667736    267.36325429      4.63729546     20.93617235
 37406.96308555    267.32990151      4.63787402     20.81471772
 37411.62949374    267.29655706      4.63845258     20.70160648
 37416.29590192    267.26322092      4.63903114     20.59668420
 37420.96231011    267.22989309      4.63960970     20.49979359
 37425.62871830    267.19657358      4.64018827     20.41077468
 37430.29512649    267.16326237      4.64076683     20.32946508
 37434.96153468    267.12995947      4.64134539     20.25570018
 37439.62794287    267.09666487      4.64192395     20.18931348
 37444.29435105    267.06337857      4.64250251     20.13013682
 37448.96075924    267.03010056      4.64308107     20.07800071
 37453.62716743    266.99683085      4.64365963     20.03273466
 37458.29357562    266.96356943      4.64423819     19.99416749
 37462.95998381    266.93031629      4.64481675     19.96212769
 37467.62639200    266.89707143      4.64539532     19.93644379
 37472.29280018    266.86383486      4.64597388     19.91694475
 37476.95920837    266.83060656      4.64655244     19.90346030
 37481.62561656    266.79738654      4.64713100     19.89582138
 37486.29202475    266.76417478      4.64770956     19.89386054
 37490.95843294    266.73097129      4.64828812     19.89741233
 37495.62484113    266.69777607      4.64886668     19.90631373
 37500.29124931    266.66458911      4.64944524     19.92040456
 37504.95765750    266.63141041      4.65002380     19.93952793
 37509.62406569    266.59823996      4.65060237     19.96353061
 37514.29047388    266.56507777      4.65118093     19.99226352
 37518.95688207    266.53192382      4.65175949     20.02558207
 37523.62329026    266.49877812      4.65233805     20.06334663
 37528.28969844    266.46564067      4.65291661     20.10542289
 37532.95610663    266.43251145      4.65349517     20.15168228
 37537.62251482    266.39939047      4.65407373     20.20200235
 37542.28892301    266.36627772      4.65465229     20.25626710
 37546.95533120    266.33317321      4.65523085     20.31436737
 37551.62173939    266.30007692      4.65580941     20.37620115
 37556.28814757    266.26698885      4.65638798     20.44167387
 37560.95455576    266.23390901      4.65696654     20.51069868
 37565.62096395    266.20083739      4.65754510     20.58319675
 37570.28737214    266.16777398      4.65812366     20.65909741
 37574.95378033    266.13471878      4.65870222     20.73833838
 37579.62018852    266.10167180      4.65928078     20.82086592
 37584.28659670    266.06863301      4.65985934     20.90663490
 37588.95300489    266.03560244      4.66043790     20.99560890
 37593.61941308    266.00258006      4.66101646     21.08776021
 37598.28582127    265.96956588      4.66159503     21.18306978
 37602.95222946    265.93655989      4.66217359     21.28152715
 37607.61863765    265.90356209      4.66275215     21.38313033
 37612.28504583    265.87057248      4.66333071     21.48788555
 37616.95145402    265.83759106      4.66390927     21.59580706
 37621.61786221    265.80461782      4.66448783     21.70691677
 37626.28427040    265.77165276      4.66506639     21.82124393
 37630.95067859    265.73869587      4.66564495     21.93882462
 37635.61708678    265.70574715      4.66622351     22.05970131
 37640.28349496    265.67280661      4.66680208     22.18392227
 37644.94990315    265.63987423      4.66738064     22.31154095
 37649.61631134    265.60695001      4.66795920     22.44261530
 37654.28271953    265.57403396      4.66853776     22.57720703
 37658.94912772    265.54112606      4.66911632     22.71538080
 37663.61553591    265.50822632      4.66969488     22.85720336
 37668.28194409    265.47533472      4.67027344     23.00274269
 37672.94835228    265.44245128      4.67085200     23.15206699
 37677.61476047    265.40957598      4.67143056     23.30524375
 37682.28116866    265.37670883      4.67200913     23.46233868
 37686.94757685    265.34384981      4.67258769     23.62341470
 37691.61398503    265.31099893      4.67316625     23.78853081
 37696.28039322    265.27815618      4.67374481     23.95774102
 37700.94680141    265.24532156      4.67432337     24.13109329
 37705.61320960    265.21249507      4.67490193     24.30862833
 37710.27961779    265.17967671      4.67548049     24.49037858
 37714.94602598    265.14686646      4.67605905     24.67636711
 37719.61243416    265.11406434      4.67663761     24.86660654
 37724.27884235    265.08127032      4.67721618     25.06109801
 37728.94525054    265.04848442      4.67779474     25.25983021
 37733.61165873    265.01570663      4.67837330     25.46277842
 37738.27806692    264.98293695      4.67895186     25.66990365
 37742.94447511    264.95017537      4.67953042     25.88115180
 37747.61088329    264.91742189      4.68010898     26.09645289
