Wavenumber(cm^-1)   Wavelength(nm)  Electronvolts(eV)   Molar Extinction Coefficients(M^-1 cm^-1)
 28419.46091485    351.87155836      3.52356580 1824838246695015.25000000
 28424.12732304    351.81379137      3.52414436 2167120155452957.75000000
 28428.79373123    351.75604335      3.52472292 2570541804780029.00000000
 28433.46013941    351.69831427      3.52530149 3045435558884976.00000000
 28438.12654760    351.64060415      3.52588005 3603771286431591.00000000
 28442.79295579    351.58291296      3.52645861 4259396701612635.00000000
 28447.45936398    351.52524069      3.52703717 5028309752119477.00000000
 28452.12577217    351.46758735      3.52761573 5928966809725900.00000000
 28456.79218036    351.40995291      3.52819429 6982630780313067.00000000
 28461.45858854    351.35233737      3.52877285 8213763634321829.00000000
 28466.12499673    351.29474072      3.52935141 9650468265505012.00000000
 28470.79140492    351.23716295      3.52992997 11324985014887208.00000000
 28475.45781311    351.17960405      3.53050854 13274248646880070.00000000
 28480.12422130    351.12206402      3.53108710 15540512034140784.00000000
 28484.79062949    351.06454283      3.53166566 18172043294921096.00000000
 28489.45703767    351.00704049      3.53224422 21223903628759340.00000000
 28494.12344586    350.94955698      3.53282278 24758813610175112.00000000
 28498.78985405    350.89209230      3.53340134 28848116221583952.00000000
 28503.45626224    350.83464644      3.53397990 33572845431242156.00000000
 28508.12267043    350.77721938      3.53455846 39024909644097800.00000000
 28512.78907862    350.71981111      3.53513702 45308399866501168.00000000
 28517.45548680    350.66242164      3.53571559 52541032922408200.00000000
 28522.12189499    350.60505094      3.53629415 60855740530552152.00000000
 28526.78830318    350.54769902      3.53687271 70402415489569640.00000000
 28531.45471137    350.49036585      3.53745127 81349826610718992.00000000
 28536.12111956    350.43305143      3.53802983 93887714373635536.00000000
 28540.78752775    350.37575576      3.53860839 108229079547282832.00000000
 28545.45393593    350.31847882      3.53918695 124612677200968096.00000000
 28550.12034412    350.26122060      3.53976551 143305728614727200.00000000
 28554.78675231    350.20398110      3.54034408 164606863567791808.00000000
 28559.45316050    350.14676030      3.54092264 188849305321150464.00000000
 28564.11956869    350.08955819      3.54150120 216404310297202016.00000000
 28568.78597688    350.03237478      3.54207976 247684873977101824.00000000
 28573.45238506    349.97521004      3.54265832 283149713864899008.00000000
 28578.11879325    349.91806397      3.54323688 323307539486722880.00000000
 28582.78520144    349.86093656      3.54381544 368721618282486784.00000000
 28587.45160963    349.80382780      3.54439400 420014644886231296.00000000
 28592.11801782    349.74673768      3.54497256 477873919658912256.00000000
 28596.78442600    349.68966619      3.54555113 543056840414095168.00000000
 28601.45083419    349.63261332      3.54612969 616396709044239872.00000000
 28606.11724238    349.57557907      3.54670825 698808852193203328.00000000
 28610.78365057    349.51856342      3.54728681 791297052217662720.00000000
 28615.45005876    349.46156637      3.54786537 894960281415946368.00000000
 28620.11646695    349.40458791      3.54844393 1010999728872208640.00000000
 28624.78287513    349.34762802      3.54902249 1140726105254815104.00000000
 28629.44928332    349.29068670      3.54960105 1285567206517402624.00000000
 28634.11569151    349.23376394      3.55017961 1447075712678644480.00000000
 28638.78209970    349.17685973      3.55075818 1626937192707044096.00000000
 28643.44850789    349.11997406      3.55133674 1826978281019763968.00000000
 28648.11491608    349.06310692      3.55191530 2049174985235718656.00000000
 28652.78132426    349.00625830      3.55249386 2295661078624877568.00000000
 28657.44773245    348.94942820      3.55307242 2568736524197296640.00000000
 28662.11414064    348.89261661      3.55365098 2870875870613668352.00000000
 28666.78054883    348.83582351      3.55422954 3204736553117761536.00000000
 28671.44695702    348.77904889      3.55480810 3573167025545767936.00000000
 28676.11336521    348.72229275      3.55538667 3979214642209168384.00000000
 28680.77977339    348.66555509      3.55596523 4426133201168158208.00000000
 28685.44618158    348.60883588      3.55654379 4917390053157709824.00000000
 28690.11258977    348.55213512      3.55712235 5456672673316568064.00000000
 28694.77899796    348.49545280      3.55770091 6047894585975198720.00000000
 28699.44540615    348.43878892      3.55827947 6695200526194221056.00000000
 28704.11181434    348.38214346      3.55885803 7402970715617643520.00000000
 28708.77822252    348.32551641      3.55943659 8175824124634463232.00000000
 28713.44463071    348.26890778      3.56001515 9018620587949280256.00000000
 28718.11103890    348.21231753      3.56059372 9936461636577857536.00000000
 28722.77744709    348.15574568      3.56117228 10934689906136780800.00000000
 28727.44385528    348.09919220      3.56175084 12018886979222806528.00000000
 28732.11026347    348.04265709      3.56232940 13194869518811760640.00000000
 28736.77667165    347.98614035      3.56290796 14468683550080077824.00000000
 28741.44307984    347.92964195      3.56348652 15846596750005596160.00000000
 28746.10948803    347.87316190      3.56406508 17335088607624517632.00000000
 28750.77589622    347.81670019      3.56464364 18940838323112120320.00000000
 28755.44230441    347.76025679      3.56522221 20670710320897024000.00000000
 28760.10871260    347.70383172      3.56580077 22531737261032824832.00000000
 28764.77512078    347.64742495      3.56637933 24531100444034347008.00000000
 28769.44152897    347.59103648      3.56695789 26676107517439602688.00000000
 28774.10793716    347.53466630      3.56753645 28974167407512588288.00000000
 28778.77434535    347.47831440      3.56811501 31432762416786804736.00000000
 28783.44075354    347.42198077      3.56869357 34059417447552733184.00000000
 28788.10716173    347.36566541      3.56927213 36861666332893814784.00000000
 28792.77356991    347.30936829      3.56985069 39847015280411320320.00000000
 28797.43997810    347.25308943      3.57042926 43022903459262144512.00000000
 28802.10638629    347.19682880      3.57100782 46396660788448772096.00000000
 28806.77279448    347.14058639      3.57158638 49975463013286264832.00000000
 28811.43920267    347.08436221      3.57216494 53766284187474591744.00000000
 28816.10561086    347.02815623      3.57274350 57775846709900214272.00000000
 28820.77201904    346.97196846      3.57332206 62010569098164682752.00000000
 28825.43842723    346.91579888      3.57390062 66476511714256928768.00000000
 28830.10483542    346.85964748      3.57447918 71179320691778330624.00000000
 28834.77124361    346.80351425      3.57505774 76124170348127469568.00000000
 28839.43765180    346.74739919      3.57563631 81315704398777909248.00000000
 28844.10405999    346.69130229      3.57621487 86757976323818979328.00000000
 28848.77046817    346.63522354      3.57679343 92454389268869677056.00000000
 28853.43687636    346.57916292      3.57737199 98407635892881915904.00000000
 28858.10328455    346.52312044      3.57795055 104619638603791548416.00000000
 28862.76969274    346.46709607      3.57852911 111091490648994971648.00000000
 28867.43610093    346.41108982      3.57910767 117823398550790766592.00000000
 28872.10250912    346.35510167      3.57968623 124814626396775284736.00000000
 28876.76891730    346.29913162      3.58026480 132063442511341158400.00000000
 28881.43532549    346.24317965      3.58084336 139567069046295822336.00000000
 28886.10173368    346.18724576      3.58142192 147321635036256927744.00000000
 28890.76814187    346.13132994      3.58200048 155322133466866548736.00000000
 28895.43455006    346.07543218      3.58257904 163562382901355479040.00000000
 28900.10095825    346.01955247      3.58315760 172034994202866647040.00000000
 28904.76736643    345.96369081      3.58373616 180731342876182970368.00000000
 28909.43377462    345.90784717      3.58431472 189641547532898729984.00000000
 28914.10018281    345.85202157      3.58489328 198754454958521221120.00000000
 28918.76659100    345.79621398      3.58547185 208057632228471537664.00000000
 28923.43299919    345.74042439      3.58605041 217537366282499063808.00000000
 28928.09940738    345.68465281      3.58662897 227178671323753807872.00000000
 28932.76581556    345.62889921      3.58720753 236965304359860633600.00000000
 28937.43222375    345.57316360      3.58778609 246879789149077864448.00000000
 28942.09863194    345.51744596      3.58836465 256903448755332055040.00000000
 28946.76504013    345.46174628      3.58894321 267016446852100784128.00000000
 28951.43144832    345.40606456      3.58952177 277197837846963257344.00000000
 28956.09785651    345.35040079      3.59010034 287425625827393470464.00000000
 28960.76426469    345.29475495      3.59067890 297676832253662920704.00000000
 28965.43067288    345.23912705      3.59125746 307927572248233443328.00000000
 28970.09708107    345.18351706      3.59183602 318153139252844756992.00000000
 28974.76348926    345.12792499      3.59241458 328328097745694425088.00000000
 28979.42989745    345.07235082      3.59299314 338426383632446324736.00000000
 28984.09630564    345.01679454      3.59357170 348421411847128743936.00000000
 28988.76271382    344.96125615      3.59415026 358286190623175933952.00000000
 28993.42912201    344.90573564      3.59472882 367993441821804462080.00000000
 28998.09553020    344.85023299      3.59530739 377515726635461443584.00000000
 29002.76193839    344.79474821      3.59588595 386825575919088566272.00000000
 29007.42834658    344.73928128      3.59646451 395895624342248030208.00000000
 29012.09475477    344.68383219      3.59704307 404698747501513211904.00000000
 29016.76116295    344.62840094      3.59762163 413208201085743202304.00000000
 29021.42757114    344.57298751      3.59820019 421397761147347664896.00000000
 29026.09397933    344.51759190      3.59877875 429241864501584920576.00000000
 29030.76038752    344.46221410      3.59935731 436715748252950790144.00000000
 29035.42679571    344.40685409      3.59993587 443795587434116874240.00000000
 29040.09320390    344.35151188      3.60051444 450458629738376790016.00000000
 29044.75961208    344.29618746      3.60109300 456683326331647950848.00000000
 29049.42602027    344.24088080      3.60167156 462449457744774889472.00000000
 29054.09242846    344.18559191      3.60225012 467738253871199420416.00000000
 29058.75883665    344.13032078      3.60282868 472532507128877481984.00000000
 29063.42524484    344.07506740      3.60340724 476816677888388431872.00000000
 29068.09165303    344.01983176      3.60398580 480576991321164021760.00000000
 29072.75806121    343.96461385      3.60456436 483801524882189647872.00000000
 29077.42446940    343.90941366      3.60514293 486480285709836615680.00000000
 29082.09087759    343.85423119      3.60572149 488605277301030715392.00000000
 29086.75728578    343.79906642      3.60630005 490170554901970157568.00000000
 29091.42369397    343.74391935      3.60687861 491172269142241443840.00000000
 29096.09010215    343.68878997      3.60745717 491608697532626173952.00000000
 29100.75651034    343.63367827      3.60803573 491480263543028645888.00000000
 29105.42291853    343.57858424      3.60861429 490789543075945971712.00000000
 29110.08932672    343.52350787      3.60919285 489541258251612127232.00000000
 29114.75573491    343.46844916      3.60977141 487742258522343669760.00000000
 29119.42214310    343.41340810      3.61034998 485401489234656952320.00000000
 29124.08855128    343.35838467      3.61092854 482529947857335877632.00000000
 29128.75495947    343.30337887      3.61150710 479140628190803525632.00000000
 29133.42136766    343.24839070      3.61208566 475248452966880772096.00000000
 29138.08777585    343.19342014      3.61266422 470870195337372106752.00000000
 29142.75418404    343.13846718      3.61324278 466024389834009673728.00000000
 29147.42059223    343.08353181      3.61382134 460731233460318502912.00000000
 29152.08700041    343.02861404      3.61439990 455012477647198158848.00000000
 29156.75340860    342.97371384      3.61497847 448891311867786952704.00000000
 29161.41981679    342.91883121      3.61555703 442392239763103547392.00000000
 29166.08622498    342.86396614      3.61613559 435540948677221285888.00000000
 29170.75263317    342.80911863      3.61671415 428364173539580051456.00000000
 29175.41904136    342.75428866      3.61729271 420889556061674340352.00000000
 29180.08544954    342.69947623      3.61787127 413145500236053413888.00000000
 29184.75185773    342.64468133      3.61844983 405161025137151508480.00000000
 29189.41826592    342.58990395      3.61902839 396965616026104430592.00000000
 29194.08467411    342.53514408      3.61960695 388589074755557261312.00000000
 29198.75108230    342.48040171      3.62018552 380061370455896358912.00000000
 29203.41749049    342.42567683      3.62076408 371412491461661818880.00000000
 29208.08389867    342.37096944      3.62134264 362672299406655094784.00000000
 29212.75030686    342.31627953      3.62192120 353870386378955358208.00000000
 29217.41671505    342.26160709      3.62249976 345035935983320367104.00000000
 29222.08312324    342.20695211      3.62307832 336197589108939358208.00000000
 29226.74953143    342.15231459      3.62365688 327383315145873817600.00000000
 29231.41593962    342.09769450      3.62423544 318620289334734028800.00000000
 29236.08234780    342.04309186      3.62481400 309934776871384317952.00000000
 29240.74875599    341.98850664      3.62539257 301352024323365011456.00000000
 29245.41516418    341.93393884      3.62597113 292896158847161925632.00000000
 29250.08157237    341.87938845      3.62654969 284590095626761568256.00000000
 29254.74798056    341.82485546      3.62712825 276455453884580691968.00000000
 29259.41438875    341.77033987      3.62770681 268512481746605899776.00000000
 29264.08079693    341.71584166      3.62828537 260779990175059836928.00000000
 29268.74720512    341.66136083      3.62886393 253275296114742460416.00000000
 29273.41361331    341.60689737      3.62944249 246014174933914877952.00000000
 29278.08002150    341.55245128      3.63002106 239010822177714208768.00000000
 29282.74642969    341.49802253      3.63059962 232277824592025845760.00000000
 29287.41283788    341.44361113      3.63117818 225826140318888919040.00000000
 29292.07924606    341.38921706      3.63175674 219665088111122153472.00000000
 29296.74565425    341.33484033      3.63233530 213802345364363378688.00000000
 29301.41206244    341.28048091      3.63291386 208243954718869651456.00000000
 29306.07847063    341.22613880      3.63349242 202994338941986865152.00000000
 29310.74487882    341.17181400      3.63407098 198056323764587462656.00000000
 29315.41128701    341.11750649      3.63464954 193431168311433232384.00000000
 29320.07769519    341.06321627      3.63522811 189118602736115613696.00000000
 29324.74410338    341.00894333      3.63580667 185116872645926584320.00000000
 29329.41051157    340.95468765      3.63638523 181422789880583094272.00000000
 29334.07691976    340.90044924      3.63696379 178031789191013695488.00000000
 29338.74332795    340.84622808      3.63754235 174937990350236549120.00000000
 29343.40973614    340.79202417      3.63812091 172134265217500643328.00000000
 29348.07614432    340.73783749      3.63869947 169612309269118484480.00000000
 29352.74255251    340.68366805      3.63927803 167362717104557096960.00000000
 29357.40896070    340.62951582      3.63985659 165375061434140983296.00000000
 29362.07536889    340.57538081      3.64043516 163637975054927101952.00000000
 29366.74177708    340.52126300      3.64101372 162139235323755823104.00000000
 29371.40818527    340.46716238      3.64159228 160865850640837902336.00000000
 29376.07459345    340.41307896      3.64217084 159804148463493251072.00000000
 29380.74100164    340.35901271      3.64274940 158939864377444892672.00000000
 29385.40740983    340.30496363      3.64332796 158258231762355191808.00000000
 29390.07381802    340.25093172      3.64390652 157744071598883078144.00000000
 29394.74022621    340.19691697      3.64448508 157381881976324554752.00000000
 29399.40663440    340.14291936      3.64506365 157155926872784535552.00000000
 29404.07304258    340.08893889      3.64564221 157050323793733451776.00000000
 29408.73945077    340.03497555      3.64622077 157049129869664878592.00000000
 29413.40585896    339.98102933      3.64679933 157136426029356122112.00000000
 29418.07226715    339.92710023      3.64737789 157296398881908457472.00000000
 29422.73867534    339.87318823      3.64795645 157513419958296772608.00000000
 29427.40508353    339.81929333      3.64853501 157772121981582508032.00000000
 29432.07149171    339.76541552      3.64911357 158057471854241382400.00000000
 29436.73789990    339.71155479      3.64969213 158354840071227703296.00000000
 29441.40430809    339.65771114      3.65027070 158650066288456499200.00000000
 29446.07071628    339.60388455      3.65084926 158929520798312628224.00000000
 29450.73712447    339.55007502      3.65142782 159180161686609330176.00000000
 29455.40353266    339.49628254      3.65200638 159389587469082460160.00000000
 29460.06994084    339.44250710      3.65258494 159546085030011666432.00000000
 29464.73634903    339.38874869      3.65316350 159638672710846447616.00000000
 29469.40275722    339.33500731      3.65374206 159657138422744383488.00000000
 29474.06916541    339.28128294      3.65432062 159592072683616927744.00000000
 29478.73557360    339.22757559      3.65489919 159434896507535785984.00000000
 29483.40198179    339.17388523      3.65547775 159177884102077579264.00000000
 29488.06838997    339.12021187      3.65605631 158814180357237506048.00000000
 29492.73479816    339.06655549      3.65663487 158337813137796300800.00000000
 29497.40120635    339.01291609      3.65721343 157743700419306586112.00000000
 29502.06761454    338.95929366      3.65779199 157027652336002727936.00000000
 29506.73402273    338.90568818      3.65837055 156186368236766920704.00000000
 29511.40043092    338.85209966      3.65894911 155217428872563785728.00000000
 29516.06683910    338.79852809      3.65952767 154119283865343885312.00000000
 29520.73324729    338.74497345      3.66010624 152891234634051911680.00000000
 29525.39965548    338.69143574      3.66068480 151533412977887248384.00000000
 29530.06606367    338.63791495      3.66126336 150046755540131938304.00000000
 29534.73247186    338.58441107      3.66184192 148432974397489840128.00000000
 29539.39888005    338.53092409      3.66242048 146694524039782498304.00000000
 29544.06528823    338.47745401      3.66299904 144834565022842601472.00000000
 29548.73169642    338.42400082      3.66357760 142856924593372069888.00000000
 29553.39810461    338.37056452      3.66415616 140766054598250774528.00000000
 29558.06451280    338.31714508      3.66473472 138566987002160218112.00000000
 29562.73092099    338.26374250      3.66531329 136265287346337005568.00000000
 29567.39732917    338.21035679      3.66589185 133867006487705681920.00000000
 29572.06373736    338.15698792      3.66647041 131378630961507500032.00000000
 29576.73014555    338.10363589      3.66704897 128807032311871717376.00000000
 29581.39655374    338.05030070      3.66762753 126159415733431762944.00000000
 29586.06296193    337.99698232      3.66820609 123443268363324719104.00000000
 29590.72937012    337.94368077      3.66878465 120666307556565745664.00000000
 29595.39577830    337.89039602      3.66936321 117836429469095706624.00000000
 29600.06218649    337.83712808      3.66994178 114961658261809250304.00000000
 29604.72859468    337.78387692      3.67052034 112050096225734066176.00000000
 29609.39500287    337.73064256      3.67109890 109109875113405612032.00000000
 29614.06141106    337.67742496      3.67167746 106149108944542695424.00000000
 29618.72781925    337.62422414      3.67225602 103175848535575166976.00000000
 29623.39422743    337.57104008      3.67283458 100198037982606049280.00000000
 29628.06063562    337.51787277      3.67341314 97223473306239287296.00000000
 29632.72704381    337.46472220      3.67399170 94259763444582400000.00000000
 29637.39345200    337.41158838      3.67457026 91314293757889593344.00000000
 29642.05986019    337.35847128      3.67514883 88394192184949227520.00000000
 29646.72626838    337.30537090      3.67572739 85506298167760551936.00000000
 29651.39267656    337.25228724      3.67630595 82657134437317099520.00000000
 29656.05908475    337.19922028      3.67688451 79852881729939685376.00000000
 29660.72549294    337.14617002      3.67746307 77099356480485834752.00000000
 29665.39190113    337.09313645      3.67804163 74401991516312928256.00000000
 29670.05830932    337.04011956      3.67862019 71765819754176651264.00000000
 29674.72471751    336.98711935      3.67919875 69195460881502961664.00000000
 29679.39112569    336.93413580      3.67977732 66695110983820328960.00000000
 29684.05753388    336.88116891      3.68035588 64268535061715386368.00000000
 29688.72394207    336.82821867      3.68093444 61919062363586928640.00000000
 29693.39035026    336.77528507      3.68151300 59649584444810051584.00000000
 29698.05675845    336.72236811      3.68209156 57462555849755721728.00000000
 29702.72316664    336.66946778      3.68267012 55359997300486389760.00000000
 29707.38957482    336.61658406      3.68324868 53343501264898342912.00000000
 29712.05598301    336.56371695      3.68382724 51414239767598841856.00000000
 29716.72239120    336.51086645      3.68440580 49572974298939039744.00000000
 29721.38879939    336.45803255      3.68498437 47820067671213006848.00000000
 29726.05520758    336.40521523      3.68556293 46155497666234990592.00000000
 29730.72161577    336.35241449      3.68614149 44578872315065327616.00000000
 29735.38802395    336.29963032      3.68672005 43089446648634580992.00000000
 29740.05443214    336.24686272      3.68729861 41686140757277990912.00000000
 29744.72084033    336.19411168      3.68787717 40367558997664743424.00000000
 29749.38724852    336.14137718      3.68845573 39132010187190894592.00000000
 29754.05365671    336.08865923      3.68903429 37977528628501250048.00000000
 29758.72006490    336.03595780      3.68961285 36901895810310373376.00000000
 29763.38647308    335.98327291      3.69019142 35902662635000508416.00000000
 29768.05288127    335.93060453      3.69076998 34977172028480999424.00000000
 29772.71928946    335.87795266      3.69134854 34122581793394724864.00000000
 29777.38569765    335.82531729      3.69192710 33335887572854702080.00000000
 29782.05210584    335.77269842      3.69250566 32613945798385438720.00000000
 29786.71851403    335.72009603      3.69308422 31953496502561677312.00000000
 29791.38492221    335.66751012      3.69366278 31351185883845521408.00000000
 29796.05133040    335.61494069      3.69424134 30803588518321254400.00000000
 29800.71773859    335.56238772      3.69481991 30307229120269705216.00000000
 29805.38414678    335.50985120      3.69539847 29858603760797339648.00000000
 29810.05055497    335.45733113      3.69597703 29454200460965343232.00000000
 29814.71696316    335.40482750      3.69655559 29090519083008786432.00000000
 29819.38337134    335.35234030      3.69713415 28764090450253926400.00000000
 29824.04977953    335.29986953      3.69771271 28471494633204994048.00000000
 29828.71618772    335.24741518      3.69829127 28209378345950904320.00000000
 29833.38259591    335.19497723      3.69886983 27974471403522822144.00000000
 29838.04900410    335.14255569      3.69944839 27763602197099655168.00000000
 29842.71541229    335.09015054      3.70002696 27573712150005035008.00000000
 29847.38182047    335.03776178      3.70060552 27401869123261943808.00000000
 29852.04822866    334.98538939      3.70118408 27245279745070026752.00000000
 29856.71463685    334.93303338      3.70176264 27101300643954962432.00000000
 29861.38104504    334.88069373      3.70234120 26967448570503094272.00000000
 29866.04745323    334.82837043      3.70291976 26841409397563867136.00000000
 29870.71386142    334.77606348      3.70349832 26721045993569968128.00000000
 29875.38026960    334.72377288      3.70407688 26604404968210513920.00000000
 29880.04667779    334.67149860      3.70465544 26489722294102978560.00000000
 29884.71308598    334.61924065      3.70523401 26375427812354691072.00000000
 29889.37949417    334.56699902      3.70581257 26260148633994457088.00000000
 29894.04590236    334.51477370      3.70639113 26142711453196783616.00000000
 29898.71231055    334.46256468      3.70696969 26022143792023007232.00000000
 29903.37871873    334.41037195      3.70754825 25897674200071217152.00000000
 29908.04512692    334.35819551      3.70812681 25768731435964076032.00000000
 29912.71153511    334.30603535      3.70870537 25634942661015203840.00000000
 29917.37794330    334.25389147      3.70928393 25496130678700523520.00000000
 29922.04435149    334.20176384      3.70986250 25352310256723431424.00000000
 29926.71075968    334.14965247      3.71044106 25203683571502579712.00000000
 29931.37716786    334.09755735      3.71101962 25050634817820012544.00000000
 29936.04357605    334.04547847      3.71159818 24893724029155975168.00000000
 29940.70998424    333.99341583      3.71217674 24733680156888543232.00000000
 29945.37639243    333.94136941      3.71275530 24571393459057221632.00000000
 29950.04280062    333.88933921      3.71333386 24407907251772067840.00000000
 29954.70920881    333.83732522      3.71391242 24244409078590689280.00000000
 29959.37561699    333.78532743      3.71449098 24082221355280269312.00000000
 29964.04202518    333.73334584      3.71506955 23922791549326524416.00000000
 29968.70843337    333.68138044      3.71564811 23767681955340570624.00000000
 29973.37484156    333.62943122      3.71622667 23618559129145196544.00000000
 29978.04124975    333.57749817      3.71680523 23477183044786786304.00000000
 29982.70765794    333.52558128      3.71738379 23345396040014311424.00000000
 29987.37406612    333.47368055      3.71796235 23225111616886083584.00000000
 29992.04047431    333.42179598      3.71854091 23118303165100265472.00000000
 29996.70688250    333.36992754      3.71911947 23026992676393795584.00000000
 30001.37329069    333.31807525      3.71969804 22953239518897864704.00000000
 30006.03969888    333.26623908      3.72027660 22899129340680503296.00000000
 30010.70610707    333.21441903      3.72085516 22866763171823833088.00000000
 30015.37251525    333.16261509      3.72143372 22858246794269237248.00000000
 30020.03892344    333.11082725      3.72201228 22875680448302604288.00000000
 30024.70533163    333.05905552      3.72259084 22921148943924604928.00000000
 30029.37173982    333.00729987      3.72316940 22996712244441763840.00000000
 30034.03814801    332.95556031      3.72374796 23104396588400672768.00000000
 30038.70455619    332.90383682      3.72432652 23246186214448185344.00000000
 30043.37096438    332.85212941      3.72490509 23424015751810760704.00000000
 30048.03737257    332.80043805      3.72548365 23639763336820113408.00000000
 30052.70378076    332.74876274      3.72606221 23895244513244545024.00000000
 30057.37018895    332.69710348      3.72664077 24192206971086442496.00000000
 30062.03659714    332.64546025      3.72721933 24532326174953209856.00000000
 30066.70300532    332.59383306      3.72779789 24917201929063702528.00000000
 30071.36941351    332.54222189      3.72837645 25348355921411710976.00000000
 30076.03582170    332.49062673      3.72895501 25827230284515926016.00000000
 30080.70222989    332.43904759      3.72953357 26355187204553920512.00000000
 30085.36863808    332.38748444      3.73011214 26933509604467011584.00000000
 30090.03504627    332.33593728      3.73069070 27563402919830691840.00000000
 30094.70145445    332.28440611      3.73126926 28245997978903187456.00000000
 30099.36786264    332.23289092      3.73184782 28982354990292410368.00000000
 30104.03427083    332.18139170      3.73242638 29773468633128046592.00000000
 30108.70067902    332.12990845      3.73300494 30620274235506262016.00000000
 30113.36708721    332.07844115      3.73358350 31523655017317601280.00000000
 30118.03349540    332.02698979      3.73416206 32484450363408019456.00000000
 30122.69990358    331.97555438      3.73474063 33503465082409172992.00000000
 30127.36631177    331.92413490      3.73531919 34581479595563061248.00000000
 30132.03271996    331.87273135      3.73589775 35719260988537872384.00000000
 30136.69912815    331.82134372      3.73647631 36917574847639330816.00000000
 30141.36553634    331.76997200      3.73705487 38177197790130348032.00000000
 30146.03194453    331.71861618      3.73763343 39498930586584875008.00000000
 30150.69835271    331.66727626      3.73821199 40883611761542258688.00000000
 30155.36476090    331.61595223      3.73879055 42332131547257405440.00000000
 30160.03116909    331.56464408      3.73936911 43845446054229737472.00000000
 30164.69757728    331.51335180      3.73994768 45424591511580983296.00000000
 30169.36398547    331.46207540      3.74052624 47070698420396621824.00000000
 30174.03039366    331.41081485      3.74110480 48785005454010032128.00000000
 30178.69680184    331.35957015      3.74168336 50568872931057827840.00000000
 30183.36321003    331.30834130      3.74226192 52423795680139345920.00000000
 30188.02961822    331.25712829      3.74284048 54351415109236432896.00000000
 30192.69602641    331.20593111      3.74341904 56353530288862306304.00000000
 30197.36243460    331.15474975      3.74399760 58432107855359098880.00000000
 30202.02884279    331.10358420      3.74457617 60589290540026568704.00000000
 30206.69525097    331.05243447      3.74515473 62827404130914402304.00000000
 30211.36165916    331.00130053      3.74573329 65148962677409800192.00000000
 30216.02806735    330.95018239      3.74631185 67556671753109069824.00000000
 30220.69447554    330.89908004      3.74689041 70053429600163545088.00000000
 30225.36088373    330.84799346      3.74746897 72642325988271767552.00000000
 30230.02729192    330.79692266      3.74804753 75326638633850699776.00000000
 30234.69370010    330.74586762      3.74862609 78109827039656067072.00000000
 30239.36010829    330.69482834      3.74920465 80995523632229154816.00000000
 30244.02651648    330.64380480      3.74978322 83987522093973979136.00000000
 30248.69292467    330.59279701      3.75036178 87089762808341889024.00000000
 30253.35933286    330.54180496      3.75094034 90306315360408518656.00000000
 30258.02574105    330.49082863      3.75151890 93641358060927860736.00000000
 30262.69214923    330.43986803      3.75209746 97099154489565364224.00000000
 30267.35855742    330.38892314      3.75267602 100684027082228269056.00000000
 30272.02496561    330.33799395      3.75325458 104400327818017161216.00000000
 30276.69137380    330.28708047      3.75383314 108252406092939952128.00000000
 30281.35778199    330.23618267      3.75441170 112244573900091604992.00000000
 30286.02419018    330.18530056      3.75499027 116381068468835729408.00000000
 30290.69059836    330.13443413      3.75556883 120666012548622172160.00000000
 30295.35700655    330.08358336      3.75614739 125103372555841634304.00000000
 30300.02341474    330.03274826      3.75672595 129696914834263359488.00000000
 30304.68982293    329.98192882      3.75730451 134450160310709305344.00000000
 30309.35623112    329.93112502      3.75788307 139366337857285799936.00000000
 30314.02263931    329.88033687      3.75846163 144448336699321237504.00000000
 30318.68904749    329.82956434      3.75904019 149698658233747963904.00000000
 30323.35545568    329.77880745      3.75961876 155119367645625647104.00000000
 30328.02186387    329.72806617      3.76019732 160712045730469937152.00000000
 30332.68827206    329.67734051      3.76077588 166477741346661171200.00000000
 30337.35468025    329.62663045      3.76135444 172416924935145324544.00000000
 30342.02108844    329.57593599      3.76193300 178529443552647544832.00000000
 30346.68749662    329.52525712      3.76251156 184814477869279412224.00000000
 30351.35390481    329.47459383      3.76309012 191270501581913620480.00000000
 30356.02031300    329.42394612      3.76366868 197895243690274881536.00000000
 30360.68672119    329.37331398      3.76424724 204685654073820184576.00000000
 30365.35312938    329.32269740      3.76482581 211637872793719898112.00000000
 30370.01953757    329.27209637      3.76540437 218747203525744885760.00000000
 30374.68594575    329.22151089      3.76598293 226008091506655723520.00000000
 30379.35235394    329.17094096      3.76656149 233414106348875022336.00000000
 30384.01876213    329.12038655      3.76714005 240957930045987323904.00000000
 30388.68517032    329.06984767      3.76771861 248631350455197401088.00000000
 30393.35157851    329.01932431      3.76829717 256425260502557851648.00000000
 30398.01798670    328.96881647      3.76887573 264329663312919101440.00000000
 30402.68439488    328.91832412      3.76945430 272333683419543633920.00000000
 30407.35080307    328.86784728      3.77003286 280425584158663573504.00000000
 30412.01721126    328.81738592      3.77061142 288592791302223200256.00000000
 30416.68361945    328.76694005      3.77118998 296821922928672636928.00000000
 30421.35002764    328.71650965      3.77176854 305098825476762959872.00000000
 30426.01643583    328.66609472      3.77234710 313408615872180649984.00000000
 30430.68284401    328.61569526      3.77292566 321735729561642336256.00000000
 30435.34925220    328.56531125      3.77350422 330063974234595852288.00000000
 30440.01566039    328.51494268      3.77408278 338376588959455313920.00000000
 30444.68206858    328.46458956      3.77466135 346656308410002309120.00000000
 30449.34847677    328.41425187      3.77523991 354885431808750845952.00000000
 30454.01488496    328.36392961      3.77581847 363045896168289140736.00000000
 30458.68129314    328.31362277      3.77639703 371119353369418203136.00000000
 30463.34770133    328.26333133      3.77697559 379087250576768106496.00000000
 30468.01410952    328.21305531      3.77755415 386930913458961973248.00000000
 30472.68051771    328.16279468      3.77813271 394631631651756507136.00000000
 30477.34692590    328.11254944      3.77871127 402170745878955556864.00000000
 30482.01333409    328.06231958      3.77928983 409529736128378896384.00000000
 30486.67974227    328.01210511      3.77986840 416690310267398979584.00000000
 30491.34615046    327.96190600      3.78044696 423634492476817211392.00000000
 30496.01255865    327.91172225      3.78102552 430344710881042300928.00000000
 30500.67896684    327.86155386      3.78160408 436803883758254358528.00000000
 30505.34537503    327.81140082      3.78218264 442995503725520945152.00000000
 30510.01178321    327.76126312      3.78276120 448903719310891810816.00000000
 30514.67819140    327.71114076      3.78333976 454513413346952478720.00000000
 30519.34459959    327.66103372      3.78391832 459810277648004284416.00000000
 30524.01100778    327.61094200      3.78449689 464780883465455140864.00000000
 30528.67741597    327.56086560      3.78507545 469412747252899577856.00000000
 30533.34382416    327.51080450      3.78565401 473694391313161322496.00000000
 30538.01023234    327.46075870      3.78623257 477615398943819300864.00000000
 30542.67664053    327.41072820      3.78681113 481166463744936574976.00000000
 30547.34304872    327.36071298      3.78738969 484339432802123841536.00000000
 30552.00945691    327.31071304      3.78796825 487127343509536571392.00000000
 30556.67586510    327.26072836      3.78854681 489524453849585745920.00000000
 30561.34227329    327.21075896      3.78912537 491526265999425732608.00000000
 30566.00868147    327.16080481      3.78970394 493129543187119669248.00000000
 30570.67508966    327.11086591      3.79028250 494332319772901179392.00000000
 30575.34149785    327.06094225      3.79086106 495133904582223790080.00000000
 30580.00790604    327.01103383      3.79143962 495534877566951292928.00000000
 30584.67431423    326.96114064      3.79201818 495537079918549925888.00000000
 30589.34072242    326.91126268      3.79259674 495143597802102325248.00000000
 30594.00713060    326.86139992      3.79317530 494358739921933893632.00000000
 30598.67353879    326.81155238      3.79375386 493188009168338354176.00000000
 30603.33994698    326.76172004      3.79433242 491638068629977235456.00000000
 30608.00635517    326.71190289      3.79491099 489716702287837855744.00000000
 30612.67276336    326.66210093      3.79548955 487432770733933002752.00000000
 30617.33917155    326.61231415      3.79606811 484796162281229320192.00000000
 30622.00557973    326.56254255      3.79664667 481817739850311008256.00000000
 30626.67198792    326.51278611      3.79722523 478509284033456111616.00000000
 30631.33839611    326.46304483      3.79780379 474883432747627970560.00000000
 30636.00480430    326.41331870      3.79838235 470953617895027834880.00000000
 30640.67121249    326.36360772      3.79896091 466733999453110468608.00000000
 30645.33762068    326.31391188      3.79953948 462239397415694761984.00000000
 30650.00402886    326.26423118      3.80011804 457485222003217858560.00000000
 30654.67043705    326.21456559      3.80069660 452487402553565511680.00000000
 30659.33684524    326.16491513      3.80127516 447262315495528202240.00000000
 30664.00325343    326.11527977      3.80185372 441826711795138363392.00000000
 30668.66966162    326.06565953      3.80243228 436197644251241381888.00000000
 30673.33606981    326.01605438      3.80301084 430392395000957239296.00000000
 30678.00247799    325.96646432      3.80358940 424428403578576568320.00000000
 30682.66888618    325.91688934      3.80416796 418323195853139738624.00000000
 30687.33529437    325.86732944      3.80474653 412094314151010172928.00000000
 30692.00170256    325.81778461      3.80532509 405759248849854070784.00000000
 30696.66811075    325.76825485      3.80590365 399335371711024070656.00000000
 30701.33451894    325.71874014      3.80648221 392839871197031497728.00000000
 30706.00092712    325.66924048      3.80706077 386289690001417371648.00000000
 30710.66733531    325.61975586      3.80763933 379701464998915604480.00000000
 30715.33374350    325.57028628      3.80821789 373091469805067894784.00000000
 30720.00015169    325.52083173      3.80879645 366475560116337573888.00000000
 30724.66655988    325.47139220      3.80937502 359869121984399278080.00000000
 30729.33296807    325.42196768      3.80995358 353287023161677119488.00000000
 30733.99937625    325.37255817      3.81053214 346743567639426891776.00000000
 30738.66578444    325.32316367      3.81111070 340252453484664520704.00000000
 30743.33219263    325.27378416      3.81168926 333826734068017004544.00000000
 30747.99860082    325.22441964      3.81226782 327478782761069838336.00000000
 30752.66500901    325.17507010      3.81284638 321220261168861413376.00000000
 30757.33141720    325.12573553      3.81342494 315062090950946521088.00000000
 30761.99782538    325.07641593      3.81400350 309014429272384536576.00000000
 30766.66423357    325.02711129      3.81458207 303086647914619207680.00000000
 30771.33064176    324.97782161      3.81516063 297287316064782778368.00000000
 30775.99704995    324.92854687      3.81573919 291624186790770409472.00000000
 30780.66345814    324.87928708      3.81631775 286104187198222434304.00000000
 30785.32986633    324.83004221      3.81689631 280733412254262460416.00000000
 30789.99627451    324.78081228      3.81747487 275517122251393695744.00000000
 30794.66268270    324.73159726      3.81805343 270459743873272315904.00000000
 30799.32909089    324.68239716      3.81863199 265564874812123185152.00000000
 30803.99549908    324.63321196      3.81921055 260835291875303096320.00000000
 30808.66190727    324.58404166      3.81978912 256272962505940893696.00000000
 30813.32831546    324.53488626      3.82036768 251879059629716013056.00000000
 30817.99472364    324.48574574      3.82094624 247653979726708867072.00000000
 30822.66113183    324.43662010      3.82152480 243597364013899415552.00000000
 30827.32754002    324.38750933      3.82210336 239708122610511937536.00000000
 30831.99394821    324.33841343      3.82268192 235984461544809562112.00000000
 30836.66035640    324.28933239      3.82326048 232423912447681036288.00000000
 30841.32676459    324.24026620      3.82383904 229023364765141172224.00000000
 30845.99317277    324.19121485      3.82441761 225779100309110161408.00000000
 30850.65958096    324.14217835      3.82499617 222686829953580957696.00000000
 30855.32598915    324.09315667      3.82557473 219741732271710601216.00000000
 30859.99239734    324.04414982      3.82615329 216938493898666147840.00000000
 30864.65880553    323.99515780      3.82673185 214271351395329441792.00000000
 30869.32521372    323.94618058      3.82731041 211734134379436703744.00000000
 30873.99162190    323.89721817      3.82788897 209320309683497762816.00000000
 30878.65803009    323.84827055      3.82846753 207023026293072003072.00000000
 30883.32443828    323.79933773      3.82904609 204835160814781431808.00000000
 30887.99084647    323.75041969      3.82962466 202749363220941701120.00000000
 30892.65725466    323.70151643      3.83020322 200758102616933826560.00000000
 30897.32366285    323.65262795      3.83078178 198853712778581901312.00000000
 30901.99007103    323.60375422      3.83136034 197028437209711968256.00000000
 30906.65647922    323.55489526      3.83193890 195274473474999844864.00000000
 30911.32288741    323.50605105      3.83251746 193584016569928482816.00000000
 30915.98929560    323.45722158      3.83309602 191949301098298867712.00000000
 30920.65570379    323.40840685      3.83367458 190362642038122151936.00000000
 30925.32211198    323.35960686      3.83425315 188816473888825802752.00000000
 30929.98852016    323.31082158      3.83483171 187303388006397771776.00000000
 30934.65492835    323.26205103      3.83541027 185816167948260573184.00000000
 30939.32133654    323.21329519      3.83598883 184347822666136059904.00000000
 30943.98774473    323.16455405      3.83656739 182891617402798047232.00000000
 30948.65415292    323.11582761      3.83714595 181441102167191715840.00000000
 30953.32056111    323.06711586      3.83772451 179990137681764712448.00000000
 30957.98696929    323.01841880      3.83830307 178532918715779514368.00000000
 30962.65337748    322.96973641      3.83888163 177063994738651824128.00000000
 30967.31978567    322.92106870      3.83946020 175578287847805911040.00000000
 30971.98619386    322.87241565      3.84003876 174071107945858727936.00000000
 30976.65260205    322.82377726      3.84061732 172538165162058973184.00000000
 30981.31901024    322.77515353      3.84119588 170975579532489588736.00000000
 30985.98541842    322.72654443      3.84177444 169379887972480876544.00000000
 30990.65182661    322.67794998      3.84235300 167748048592769712128.00000000
 30995.31823480    322.62937016      3.84293156 166077442428014428160.00000000
 30999.98464299    322.58080496      3.84351012 164365872662194618368.00000000
 31004.65105118    322.53225439      3.84408868 162611561450061496320.00000000
 31009.31745936    322.48371842      3.84466725 160813144447044714496.00000000
 31013.98386755    322.43519706      3.84524581 158969663171787816960.00000000
 31018.65027574    322.38669030      3.84582437 157080555335704772608.00000000
 31023.31668393    322.33819813      3.84640293 155145643282588434432.00000000
 31027.98309212    322.28972055      3.84698149 153165120688331653120.00000000
 31032.64950031    322.24125755      3.84756005 151139537676240781312.00000000
 31037.31590849    322.19280912      3.84813861 149069784507293138944.00000000
 31041.98231668    322.14437525      3.84871717 146957074006941007872.00000000
 31046.64872487    322.09595595      3.84929574 144802922890932764672.00000000
 31051.31513306    322.04755120      3.84987430 142609132152000118784.00000000
 31055.98154125    321.99916099      3.85045286 140377766667360092160.00000000
 31060.64794944    321.95078532      3.85103142 138111134183850770432.00000000
 31065.31435762    321.90242419      3.85160998 135811763833282281472.00000000
 31069.98076581    321.85407759      3.85218854 133482384325364940800.00000000
 31074.64717400    321.80574550      3.85276710 131125901959487684608.00000000
 31079.31358219    321.75742793      3.85334566 128745378589800087552.00000000
 31083.97999038    321.70912486      3.85392422 126344009670621085696.00000000
 31088.64639857    321.66083630      3.85450279 123925102501292654592.00000000
 31093.31280675    321.61256223      3.85508135 121492054781328621568.00000000
 31097.97921494    321.56430265      3.85565991 119048333578215260160.00000000
 31102.64562313    321.51605755      3.85623847 116597454801578688512.00000000
 31107.31203132    321.46782692      3.85681703 114142963268833083392.00000000
 31111.97843951    321.41961076      3.85739559 111688413438786158592.00000000
 31116.64484770    321.37140906      3.85797415 109237350881336393728.00000000
 31121.31125588    321.32322182      3.85855271 106793294543181430784.00000000
 31125.97766407    321.27504903      3.85913128 104359719861591965696.00000000
 31130.64407226    321.22689067      3.85970984 101940042770770214912.00000000
 31135.31048045    321.17874676      3.86028840 99537604638169907200.00000000
 31139.97688864    321.13061727      3.86086696 97155658161423826944.00000000
 31144.64329683    321.08250220      3.86144552 94797354250229760000.00000000
 31149.30970501    321.03440155      3.86202408 92465729911690199040.00000000
 31153.97611320    320.98631532      3.86260264 90163697152183549952.00000000
 31158.64252139    320.93824348      3.86318120 87894032903859781632.00000000
 31163.30892958    320.89018604      3.86375976 85659369979276263424.00000000
 31167.97533777    320.84214299      3.86433833 83462189053505961984.00000000
 31172.64174596    320.79411432      3.86491689 81304811669214183424.00000000
 31177.30815414    320.74610003      3.86549545 79189394256738795520.00000000
 31181.97456233    320.69810012      3.86607401 77117923157950971904.00000000
 31186.64097052    320.65011456      3.86665257 75092210639792160768.00000000
 31191.30737871    320.60214337      3.86723113 73113891880632868864.00000000
 31195.97378690    320.55418652      3.86780969 71184422910086062080.00000000
 31200.64019509    320.50624402      3.86838825 69305079480538890240.00000000
 31205.30660327    320.45831586      3.86896681 67476956846426284032.00000000
 31209.97301146    320.41040203      3.86954538 65700970425132269568.00000000
 31214.63941965    320.36250253      3.87012394 63977857311342452736.00000000
 31219.30582784    320.31461734      3.87070250 62308178614670876672.00000000
 31223.97223603    320.26674647      3.87128106 60692322588427960320.00000000
 31228.63864422    320.21888991      3.87185962 59130508515477692416.00000000
 31233.30505240    320.17104764      3.87243818 57622791315245465600.00000000
 31237.97146059    320.12321967      3.87301674 56169066834084806656.00000000
 31242.63786878    320.07540599      3.87359530 54769077779386449920.00000000
 31247.30427697    320.02760659      3.87417387 53422420256067190784.00000000
 31251.97068516    319.97982146      3.87475243 52128550862322286592.00000000
 31256.63709335    319.93205060      3.87533099 50886794299927887872.00000000
 31261.30350153    319.88429400      3.87590955 49696351452808134656.00000000
 31265.96990972    319.83655165      3.87648811 48556307886154014720.00000000
 31270.63631791    319.78882356      3.87706667 47465642717076070400.00000000
 31275.30272610    319.74110970      3.87764523 46423237806624301056.00000000
 31279.96913429    319.69341009      3.87822379 45427887222031507456.00000000
 31284.63554248    319.64572470      3.87880235 44478306917260320768.00000000
 31289.30195066    319.59805354      3.87938092 43573144579367206912.00000000
 31293.96835885    319.55039659      3.87995948 42710989587867074560.00000000
 31298.63476704    319.50275386      3.88053804 41890383034198024192.00000000
 31303.30117523    319.45512532      3.88111660 41109827748561846272.00000000
 31307.96758342    319.40751099      3.88169516 40367798281863987200.00000000
 31312.63399161    319.35991085      3.88227372 39662750791194091520.00000000
 31317.30039979    319.31232489      3.88285228 38993132778302480384.00000000
 31321.96680798    319.26475311      3.88343084 38357392631786930176.00000000
 31326.63321617    319.21719551      3.88400940 37753988925278593024.00000000
 31331.29962436    319.16965207      3.88458797 37181399425724112896.00000000
 31335.96603255    319.12212279      3.88516653 36638129767942561792.00000000
 31340.63244074    319.07460766      3.88574509 36122721753954328576.00000000
 31345.29884892    319.02710669      3.88632365 35633761238126342144.00000000
 31349.96525711    318.97961985      3.88690221 35169885561932673024.00000000
 31354.63166530    318.93214715      3.88748077 34729790505072455680.00000000
 31359.29807349    318.88468857      3.88805933 34312236722796875776.00000000
 31363.96448168    318.83724412      3.88863789 33916055642550067200.00000000
 31368.63088987    318.78981378      3.88921646 33540154796402036736.00000000
 31373.29729805    318.74239756      3.88979502 33183522569222078464.00000000
 31377.96370624    318.69499543      3.89037358 32845232346084900864.00000000
 31382.63011443    318.64760740      3.89095214 32524446045993046016.00000000
 31387.29652262    318.60023347      3.89153070 32220417032627544064.00000000
 31391.96293081    318.55287361      3.89210926 31932492396458188800.00000000
 31396.62933900    318.50552784      3.89268782 31660114606172221440.00000000
 31401.29574718    318.45819614      3.89326638 31402822530961592320.00000000
 31405.96215537    318.41087850      3.89384494 31160251838751391744.00000000
 31410.62856356    318.36357492      3.89442351 30932134778931761152.00000000
 31415.29497175    318.31628540      3.89500207 30718299361560653824.00000000
 31419.96137994    318.26900992      3.89558063 30518667948323897344.00000000
 31424.62778813    318.22174848      3.89615919 30333255273762795520.00000000
 31429.29419631    318.17450107      3.89673775 30162165918397427712.00000000
 31433.96060450    318.12726770      3.89731631 30005591258380533760.00000000
 31438.62701269    318.08004834      3.89789487 29863805919201497088.00000000
 31443.29342088    318.03284300      3.89847343 29737163763720212480.00000000
 31447.95982907    317.98565167      3.89905200 29626093447438712832.00000000
 31452.62623726    317.93847434      3.89963056 29531093576399851520.00000000
 31457.29264544    317.89131101      3.90020912 29452727505451065344.00000000
 31461.95905363    317.84416167      3.90078768 29391617816788566016.00000000
 31466.62546182    317.79702632      3.90136624 29348440520725065728.00000000
 31471.29187001    317.74990494      3.90194480 29323919022471499776.00000000
 31475.95827820    317.70279753      3.90252336 29318817900387307520.00000000
 31480.62468638    317.65570409      3.90310192 29333936542621376512.00000000
 31485.29109457    317.60862461      3.90368048 29370102690320445440.00000000
 31489.95750276    317.56155908      3.90425905 29428165936608370688.00000000
 31494.62391095    317.51450750      3.90483761 29508991231321788416.00000000
 31499.29031914    317.46746986      3.90541617 29613452442004549632.00000000
 31503.95672733    317.42044615      3.90599473 29742426021897560064.00000000
 31508.62313551    317.37343638      3.90657329 29896784835589230592.00000000
 31513.28954370    317.32644052      3.90715185 30077392192597557248.00000000
 31517.95595189    317.27945858      3.90773041 30285096138408337408.00000000
 31522.62236008    317.23249055      3.90830897 30520724051394850816.00000000
 31527.28876827    317.18553643      3.90888753 30785077592537903104.00000000
 31531.95517646    317.13859620      3.90946610 31078928052981583872.00000000
 31536.62158464    317.09166986      3.91004466 31403012142137622528.00000000
 31541.28799283    317.04475741      3.91062322 31758028256310190080.00000000
 31545.95440102    316.99785883      3.91120178 32144633264631255040.00000000
 31550.62080921    316.95097413      3.91178034 32563439845470855168.00000000
 31555.28721740    316.90410330      3.91235890 33015014402421350400.00000000
 31559.95362559    316.85724633      3.91293746 33499875584451997696.00000000
 31564.62003377    316.81040321      3.91351602 34018493429905264640.00000000
 31569.28644196    316.76357394      3.91409459 34571289148674809856.00000000
 31573.95285015    316.71675851      3.91467315 35158635551194177536.00000000
 31578.61925834    316.66995692      3.91525171 35780858126805262336.00000000
 31583.28566653    316.62316915      3.91583027 36438236767710322688.00000000
 31587.95207472    316.57639521      3.91640883 37131008128064937984.00000000
 31592.61848290    316.52963509      3.91698739 37859368600958844928.00000000
 31597.28489109    316.48288878      3.91756595 38623477888992149504.00000000
 31601.95129928    316.43615628      3.91814451 39423463137125318656.00000000
 31606.61770747    316.38943757      3.91872307 40259423589358649344.00000000
 31611.28411566    316.34273266      3.91930164 41131435723789254656.00000000
 31615.95052385    316.29604153      3.91988020 42039558813711982592.00000000
 31620.61693203    316.24936419      3.92045876 42983840855786209280.00000000
 31625.28334022    316.20270062      3.92103732 43964324799965732864.00000000
 31629.94974841    316.15605082      3.92161588 44981055009971798016.00000000
 31634.61615660    316.10941478      3.92219444 46034083877671895040.00000000
 31639.28256479    316.06279250      3.92277300 47123478509894082560.00000000
 31643.94897298    316.01618396      3.92335156 48249327402047438848.00000000
 31648.61538116    315.96958918      3.92393013 49411747009511669760.00000000
 31653.28178935    315.92300813      3.92450869 50610888125191520256.00000000
 31657.94819754    315.87644081      3.92508725 51846941969930059776.00000000
 31662.61460573    315.82988722      3.92566581 53120145901822197760.00000000
 31667.28101392    315.78334735      3.92624437 54430788650689495040.00000000
 31671.94742211    315.73682119      3.92682293 55779214985427181568.00000000
 31676.61383029    315.69030874      3.92740149 57165829724327215104.00000000
 31681.28023848    315.64381000      3.92798005 58591101002071302144.00000000
 31685.94664667    315.59732494      3.92855861 60055562711756218368.00000000
 31690.61305486    315.55085358      3.92913718 61559816046095122432.00000000
 31695.27946305    315.50439590      3.92971574 63104530068800372736.00000000
 31699.94587124    315.45795190      3.93029430 64690441255061479424.00000000
 31704.61227942    315.41152158      3.93087286 66318351948927516672.00000000
 31709.27868761    315.36510491      3.93145142 67989127695223128064.00000000
 31713.94509580    315.31870191      3.93202998 69703693414292013056.00000000
 31718.61150399    315.27231256      3.93260854 71463028399263268864.00000000
 31723.27791218    315.22593686      3.93318710 73268160127595208704.00000000
 31727.94432037    315.17957479      3.93376566 75120156891168784384.00000000
 31732.61072855    315.13322637      3.93434423 77020119262237229056.00000000
 31737.27713674    315.08689157      3.93492279 78969170425599590400.00000000
 31741.94354493    315.04057040      3.93550135 80968445420782075904.00000000
 31746.60995312    314.99426284      3.93607991 83019079351148544000.00000000
 31751.27636131    314.94796890      3.93665847 85122194629918031872.00000000
 31755.94276950    314.90168856      3.93723703 87278887345692819456.00000000
 31760.60917768    314.85542182      3.93781559 89490212842208509952.00000000
 31765.27558587    314.80916868      3.93839415 91757170618430160896.00000000
 31769.94199406    314.76292912      3.93897272 94080688665691439104.00000000
 31774.60840225    314.71670314      3.93955128 96461607368156659712.00000000
 31779.27481044    314.67049074      3.94012984 98900663101346136064.00000000
 31783.94121863    314.62429191      3.94070840 101398471670679666688.00000000
 31788.60762681    314.57810664      3.94128696 103955511737839992832.00000000
 31793.27403500    314.53193493      3.94186552 106572108387173679104.00000000
 31797.94044319    314.48577677      3.94244408 109248416987146174464.00000000
 31802.60685138    314.43963216      3.94302264 111984407503258075136.00000000
 31807.27325957    314.39350108      3.94360120 114779849418264461312.00000000
 31811.93966776    314.34738354      3.94417977 117634297413680398336.00000000
 31816.60607594    314.30127953      3.94475833 120547077962721001472.00000000
 31821.27248413    314.25518904      3.94533689 123517276979523616768.00000000
 31825.93889232    314.20911207      3.94591545 126543728662526558208.00000000
 31830.60530051    314.16304860      3.94649401 129625005661373202432.00000000
 31835.27170870    314.11699864      3.94707257 132759410686741250048.00000000
 31839.93811689    314.07096218      3.94765113 135944969671168770048.00000000
 31844.60452507    314.02493921      3.94822969 139179426576376840192.00000000
 31849.27093326    313.97892972      3.94880826 142460239928908349440.00000000
 31853.93734145    313.93293372      3.94938682 145784581151274582016.00000000
 31858.60374964    313.88695119      3.94996538 149149334740370784256.00000000
 31863.27015783    313.84098212      3.95054394 152551100328911372288.00000000
 31867.93656602    313.79502652      3.95112250 155986196649080881152.00000000
 31872.60297420    313.74908438      3.95170106 159450667401057501184.00000000
 31877.26938239    313.70315569      3.95227962 162940289012058554368.00000000
 31881.93579058    313.65724044      3.95285818 166450580255176491008.00000000
 31886.60219877    313.61133863      3.95343674 169976813680823566336.00000000
 31891.26860696    313.56545026      3.95401531 173514028797907238912.00000000
 31895.93501515    313.51957531      3.95459387 177057046926769520640.00000000
 31900.60142333    313.47371378      3.95517243 180600487631714189312.00000000
 31905.26783152    313.42786567      3.95575099 184138786627766026240.00000000
 31909.93423971    313.38203097      3.95632955 187666215044273897472.00000000
 31914.60064790    313.33620967      3.95690811 191176899917232570368.00000000
 31919.26705609    313.29040176      3.95748667 194664845772846891008.00000000
 31923.93346428    313.24460725      3.95806523 198123957156985307136.00000000
 31928.59987246    313.19882613      3.95864379 201548061958839762944.00000000
 31933.26628065    313.15305838      3.95922236 204930935372376309760.00000000
 31937.93268884    313.10730401      3.95980092 208266324335946563584.00000000
 31942.59909703    313.06156301      3.96037948 211547972289061781504.00000000
 31947.26550522    313.01583537      3.96095804 214769644085135704064.00000000
 31951.93191340    312.97012109      3.96153660 217925150900842070016.00000000
 31956.59832159    312.92442016      3.96211516 221008374985623633920.00000000
 31961.26472978    312.87873257      3.96269372 224013294099444727808.00000000
 31965.93113797    312.83305832      3.96327228 226934005492612464640.00000000
 31970.59754616    312.78739741      3.96385085 229764749288455929856.00000000
 31975.26395435    312.74174982      3.96442941 232499931137653243904.00000000
 31979.93036253    312.69611555      3.96500797 235134144021935489024.00000000
 31984.59677072    312.65049460      3.96558653 237662189094604177408.00000000
 31989.26317891    312.60488696      3.96616509 240079095455638749184.00000000
 31993.92958710    312.55929262      3.96674365 242380138769975443456.00000000
 31998.59599529    312.51371159      3.96732221 244560858648679186432.00000000
 32003.26240348    312.46814384      3.96790077 246617074724022124544.00000000
 32007.92881166    312.42258938      3.96847933 248544901360776642560.00000000
 32012.59521985    312.37704820      3.96905790 250340760957313384448.00000000
 32017.26162804    312.33152030      3.96963646 252001395800905121792.00000000
 32021.92803623    312.28600566      3.97021502 253523878452362575872.00000000
 32026.59444442    312.24050429      3.97079358 254905620645123620864.00000000
 32031.26085261    312.19501618      3.97137214 256144380693501935616.00000000
 32035.92726079    312.14954131      3.97195070 257238269413659213824.00000000
 32040.59366898    312.10407970      3.97252926 258185754569058091008.00000000
 32045.26007717    312.05863132      3.97310782 258985663859550486528.00000000
 32049.92648536    312.01319618      3.97368638 259637186479911370752.00000000
 32054.59289355    311.96777427      3.97426495 260139873279450873856.00000000
 32059.25930174    311.92236558      3.97484351 260493635559400833024.00000000
 32063.92570992    311.87697010      3.97542207 260698742549034663936.00000000
 32068.59211811    311.83158784      3.97600063 260755817605025595392.00000000
 32073.25852630    311.78621878      3.97657919 260665833181377429504.00000000
 32077.92493449    311.74086293      3.97715775 260430104619473993728.00000000
 32082.59134268    311.69552026      3.97773631 260050282809411469312.00000000
 32087.25775087    311.65019079      3.97831487 259528345774906408960.00000000
 32091.92415905    311.60487450      3.97889344 258866589234776506368.00000000
 32096.59056724    311.55957138      3.97947200 258067616194346549248.00000000
 32101.25697543    311.51428144      3.98005056 257134325620228947968.00000000
 32105.92338362    311.46900466      3.98062912 256069900251851751424.00000000
 32110.58979181    311.42374104      3.98120768 254877793602912157696.00000000
 32115.25620000    311.37849058      3.98178624 253561716205734232064.00000000
 32119.92260818    311.33325326      3.98236480 252125621151315230720.00000000
 32124.58901637    311.28802908      3.98294336 250573688977783717888.00000000
 32129.25542456    311.24281804      3.98352192 248910311960042700800.00000000
 32133.92183275    311.19762014      3.98410049 247140077853635608576.00000000
 32138.58824094    311.15243535      3.98467905 245267753146324844544.00000000
 32143.25464913    311.10726369      3.98525761 243298265871566536704.00000000
 32147.92105731    311.06210514      3.98583617 241236688039014137856.00000000
 32152.58746550    311.01695970      3.98641473 239088217738294591488.00000000
 32157.25387369    310.97182736      3.98699329 236858160973705576448.00000000
 32161.92028188    310.92670812      3.98757185 234551913289000419328.00000000
 32166.58669007    310.88160197      3.98815041 232174941243114946560.00000000
 32171.25309826    310.83650890      3.98872898 229732763799465852928.00000000
 32175.91950644    310.79142891      3.98930754 227230933693261709312.00000000
 32180.58591463    310.74636200      3.98988610 224675018843048738816.00000000
 32185.25232282    310.70130816      3.99046466 222070583874417983488.00000000
 32189.91873101    310.65626737      3.99104322 219423171825325539328.00000000
 32194.58513920    310.61123965      3.99162178 216738286103794155520.00000000
 32199.25154739    310.56622497      3.99220034 214021372769758642176.00000000
 32203.91795557    310.52122334      3.99277890 211277803213471318016.00000000
 32208.58436376    310.47623475      3.99335746 208512857303083909120.00000000
 32213.25077195    310.43125920      3.99393603 205731707073739358208.00000000
 32217.91718014    310.38629667      3.99451459 202939401029735579648.00000000
 32222.58358833    310.34134717      3.99509315 200140849129858891776.00000000
 32227.24999652    310.29641068      3.99567171 197340808524053118976.00000000
 32231.91640470    310.25148720      3.99625027 194543870106909868032.00000000
 32236.58281289    310.20657673      3.99682883 191754445950204116992.00000000
 32241.24922108    310.16167926      3.99740739 188976757672763457536.00000000
 32245.91562927    310.11679479      3.99798595 186214825801412902912.00000000
 32250.58203746    310.07192330      3.99856451 183472460171564285952.00000000
 32255.24844565    310.02706480      3.99914308 180753251410292310016.00000000
 32259.91485383    309.98221927      3.99972164 178060563538469257216.00000000
 32264.58126202    309.93738672      4.00030020 175397527721806266368.00000000
 32269.24767021    309.89256713      4.00087876 172767037193505931264.00000000
 32273.91407840    309.84776051      4.00145732 170171743363773464576.00000000
 32278.58048659    309.80296684      4.00203588 167614053123712122880.00000000
 32283.24689478    309.75818611      4.00261444 165096127343240118272.00000000
 32287.91330296    309.71341834      4.00319300 162619880554747691008.00000000
 32292.57971115    309.66866350      4.00377157 160186981806212546560.00000000
 32297.24611934    309.62392159      4.00435013 157798856659724140544.00000000
 32301.91252753    309.57919261      4.00492869 155456690303712657408.00000000
 32306.57893572    309.53447655      4.00550725 153161431739840364544.00000000
 32311.24534391    309.48977341      4.00608581 150913798998566010880.00000000
 32315.91175209    309.44508317      4.00666437 148714285330881478656.00000000
 32320.57816028    309.40040585      4.00724293 146563166317743882240.00000000
 32325.24456847    309.35574142      4.00782149 144460507833348931584.00000000
 32329.91097666    309.31108988      4.00840005 142406174793654337536.00000000
 32334.57738485    309.26645124      4.00897862 140399840617527885824.00000000
 32339.24379304    309.22182547      4.00955718 138440997324590432256.00000000
 32343.91020122    309.17721258      4.01013574 136528966191276589056.00000000
 32348.57660941    309.13261256      4.01071430 134662908884858961920.00000000
 32353.24301760    309.08802541      4.01129286 132841838994171428864.00000000
 32357.90942579    309.04345112      4.01187142 131064633875561234432.00000000
 32362.57583398    308.99888968      4.01244998 129330046733056196608.00000000
 32367.24224217    308.95434110      4.01302854 127636718853019320320.00000000
 32371.90865035    308.90980535      4.01360711 125983191915439013888.00000000
 32376.57505854    308.86528244      4.01418567 124367920306561925120.00000000
 32381.24146673    308.82077237      4.01476423 122789283360700006400.00000000
 32385.90787492    308.77627512      4.01534279 121245597462694625280.00000000
 32390.57428311    308.73179069      4.01592135 119735127946619060224.00000000
 32395.24069130    308.68731908      4.01649991 118256100730802241536.00000000
 32399.90709948    308.64286028      4.01707847 116806713634055061504.00000000
 32404.57350767    308.59841428      4.01765703 115385147323038449664.00000000
 32409.23991586    308.55398109      4.01823559 113989575845928288256.00000000
 32413.90632405    308.50956068      4.01881416 112618176712853471232.00000000
 32418.57273224    308.46515307      4.01939272 111269140488930312192.00000000
 32423.23914042    308.42075823      4.01997128 109940679871017074688.00000000
 32427.90554861    308.37637617      4.02054984 108631038224548478976.00000000
 32432.57195680    308.33200689      4.02112840 107338497561821036544.00000000
 32437.23836499    308.28765037      4.02170696 106061385947989606400.00000000
 32441.90477318    308.24330661      4.02228552 104798084325604851712.00000000
 32446.57118137    308.19897561      4.02286408 103547032752840785920.00000000
 32451.23758955    308.15465735      4.02344264 102306736054547202048.00000000
 32455.90399774    308.11035184      4.02402121 101075768888910168064.00000000
 32460.57040593    308.06605907      4.02459977 99852780235801624576.00000000
 32465.23681412    308.02177903      4.02517833 98636497315820371968.00000000
 32469.90322231    307.97751171      4.02575689 97425728951594811392.00000000
 32474.56963050    307.93325712      4.02633545 96219368385117192192.00000000
 32479.23603868    307.88901525      4.02691401 95016395566732574720.00000000
 32483.90244687    307.84478609      4.02749257 93815878932927545344.00000000
 32488.56885506    307.80056963      4.02807113 92616976691269402624.00000000
 32493.23526325    307.75636587      4.02864970 91418937631765315584.00000000
 32497.90167144    307.71217481      4.02922826 90221101484593217536.00000000
 32502.56807963    307.66799643      4.02980682 89022898844557721600.00000000
 32507.23448781    307.62383074      4.03038538 87823850682898579456.00000000
 32511.90089600    307.57967773      4.03096394 86623567467135483904.00000000
 32516.56730419    307.53553739      4.03154250 85421747909585158144.00000000
 32521.23371238    307.49140972      4.03212106 84218177365033140224.00000000
 32525.90012057    307.44729471      4.03269962 83012725897821290496.00000000
 32530.56652876    307.40319235      4.03327818 81805346038347251712.00000000
 32535.23293694    307.35910265      4.03385675 80596070248698609664.00000000
 32539.89934513    307.31502559      4.03443531 79385008116867596288.00000000
 32544.56575332    307.27096117      4.03501387 78172343298753003520.00000000
 32549.23216151    307.22690939      4.03559243 76958330226948210688.00000000
 32553.89856970    307.18287024      4.03617099 75743290605156810752.00000000
 32558.56497789    307.13884370      4.03674955 74527609707012292608.00000000
 32563.23138607    307.09482979      4.03732811 73311732497985626112.00000000
 32567.89779426    307.05082849      4.03790667 72096159599195521024.00000000
 32572.56420245    307.00683980      4.03848524 70881443111911342080.00000000
 32577.23061064    306.96286371      4.03906380 69668182321799356416.00000000
 32581.89701883    306.91890022      4.03964236 68457019302051373056.00000000
 32586.56342702    306.87494931      4.04022092 67248634434815639552.00000000
 32591.22983520    306.83101100      4.04079948 66043741870548672512.00000000
 32595.89624339    306.78708526      4.04137804 64843084945149599744.00000000
 32600.56265158    306.74317210      4.04195660 63647431574946111488.00000000
 32605.22905977    306.69927151      4.04253516 62457569649781784576.00000000
 32609.89546796    306.65538348      4.04311372 61274302444578258944.00000000
 32614.56187615    306.61150801      4.04369229 60098444069801779200.00000000
 32619.22828433    306.56764510      4.04427085 58930814981234475008.00000000
 32623.89469252    306.52379473      4.04484941 57772237569311367168.00000000
 32628.56110071    306.47995690      4.04542797 56623531848069922816.00000000
 32633.22750890    306.43613162      4.04600653 55485511263329329152.00000000
 32637.89391709    306.39231886      4.04658509 54358978639300018176.00000000
 32642.56032528    306.34851863      4.04716365 53244722282102530048.00000000
 32647.22673346    306.30473092      4.04774221 52143512257946296320.00000000
 32651.89314165    306.26095573      4.04832077 51056096862769496064.00000000
 32656.55954984    306.21719305      4.04889934 49983199299081838592.00000000
 32661.22595803    306.17344287      4.04947790 48925514574548893696.00000000
 32665.89236622    306.12970519      4.05005646 47883706635525849088.00000000
 32670.55877441    306.08598001      4.05063502 46858405747302621184.00000000
 32675.22518259    306.04226732      4.05121358 45850206131263782912.00000000
 32679.89159078    305.99856711      4.05179214 44859663867524431872.00000000
 32684.55799897    305.95487937      4.05237070 43887295069877665792.00000000
 32689.22440716    305.91120412      4.05294926 42933574338110832640.00000000
 32693.89081535    305.86754132      4.05352783 41998933490918752256.00000000
 32698.55722354    305.82389099      4.05410639 41083760580821336064.00000000
 32703.22363172    305.78025312      4.05468495 40188399190599213056.00000000
 32707.89003991    305.73662770      4.05526351 39313148008999763968.00000000
 32712.55644810    305.69301473      4.05584207 38458260681604022272.00000000
 32717.22285629    305.64941419      4.05642063 37623945931051040768.00000000
 32721.88926448    305.60582609      4.05699919 36810367939123294208.00000000
 32726.55567267    305.56225043      4.05757775 36017646981618139136.00000000
 32731.22208085    305.51868718      4.05815631 35245860305443930112.00000000
 32735.88848904    305.47513636      4.05873488 34495043236006948864.00000000
 32740.55489723    305.43159795      4.05931344 33765190501703909376.00000000
 32745.22130542    305.38807195      4.05989200 33056257761216864256.00000000
 32749.88771361    305.34455835      4.06047056 32368163318325231616.00000000
 32754.55412180    305.30105715      4.06104912 31700790008110563328.00000000
 32759.22052998    305.25756835      4.06162768 31053987237736087552.00000000
 32763.88693817    305.21409193      4.06220624 30427573164429205504.00000000
 32768.55334636    305.17062790      4.06278480 29821336992903950336.00000000
 32773.21975455    305.12717624      4.06336336 29235041374164385792.00000000
 32777.88616274    305.08373695      4.06394193 28668424887548923904.00000000
 32782.55257093    305.04031004      4.06452049 28121204587819958272.00000000
 32787.21897911    304.99689548      4.06509905 27593078599286968320.00000000
 32791.88538730    304.95349328      4.06567761 27083728739133898752.00000000
 32796.55179549    304.91010343      4.06625617 26592823152518184960.00000000
 32801.21820368    304.86672592      4.06683473 26120018942419697664.00000000
 32805.88461187    304.82336076      4.06741329 25664964777759375360.00000000
 32810.55102006    304.78000793      4.06799185 25227303463921827840.00000000
 32815.21742824    304.73666743      4.06857042 24806674460497412096.00000000
 32819.88383643    304.69333925      4.06914898 24402716331793178624.00000000
 32824.55024462    304.65002340      4.06972754 24015069116453842944.00000000
 32829.21665281    304.60671985      4.07030610 23643376603393331200.00000000
 32833.88306100    304.56342862      4.07088466 23287288502079168512.00000000
 32838.54946919    304.52014969      4.07146322 22946462496158953472.00000000
 32843.21587737    304.47688306      4.07204178 22620566170314797056.00000000
 32847.88228556    304.43362872      4.07262034 22309278801224654848.00000000
 32852.54869375    304.39038667      4.07319890 22012293004450365440.00000000
 32857.21510194    304.34715690      4.07377747 21729316230096302080.00000000
 32861.88151013    304.30393941      4.07435603 21460072101055840256.00000000
 32866.54791832    304.26073419      4.07493459 21204301588706582528.00000000
 32871.21432650    304.21754124      4.07551315 20961764021925609472.00000000
 32875.88073469    304.17436055      4.07609171 20732237926338170880.00000000
 32880.54714288    304.13119212      4.07667027 20515521691763998720.00000000
 32885.21355107    304.08803593      4.07724883 20311434066880598016.00000000
 32889.87995926    304.04489200      4.07782739 20119814481185947648.00000000
 32894.54636744    304.00176030      4.07840596 19940523195412754432.00000000
 32899.21277563    303.95864084      4.07898452 19773441282635472896.00000000
 32903.87918382    303.91553361      4.07956308 19618470443375943680.00000000
 32908.54559201    303.87243861      4.08014164 19475532659114463232.00000000
 32913.21200020    303.82935582      4.08072020 19344569689674633216.00000000
 32917.87840839    303.78628525      4.08129876 19225542421039550464.00000000
 32922.54481657    303.74322689      4.08187732 19118430071200440320.00000000
 32927.21122476    303.70018073      4.08245588 19023229262692261888.00000000
 32931.87763295    303.65714678      4.08303444 18939952971471245312.00000000
 32936.54404114    303.61412501      4.08361301 18868629362775502848.00000000
 32941.21044933    303.57111544      4.08419157 18809300525535596544.00000000
 32945.87685752    303.52811805      4.08477013 18762021117779742720.00000000
 32950.54326570    303.48513284      4.08534869 18726856936289718272.00000000
 32955.20967389    303.44215980      4.08592725 18703883424494653440.00000000
 32959.87608208    303.39919893      4.08650581 18693184133233356800.00000000
 32964.54249027    303.35625022      4.08708437 18694849149558112256.00000000
 32969.20889846    303.31331367      4.08766293 18708973509182922752.00000000
 32973.87530665    303.27038927      4.08824149 18735655608483799040.00000000
 32978.54171483    303.22747702      4.08882006 18774995632129761280.00000000
 32983.20812302    303.18457691      4.08939862 18827094012450168832.00000000
 32987.87453121    303.14168894      4.08997718 18892049936514666496.00000000
 32992.54093940    303.09881310      4.09055574 18969959916618403840.00000000
 32997.20734759    303.05594939      4.09113430 19060916439405199360.00000000
 33001.87375578    303.01309780      4.09171286 19165006708244725760.00000000
 33006.54016396    302.97025833      4.09229142 19282311492676190208.00000000
 33011.20657215    302.92743097      4.09286998 19412904097767825408.00000000
 33015.87298034    302.88461571      4.09344855 19556849465104101376.00000000
 33020.53938853    302.84181256      4.09402711 19714203415811272704.00000000
 33025.20579672    302.79902150      4.09460567 19885012044574240768.00000000
 33029.87220491    302.75624253      4.09518423 20069311271997349888.00000000
 33034.53861309    302.71347565      4.09576279 20267126560928792576.00000000
 33039.20502128    302.67072085      4.09634135 20478472800505741312.00000000
 33043.87142947    302.62797812      4.09691991 20703354359739723776.00000000
 33048.53783766    302.58524747      4.09749847 20941765310409588736.00000000
 33053.20424585    302.54252888      4.09807703 21193689816958296064.00000000
 33057.87065404    302.49982235      4.09865560 21459102688941109248.00000000
 33062.53706222    302.45712787      4.09923416 21737970089459863552.00000000
 33067.20347041    302.41444545      4.09981272 22030250390873640960.00000000
 33071.86987860    302.37177507      4.10039128 22335895167025537024.00000000
 33076.53628679    302.32911673      4.10096984 22654850309197070336.00000000
 33081.20269498    302.28647042      4.10154840 22987057251110707200.00000000
 33085.86910317    302.24383615      4.10212696 23332454286518812672.00000000
 33090.53551135    302.20121390      4.10270552 23690977961286500352.00000000
 33095.20191954    302.15860366      4.10328409 24062564520425820160.00000000
 33099.86832773    302.11600545      4.10386265 24447151389296025600.00000000
 33104.53473592    302.07341924      4.10444121 24844678667164221440.00000000
 33109.20114411    302.03084504      4.10501977 25255090610520543232.00000000
 33113.86755230    301.98828283      4.10559833 25678337083051876352.00000000
 33118.53396048    301.94573262      4.10617689 26114374948892295168.00000000
 33123.20036867    301.90319440      4.10675545 26563169385843245056.00000000
 33127.86677686    301.86066816      4.10733401 27024695095540088832.00000000
 33132.53318505    301.81815390      4.10791257 27498937388202582016.00000000
 33137.19959324    301.77565162      4.10849114 27985893120472469504.00000000
 33141.86600143    301.73316130      4.10906970 28485571466083143680.00000000
 33146.53240961    301.69068295      4.10964826 28997994500542853120.00000000
 33151.19881780    301.64821655      4.11022682 29523197582776446976.00000000
 33155.86522599    301.60576211      4.11080538 30061229518658625536.00000000
 33160.53163418    301.56331962      4.11138394 30612152493581037568.00000000
 33165.19804237    301.52088907      4.11196250 31176041763617468416.00000000
 33169.86445056    301.47847046      4.11254106 31752985097457356800.00000000
 33174.53085874    301.43606379      4.11311962 32343081964030697472.00000000
 33179.19726693    301.39366904      4.11369819 32946442463578345472.00000000
 33183.86367512    301.35128621      4.11427675 33563186002912223232.00000000
 33188.53008331    301.30891531      4.11485531 34193439718542446592.00000000
 33193.19649150    301.26655631      4.11543387 34837336654398570496.00000000
 33197.86289969    301.22420923      4.11601243 35495013703780110336.00000000
 33202.52930787    301.18187405      4.11659099 36166609328126398464.00000000
 33207.19571606    301.13955076      4.11716955 36852261067927568384.00000000
 33211.86212425    301.09723937      4.11774811 37552102863812157440.00000000
 33216.52853244    301.05493987      4.11832668 38266262208264372224.00000000
 33221.19494063    301.01265225      4.11890524 38994857150731190272.00000000
 33225.86134882    300.97037651      4.11948380 39737993180900311040.00000000
 33230.52775700    300.92811264      4.12006236 40495760016690372608.00000000
 33235.19416519    300.88586064      4.12064092 41268228324971634688.00000000
 33239.86057338    300.84362051      4.12121948 42055446404215136256.00000000
 33244.52698157    300.80139223      4.12179804 42857436859127693312.00000000
 33249.19338976    300.75917580      4.12237660 43674193297801641984.00000000
 33253.85979795    300.71697123      4.12295516 44505677082150871040.00000000
 33258.52620613    300.67477849      4.12353373 45351814162160328704.00000000
 33263.19261432    300.63259760      4.12411229 46212492024049106944.00000000
 33267.85902251    300.59042853      4.12469085 47087556781527597056.00000000
 33272.52543070    300.54827130      4.12526941 47976810438252085248.00000000
 33277.19183889    300.50612589      4.12584797 48880008348033318912.00000000
 33281.85824708    300.46399230      4.12642653 49796856897691951104.00000000
 33286.52465526    300.42187052      4.12700509 50727011435372929024.00000000
 33291.19106345    300.37976055      4.12758365 51670074464936894464.00000000
 33295.85747164    300.33766238      4.12816222 52625594124599820288.00000000
 33300.52387983    300.29557601      4.12874078 53593062965366702080.00000000
 33305.19028802    300.25350144      4.12931934 54571917042063966208.00000000
 33309.85669621    300.21143865      4.12989790 55561535326939963392.00000000
 33314.52310439    300.16938765      4.13047646 56561239452912992256.00000000
 33319.18951258    300.12734842      4.13105502 57570293790564474880.00000000
 33323.85592077    300.08532097      4.13163358 58587905860146274304.00000000
 33328.52232896    300.04330529      4.13221214 59613227076909670400.00000000
 33333.18873715    300.00130137      4.13279070 60645353825386766336.00000000
 33337.85514534    299.95930921      4.13336927 61683328855487356928.00000000
 33342.52155352    299.91732881      4.13394783 62726142990867628032.00000000
 33347.18796171    299.87536015      4.13452639 63772737137581195264.00000000
 33351.85436990    299.83340324      4.13510495 64822004578986827776.00000000
 33356.52077809    299.79145806      4.13568351 65872793540874928128.00000000
 33361.18718628    299.74952462      4.13626207 66923910009152446464.00000000
 33365.85359447    299.70760291      4.13684063 67974120780972269568.00000000
 33370.52000265    299.66569293      4.13741919 69022156729011372032.00000000
 33375.18641084    299.62379466      4.13799775 70066716257675804672.00000000
 33379.85281903    299.58190811      4.13857632 71106468929373552640.00000000
 33384.51922722    299.54003327      4.13915488 72140059238600753152.00000000
 33389.18563541    299.49817013      4.13973344 73166110511382233088.00000000
 33393.85204359    299.45631869      4.14031200 74183228907772674048.00000000
 33398.51845178    299.41447895      4.14089056 75190007505331798016.00000000
 33403.18485997    299.37265090      4.14146912 76185030442085138432.00000000
 33407.85126816    299.33083453      4.14204768 77166877098068410368.00000000
 33412.51767635    299.28902984      4.14262624 78134126295488757760.00000000
 33417.18408454    299.24723683      4.14320481 79085360498406883328.00000000
 33421.85049272    299.20545549      4.14378337 80019169994017390592.00000000
 33426.51690091    299.16368581      4.14436193 80934157038668005376.00000000
 33431.18330910    299.12192780      4.14494049 81828939953020469248.00000000
 33435.84971729    299.08018144      4.14551905 82702157151969247232.00000000
 33440.51612548    299.03844673      4.14609761 83552471096152768512.00000000
 33445.18253367    298.99672367      4.14667617 84378572153096568832.00000000
 33449.84894185    298.95501224      4.14725473 85179182357193768960.00000000
 33454.51535004    298.91331246      4.14783329 85953059058831228928.00000000
 33459.18175823    298.87162431      4.14841186 86698998453930573824.00000000
 33463.84816642    298.82994778      4.14899042 87415838986158211072.00000000
 33468.51457461    298.78828287      4.14956898 88102464614787006464.00000000
 33473.18098280    298.74662958      4.15014754 88757807941957992448.00000000
 33477.84739098    298.70498790      4.15072610 89380853193593110528.00000000
 33482.51379917    298.66335783      4.15130466 89970639048735555584.00000000
 33487.18020736    298.62173937      4.15188322 90526261312365248512.00000000
 33491.84661555    298.58013250      4.15246178 91046875427036545024.00000000
 33496.51302374    298.53853722      4.15304034 91531698818759426048.00000000
 33501.17943193    298.49695353      4.15361891 91980013072628088832.00000000
 33505.84584011    298.45538142      4.15419747 92391165933664452608.00000000
 33510.51224830    298.41382089      4.15477603 92764573128254586880.00000000
 33515.17865649    298.37227193      4.15535459 93099720001438056448.00000000
 33519.84506468    298.33073455      4.15593315 93396162965174337536.00000000
 33524.51147287    298.28920872      4.15651171 93653530752577224704.00000000
 33529.17788106    298.24769446      4.15709027 93871525472972374016.00000000
 33533.84428924    298.20619174      4.15766883 94049923462585466880.00000000
 33538.51069743    298.16470058      4.15824740 94188575925630631936.00000000
 33543.17710562    298.12322096      4.15882596 94287409360650600448.00000000
 33547.84351381    298.08175288      4.15940452 94346425767103561728.00000000
 33552.50992200    298.04029634      4.15998308 94365702627474931712.00000000
 33557.17633019    297.99885132      4.16056164 94345392660556906496.00000000
 33561.84273837    297.95741783      4.16114020 94285723342075772928.00000000
 33566.50914656    297.91599586      4.16171876 94186996189474390016.00000000
 33571.17555475    297.87458541      4.16229732 94049585808455024640.00000000
 33575.84196294    297.83318646      4.16287588 93873938699798396928.00000000
 33580.50837113    297.79179902      4.16345445 93660571826029297664.00000000
 33585.17477932    297.75042309      4.16403301 93410070938670989312.00000000
 33589.84118750    297.70905865      4.16461157 93123088668123725824.00000000
 33594.50759569    297.66770570      4.16519013 92800342379575885824.00000000
 33599.17400388    297.62636423      4.16576869 92442611799848747008.00000000
 33603.84041207    297.58503425      4.16634725 92050736421589188608.00000000
 33608.50682026    297.54371575      4.16692581 91625612692829110272.00000000
 33613.17322845    297.50240871      4.16750437 91168191001505480704.00000000
 33617.83963663    297.46111315      4.16808294 90679472466172428288.00000000
 33622.50604482    297.41982905      4.16866150 90160505545673637888.00000000
 33627.17245301    297.37855640      4.16924006 89612382482112577536.00000000
 33631.83886120    297.33729521      4.16981862 89036235592867790848.00000000
 33636.50526939    297.29604547      4.17039718 88433233428796047360.00000000
 33641.17167758    297.25480717      4.17097574 87804576816978952192.00000000
 33645.83808576    297.21358031      4.17155430 87151494807454334976.00000000
 33650.50449395    297.17236488      4.17213286 86475240544348979200.00000000
 33655.17090214    297.13116089      4.17271142 85777087082528620544.00000000
 33659.83731033    297.08996831      4.17328999 85058323171515269120.00000000
 33664.50371852    297.04878716      4.17386855 84320249028722458624.00000000
 33669.17012671    297.00761742      4.17444711 83564172124285190144.00000000
 33673.83653489    296.96645910      4.17502567 82791402999638245376.00000000
 33678.50294308    296.92531218      4.17560423 82003251141799477248.00000000
 33683.16935127    296.88417666      4.17618279 81201020934757826560.00000000
 33687.83575946    296.84305253      4.17676135 80386007708758933504.00000000
 33692.50216765    296.80193980      4.17733991 79559493907313606656.00000000
 33697.16857584    296.76083845      4.17791847 78722745390766915584.00000000
 33701.83498402    296.71974849      4.17849704 77877007893941813248.00000000
 33706.50139221    296.67866990      4.17907560 77023503654047629312.00000000
 33711.16780040    296.63760268      4.17965416 76163428223466668032.00000000
 33715.83420859    296.59654684      4.18023272 75297947480387731456.00000000
 33720.50061678    296.55550235      4.18081128 74428194848563216384.00000000
 33725.16702497    296.51446923      4.18138984 73555268735589605376.00000000
 33729.83343315    296.47344745      4.18196840 72680230197345665024.00000000
 33734.49984134    296.43243703      4.18254696 71804100834268176384.00000000
 33739.16624953    296.39143795      4.18312553 70927860923367784448.00000000
 33743.83265772    296.35045021      4.18370409 70052447787965030400.00000000
 33748.49906591    296.30947381      4.18428265 69178754405425119232.00000000
 33753.16547410    296.26850873      4.18486121 68307628251367063552.00000000
 33757.83188228    296.22755498      4.18543977 67439870377282322432.00000000
 33762.49829047    296.18661255      4.18601833 66576234716891267072.00000000
 33767.16469866    296.14568144      4.18659689 65717427615249866752.00000000
 33771.83110685    296.10476164      4.18717545 64864107573269094400.00000000
 33776.49751504    296.06385314      4.18775401 64016885199260188672.00000000
 33781.16392323    296.02295595      4.18833258 63176323358096769024.00000000
 33785.83033141    295.98207005      4.18891114 62342937507764895744.00000000
 33790.49673960    295.94119545      4.18948970 61517196212453826560.00000000
 33795.16314779    295.90033214      4.19006826 60699521820754468864.00000000
 33799.82955598    295.85948010      4.19064682 59890291297257439232.00000000
 33804.49596417    295.81863935      4.19122538 59089837195542773760.00000000
 33809.16237236    295.77780987      4.19180394 58298448760560377856.00000000
 33813.82878054    295.73699166      4.19238250 57516373148367323136.00000000
 33818.49518873    295.69618471      4.19296107 56743816751435816960.00000000
 33823.16159692    295.65538903      4.19353963 55980946617934143488.00000000
 33827.82800511    295.61460459      4.19411819 55227891953822154752.00000000
 33832.49441330    295.57383141      4.19469675 54484745696956489728.00000000
 33837.16082149    295.53306948      4.19527531 53751566152975245312.00000000
 33841.82722967    295.49231878      4.19585387 53028378683193778176.00000000
 33846.49363786    295.45157933      4.19643243 52315177435382546432.00000000
 33851.16004605    295.41085110      4.19701099 51611927108843880448.00000000
 33855.82645424    295.37013410      4.19758955 50918564745796386816.00000000
 33860.49286243    295.32942833      4.19816812 50235001541699256320.00000000
 33865.15927061    295.28873377      4.19874668 49561124667649507328.00000000
 33869.82567880    295.24805043      4.19932524 48896799098588086272.00000000
 33874.49208699    295.20737829      4.19990380 48241869441480802304.00000000
 33879.15849518    295.16671736      4.20048236 47596161758160224256.00000000
 33883.82490337    295.12606763      4.20106092 46959485377854357504.00000000
 33888.49131156    295.08542909      4.20163948 46331634694846685184.00000000
 33893.15771974    295.04480175      4.20221804 45712390946949472256.00000000
 33897.82412793    295.00418559      4.20279660 45101523970784075776.00000000
 33902.49053612    294.96358061      4.20337517 44498793929997606912.00000000
 33907.15694431    294.92298680      4.20395373 43903953012756283392.00000000
 33911.82335250    294.88240417      4.20453229 43316747094904643584.00000000
 33916.48976069    294.84183271      4.20511085 42736917365300461568.00000000
 33921.15616887    294.80127240      4.20568941 42164201909841920000.00000000
 33925.82257706    294.76072326      4.20626797 41598337250718081024.00000000
 33930.48898525    294.72018527      4.20684653 41039059837443923968.00000000
 33935.15539344    294.67965843      4.20742509 40486107486179966976.00000000
 33939.82180163    294.63914273      4.20800366 39939220763883388928.00000000
 33944.48820982    294.59863817      4.20858222 39398144313776848896.00000000
 33949.15461800    294.55814475      4.20916078 38862628118690578432.00000000
 33953.82102619    294.51766245      4.20973934 38332428698810605568.00000000
 33958.48743438    294.47719129      4.21031790 37807310240484696064.00000000
 33963.15384257    294.43673124      4.21089646 37287045652778369024.00000000
 33967.82025076    294.39628231      4.21147502 36771417548661809152.00000000
 33972.48665895    294.35584449      4.21205358 36260219147832242176.00000000
 33977.15306713    294.31541778      4.21263214 35753255098447867904.00000000
 33981.81947532    294.27500217      4.21321071 35250342215264874496.00000000
 33986.48588351    294.23459767      4.21378927 34751310132024147968.00000000
 33991.15229170    294.19420425      4.21436783 34256001866260725760.00000000
 33995.81869989    294.15382192      4.21494639 33764274295106359296.00000000
 34000.48510808    294.11345068      4.21552495 33275998541116178432.00000000
 34005.15151626    294.07309052      4.21610351 32791060267576786944.00000000
 34009.81792445    294.03274143      4.21668207 32309359883298525184.00000000
 34014.48433264    293.99240342      4.21726063 31830812657364602880.00000000
 34019.15074083    293.95207647      4.21783919 31355348744897232896.00000000
 34023.81714902    293.91176058      4.21841776 30882913125395038208.00000000
 34028.48355721    293.87145575      4.21899632 30413465455792893952.00000000
 34033.14996539    293.83116197      4.21957488 29946979840888750080.00000000
 34037.81637358    293.79087925      4.22015344 29483444524357148672.00000000
 34042.48278177    293.75060756      4.22073200 29022861504029302784.00000000
 34047.14918996    293.71034691      4.22131056 28565246075647434752.00000000
 34051.81559815    293.67009730      4.22188912 28110626309699502080.00000000
 34056.48200634    293.62985872      4.22246768 27659042466386649088.00000000
 34061.14841452    293.58963116      4.22304625 27210546354111262720.00000000
 34065.81482271    293.54941463      4.22362481 26765200637180743680.00000000
 34070.48123090    293.50920911      4.22420337 26323078098704625664.00000000
 34075.14763909    293.46901460      4.22478193 25884260864820084736.00000000
 34079.81404728    293.42883110      4.22536049 25448839596565069824.00000000
 34084.48045547    293.38865860      4.22593905 25016912655754747904.00000000
 34089.14686365    293.34849710      4.22651761 24588585251279302656.00000000
 34093.81327184    293.30834660      4.22709617 24163968572160327680.00000000
 34098.47968003    293.26820708      4.22767473 23743178913649451008.00000000
 34103.14608822    293.22807855      4.22825330 23326336802460086272.00000000
 34107.81249641    293.18796100      4.22883186 22913566127062700032.00000000
 34112.47890460    293.14785442      4.22941042 22504993278684708864.00000000
 34117.14531278    293.10775882      4.22998898 22100746308404043776.00000000
 34121.81172097    293.06767418      4.23056754 21700954105357320192.00000000
 34126.47812916    293.02760051      4.23114610 21305745600756191232.00000000
 34131.14453735    292.98753779      4.23172466 20915249001995677696.00000000
 34135.81094554    292.94748603      4.23230322 20529591060729217024.00000000
 34140.47735373    292.90744521      4.23288179 20148896378381938688.00000000
 34145.14376191    292.86741534      4.23346035 19773286752105914368.00000000
 34149.81017010    292.82739641      4.23403891 19402880563781640192.00000000
 34154.47657829    292.78738841      4.23461747 19037792214194810880.00000000
 34159.14298648    292.74739135      4.23519603 18678131604125241344.00000000
 34163.80939467    292.70740521      4.23577459 18324003663627886592.00000000
 34168.47580286    292.66742999      4.23635315 17975507930417055744.00000000
 34173.14221104    292.62746569      4.23693171 17632738177841459200.00000000
 34177.80861923    292.58751231      4.23751027 17295782092607817728.00000000
 34182.47502742    292.54756983      4.23808884 16964721002031077376.00000000
 34187.14143561    292.50763825      4.23866740 16639629650306222080.00000000
 34191.80784380    292.46771758      4.23924596 16320576022970572800.00000000
 34196.47425199    292.42780780      4.23982452 16007621218488676352.00000000
 34201.14066017    292.38790891      4.24040308 15700819365634486272.00000000
 34205.80706836    292.34802091      4.24098164 15400217585132818432.00000000
 34210.47347655    292.30814379      4.24156020 15105855993851654144.00000000
 34215.13988474    292.26827754      4.24213876 14817767749646530560.00000000
 34219.80629293    292.22842217      4.24271732 14535979134847352832.00000000
 34224.47270112    292.18857767      4.24329589 14260509676229644288.00000000
 34229.13910930    292.14874403      4.24387445 13991372299240413184.00000000
 34233.80551749    292.10892125      4.24445301 13728573514138718208.00000000
 34238.47192568    292.06910933      4.24503157 13472113631670716416.00000000
 34243.13833387    292.02930825      4.24561013 13221987005818982400.00000000
 34247.80474206    291.98951802      4.24618869 12978182301149812736.00000000
 34252.47115025    291.94973864      4.24676725 12740682782224547840.00000000
 34257.13755843    291.90997009      4.24734581 12509466622543681536.00000000
 34261.80396662    291.87021237      4.24792438 12284507230451019776.00000000
 34266.47037481    291.83046548      4.24850294 12065773589438464000.00000000
 34271.13678300    291.79072942      4.24908150 11853230610274140160.00000000
 34275.80319119    291.75100418      4.24966006 11646839492379938816.00000000
 34280.46959938    291.71128975      4.25023862 11446558091902797824.00000000
 34285.13600756    291.67158613      4.25081718 11252341293919105024.00000000
 34289.80241575    291.63189332      4.25139574 11064141386251032576.00000000
 34294.46882394    291.59221131      4.25197430 10881908432379140096.00000000
 34299.13523213    291.55254010      4.25255286 10705590640989278208.00000000
 34303.80164032    291.51287968      4.25313143 10535134729715478528.00000000
 34308.46804851    291.47323005      4.25370999 10370486280711467008.00000000
 34313.13445669    291.43359120      4.25428855 10211590085729632256.00000000
 34317.80086488    291.39396313      4.25486711 10058390478480932864.00000000
 34322.46727307    291.35434584      4.25544567 9910831652121769984.00000000
 34327.13368126    291.31473932      4.25602423 9768857959836960768.00000000
 34331.80008945    291.27514357      4.25660279 9632414196592754688.00000000
 34336.46649763    291.23555858      4.25718135 9501445860286152704.00000000
 34341.13290582    291.19598434      4.25775992 9375899390663151616.00000000
 34345.79931401    291.15642086      4.25833848 9255722384552138752.00000000
 34350.46572220    291.11686813      4.25891704 9140863786155294720.00000000
 34355.13213039    291.07732615      4.25949560 9031274051336642560.00000000
 34359.79853858    291.03779490      4.26007416 8926905285080083456.00000000
 34364.46494676    290.99827439      4.26065272 8827711351516146688.00000000
 34369.13135495    290.95876462      4.26123128 8733647956177898496.00000000
 34373.79776314    290.91926557      4.26180984 8644672700396914688.00000000
 34378.46417133    290.87977724      4.26238840 8560745108030288896.00000000
 34383.13057952    290.84029963      4.26296697 8481826624975584256.00000000
 34387.79698771    290.80083274      4.26354553 8407880592218449920.00000000
 34392.46339589    290.76137655      4.26412409 8338872193426613248.00000000
 34397.12980408    290.72193107      4.26470265 8274768378386323456.00000000
 34401.79621227    290.68249629      4.26528121 8215537763835491328.00000000
 34406.46262046    290.64307221      4.26585977 8161150513509276672.00000000
 34411.12902865    290.60365882      4.26643833 8111578199448472576.00000000
 34415.79543684    290.56425612      4.26701689 8066793646842373120.00000000
 34420.46184502    290.52486411      4.26759545 8026770764877241344.00000000
 34425.12825321    290.48548277      4.26817402 7991484366228545536.00000000
 34429.79466140    290.44611211      4.26875258 7960909977981361152.00000000
 34434.46106959    290.40675211      4.26933114 7935023646867855360.00000000
 34439.12747778    290.36740279      4.26990970 7913801741789157376.00000000
 34443.79388597    290.32806412      4.27048826 7897220756622442496.00000000
 34448.46029415    290.28873612      4.27106682 7885257116315644928.00000000
 34453.12670234    290.24941877      4.27164538 7877886989227921408.00000000
 34457.79311053    290.21011206      4.27222394 7875086108595438592.00000000
 34462.45951872    290.17081600      4.27280251 7876829605877432320.00000000
 34467.12592691    290.13153058      4.27338107 7883091858578828288.00000000
 34471.79233510    290.09225580      4.27395963 7893846354944476160.00000000
 34476.45874328    290.05299165      4.27453819 7909065577685678080.00000000
 34481.12515147    290.01373813      4.27511675 7928720908629677056.00000000
 34485.79155966    289.97449523      4.27569531 7952782555883608064.00000000
 34490.45796785    289.93526294      4.27627387 7981219504776586240.00000000
 34495.12437604    289.89604128      4.27685243 8013999493495514112.00000000
 34499.79078423    289.85683022      4.27743099 8051089013959754752.00000000
 34504.45719241    289.81762977      4.27800956 8092453338101895168.00000000
 34509.12360060    289.77843992      4.27858812 8138056569328060416.00000000
 34513.79000879    289.73926067      4.27916668 8187861718543702016.00000000
 34518.45641698    289.70009201      4.27974524 8241830803736630272.00000000
 34523.12282517    289.66093394      4.28032380 8299924971732870144.00000000
 34527.78923336    289.62178645      4.28090236 8362104640369248256.00000000
 34532.45564154    289.58264955      4.28148092 8428329658984732672.00000000
 34537.12204973    289.54352322      4.28205948 8498559484803980288.00000000
 34541.78845792    289.50440746      4.28263805 8572753372500286464.00000000
 34546.45486611    289.46530226      4.28321661 8650870573961030656.00000000
 34551.12127430    289.42620764      4.28379517 8732870545061960704.00000000
 34555.78768249    289.38712357      4.28437373 8818713156079912960.00000000
 34560.45409067    289.34805005      4.28495229 8908358902235542528.00000000
 34565.12049886    289.30898709      4.28553085 9001769110780095488.00000000
 34569.78690705    289.26993467      4.28610941 9098906140995691520.00000000
 34574.45331524    289.23089279      4.28668797 9199733573501179904.00000000
 34579.11972343    289.19186145      4.28726653 9304216385311090688.00000000
 34583.78613162    289.15284064      4.28784510 9412321107219240960.00000000
 34588.45253980    289.11383036      4.28842366 9524015960231129088.00000000
 34593.11894799    289.07483061      4.28900222 9639270967989696512.00000000
 34597.78535618    289.03584137      4.28958078 9758058042381961216.00000000
 34602.45176437    288.99686265      4.29015934 9880351039819288576.00000000
 34607.11817256    288.95789445      4.29073790 10006125786004346880.00000000
 34611.78458075    288.91893675      4.29131646 10135360067372449792.00000000
 34616.45098893    288.87998955      4.29189502 10268033587775496192.00000000
 34621.11739712    288.84105285      4.29247358 10404127889396353024.00000000
 34625.78380531    288.80212665      4.29305215 10543626237310277632.00000000
 34630.45021350    288.76321094      4.29363071 10686513467542622208.00000000
 34635.11662169    288.72430572      4.29420927 10832775798926673920.00000000
 34639.78302988    288.68541097      4.29478783 10982400609494177792.00000000
 34644.44943806    288.64652671      4.29536639 11135376178578153472.00000000
 34649.11584625    288.60765292      4.29594495 11291691396213299200.00000000
 34653.78225444    288.56878959      4.29652351 11451335441833195520.00000000
 34658.44866263    288.52993674      4.29710207 11614297434623768576.00000000
 34663.11507082    288.49109434      4.29768064 11780566058252390400.00000000
 34667.78147901    288.45226240      4.29825920 11950129162985852928.00000000
 34672.44788719    288.41344091      4.29883776 12122973348498814976.00000000
 34677.11429538    288.37462987      4.29941632 12299083530886660096.00000000
 34681.78070357    288.33582928      4.29999488 12478442497598849024.00000000
 34686.44711176    288.29703912      4.30057344 12661030454132164608.00000000
 34691.11351995    288.25825940      4.30115200 12846824566423308288.00000000
 34695.77992814    288.21949011      4.30173056 13035798502922668032.00000000
 34700.44633632    288.18073125      4.30230912 13227921980315934720.00000000
 34705.11274451    288.14198281      4.30288769 13423160316822667264.00000000
 34709.77915270    288.10324479      4.30346625 13621473996884557824.00000000
 34714.44556089    288.06451719      4.30404481 13822818250934093824.00000000
 34719.11196908    288.02579999      4.30462337 14027142653732222976.00000000
 34723.77837727    287.98709321      4.30520193 14234390744566261760.00000000
 34728.44478545    287.94839682      4.30578049 14444499672327712768.00000000
 34733.11119364    287.90971083      4.30635905 14657399868231139328.00000000
 34737.77760183    287.87103523      4.30693761 14873014748612501504.00000000
 34742.44401002    287.83237003      4.30751617 15091260449945829376.00000000
 34747.11041821    287.79371521      4.30809474 15312045597862744064.00000000
 34751.77682640    287.75507077      4.30867330 15535271111638679552.00000000
 34756.44323458    287.71643671      4.30925186 15760830045248802816.00000000
 34761.10964277    287.67781301      4.30983042 15988607465766791168.00000000
 34765.77605096    287.63919969      4.31040898 16218480369548283904.00000000
 34770.44245915    287.60059674      4.31098754 16450317636308463616.00000000
 34775.10886734    287.56200414      4.31156610 16683980020920035328.00000000
 34779.77527553    287.52342190      4.31214466 16919320182454237184.00000000
 34784.44168371    287.48485001      4.31272323 17156182749752315904.00000000
 34789.10809190    287.44628846      4.31330179 17394404422562326528.00000000
 34793.77450009    287.40773727      4.31388035 17633814107098109952.00000000
 34798.44090828    287.36919641      4.31445891 17874233084684167168.00000000
 34803.10731647    287.33066588      4.31503747 18115475212037355520.00000000
 34807.77372465    287.29214569      4.31561603 18357347151605561344.00000000
 34812.44013284    287.25363582      4.31619459 18599648630336217088.00000000
 34817.10654103    287.21513628      4.31677315 18842172725180047360.00000000
 34821.77294922    287.17664705      4.31735171 19084706173648236544.00000000
 34826.43935741    287.13816814      4.31793028 19327029707733065728.00000000
 34831.10576560    287.09969954      4.31850884 19568918409556729856.00000000
 34835.77217378    287.06124125      4.31908740 19810142087173382144.00000000
 34840.43858197    287.02279325      4.31966596 20050465669014704128.00000000
 34845.10499016    286.98435556      4.32024452 20289649615586459648.00000000
 34849.77139835    286.94592816      4.32082308 20527450347100581888.00000000
 34854.43780654    286.90751105      4.32140164 20763620685864005632.00000000
 34859.10421473    286.86910422      4.32198020 20997910312332480512.00000000
 34863.77062291    286.83070768      4.32255877 21230066233871097856.00000000
 34868.43703110    286.79232141      4.32313733 21459833265344733184.00000000
 34873.10343929    286.75394541      4.32371589 21686954520777793536.00000000
 34877.76984748    286.71557969      4.32429445 21911171915381121024.00000000
 34882.43625567    286.67722423      4.32487301 22132226677331230720.00000000
 34887.10266386    286.63887903      4.32545157 22349859868708974592.00000000
 34891.76907204    286.60054408      4.32603013 22563812915053629440.00000000
 34896.43548023    286.56221939      4.32660869 22773828142967488512.00000000
 34901.10188842    286.52390495      4.32718725 22979649325200474112.00000000
 34905.76829661    286.48560075      4.32776582 23181022232595460096.00000000
 34910.43470480    286.44730679      4.32834438 23377695192196857856.00000000
 34915.10111299    286.40902307      4.32892294 23569419650750566400.00000000
 34919.76752117    286.37074957      4.32950150 23755950742691233792.00000000
 34924.43392936    286.33248631      4.33008006 23937047861600194560.00000000
 34929.10033755    286.29423327      4.33065862 24112475233951916032.00000000
 34933.76674574    286.25599045      4.33123718 24282002493821779968.00000000
 34938.43315393    286.21775785      4.33181574 24445405257040801792.00000000
 34943.09956212    286.17953545      4.33239430 24602465693122195456.00000000
 34947.76597030    286.14132327      4.33297287 24752973093090164736.00000000
 34952.43237849    286.10312129      4.33355143 24896724431179788288.00000000
 34957.09878668    286.06492950      4.33412999 25033524918193541120.00000000
 34961.76519487    286.02674791      4.33470855 25163188544156004352.00000000
 34966.43160306    285.98857652      4.33528711 25285538607752843264.00000000
 34971.09801125    285.95041531      4.33586567 25400408229926522880.00000000
 34975.76441943    285.91226428      4.33644423 25507640848901029888.00000000
 34980.43082762    285.87412343      4.33702279 25607090693828304896.00000000
 34985.09723581    285.83599275      4.33760136 25698623234220404736.00000000
 34989.76364400    285.79787225      4.33817992 25782115602306211840.00000000
 34994.43005219    285.75976191      4.33875848 25857456985492787200.00000000
 34999.09646038    285.72166174      4.33933704 25924548986156740608.00000000
 35003.76286856    285.68357172      4.33991560 25983305946103144448.00000000
 35008.42927675    285.64549186      4.34049416 26033655233150926848.00000000
 35013.09568494    285.60742215      4.34107272 26075537487484944384.00000000
 35017.76209313    285.56936258      4.34165128 26108906825610530816.00000000
 35022.42850132    285.53131316      4.34222984 26133730999992008704.00000000
 35027.09490951    285.49327387      4.34280841 26149991512719167488.00000000
 35031.76131769    285.45524472      4.34338697 26157683681844416512.00000000
 35036.42772588    285.41722570      4.34396553 26156816659349934080.00000000
 35041.09413407    285.37921681      4.34454409 26147413400043909120.00000000
 35045.76054226    285.34121803      4.34512265 26129510581038583808.00000000
 35050.42695045    285.30322938      4.34570121 26103158471823523840.00000000
 35055.09335864    285.26525084      4.34627977 26068420755320238080.00000000
 35059.75976682    285.22728240      4.34685833 26025374300671475712.00000000
 35064.42617501    285.18932408      4.34743690 25974108888881524736.00000000
 35069.09258320    285.15137585      4.34801546 25914726892782133248.00000000
 35073.75899139    285.11343773      4.34859402 25847342913134419968.00000000
 35078.42539958    285.07550969      4.34917258 25772083373001482240.00000000
 35083.09180777    285.03759175      4.34975114 25689086072819589120.00000000
 35087.75821595    284.99968389      4.35032970 25598499708871262208.00000000
 35092.42462414    284.96178611      4.35090826 25500483358095360000.00000000
 35097.09103233    284.92389842      4.35148682 25395205932384309248.00000000
 35101.75744052    284.88602079      4.35206538 25282845605677912064.00000000
 35106.42384871    284.84815324      4.35264395 25163589217305595904.00000000
 35111.09025690    284.81029575      4.35322251 25037631655117594624.00000000
 35115.75666508    284.77244832      4.35380107 24905175221999087616.00000000
 35120.42307327    284.73461095      4.35437963 24766428989386895360.00000000
 35125.08948146    284.69678363      4.35495819 24621608141374566400.00000000
 35129.75588965    284.65896636      4.35553675 24470933312948568064.00000000
 35134.42229784    284.62115914      4.35611531 24314629925793878016.00000000
 35139.08870603    284.58336196      4.35669387 24152927524996022272.00000000
 35143.75511421    284.54557481      4.35727243 23986059119804125184.00000000
 35148.42152240    284.50779770      4.35785100 23814260531454291968.00000000
 35153.08793059    284.47003062      4.35842956 23637769750840471552.00000000
 35157.75433878    284.43227356      4.35900812 23456826308617478144.00000000
 35162.42074697    284.39452653      4.35958668 23271670660080005120.00000000
 35167.08715516    284.35678951      4.36016524 23082543586925932544.00000000
 35171.75356334    284.31906251      4.36074380 22889685617765724160.00000000
 35176.41997153    284.28134552      4.36132236 22693336468994682880.00000000
 35181.08637972    284.24363853      4.36190092 22493734507397963776.00000000
 35185.75278791    284.20594154      4.36247949 22291116235614973952.00000000
 35190.41919610    284.16825455      4.36305805 22085715801372905472.00000000
 35195.08560429    284.13057756      4.36363661 21877764531162914816.00000000
 35199.75201247    284.09291055      4.36421517 21667490488850034688.00000000
 35204.41842066    284.05525353      4.36479373 21455118059500634112.00000000
 35209.08482885    284.01760650      4.36537229 21240867558565933056.00000000
 35213.75123704    283.97996944      4.36595085 21024954866389889024.00000000
 35218.41764523    283.94234235      4.36652941 20807591087904825344.00000000
 35223.08405342    283.90472523      4.36710797 20588982237252001792.00000000
 35227.75046160    283.86711808      4.36768654 20369328946995163136.00000000
 35232.41686979    283.82952089      4.36826510 20148826201520205824.00000000
 35237.08327798    283.79193366      4.36884366 19927663094169300992.00000000
 35241.74968617    283.75435638      4.36942222 19706022607631110144.00000000
 35246.41609436    283.71678906      4.37000078 19484081417097211904.00000000
 35251.08250255    283.67923167      4.37057934 19262009715692515328.00000000
 35255.74891073    283.64168423      4.37115790 19039971061698531328.00000000
 35260.41531892    283.60414673      4.37173646 18818122247122571264.00000000
 35265.08172711    283.56661917      4.37231503 18596613187176353792.00000000
 35269.74813530    283.52910153      4.37289359 18375586830282975232.00000000
 35274.41454349    283.49159382      4.37347215 18155179088244664320.00000000
 35279.08095168    283.45409603      4.37405071 17935518786261966848.00000000
 35283.74735986    283.41660816      4.37462927 17716727632505071616.00000000
 35288.41376805    283.37913021      4.37520783 17498920206988521472.00000000
 35293.08017624    283.34166216      4.37578639 17282203969500964864.00000000
 35297.74658443    283.30420403      4.37636495 17066679286373613568.00000000
 35302.41299262    283.26675579      4.37694351 16852439475863678976.00000000
 35307.07940080    283.22931745      4.37752208 16639570871925227520.00000000
 35311.74580899    283.19188901      4.37810064 16428152906125256704.00000000
 35316.41221718    283.15447046      4.37867920 16218258207434676224.00000000
 35321.07862537    283.11706180      4.37925776 16009952719581417472.00000000
 35325.74503356    283.07966302      4.37983632 15803295835599749120.00000000
 35330.41144175    283.04227412      4.38041488 15598340549161576448.00000000
 35335.07784993    283.00489509      4.38099344 15395133622186291200.00000000
 35339.74425812    282.96752594      4.38157200 15193715768168663040.00000000
 35344.41066631    282.93016665      4.38215056 14994121850559162368.00000000
 35349.07707450    282.89281723      4.38272913 14796381095461310464.00000000
 35353.74348269    282.85547766      4.38330769 14600517317798559744.00000000
 35358.40989088    282.81814796      4.38388625 14406549160029034496.00000000
 35363.07629906    282.78082810      4.38446481 14214490342373101568.00000000
 35367.74270725    282.74351809      4.38504337 14024349923447560192.00000000
 35372.40911544    282.70621793      4.38562193 13836132570100623360.00000000
 35377.07552363    282.66892760      4.38620049 13649838835168473088.00000000
 35381.74193182    282.63164712      4.38677905 13465465441802510336.00000000
 35386.40834001    282.59437646      4.38735762 13283005572958048256.00000000
 35391.07474819    282.55711563      4.38793618 13102449164582490112.00000000
 35395.74115638    282.51986463      4.38851474 12923783201002334208.00000000
 35400.40756457    282.48262345      4.38909330 12746992010996078592.00000000
 35405.07397276    282.44539208      4.38967186 12572057563015317504.00000000
 35409.74038095    282.40817053      4.39025042 12398959758040049664.00000000
 35414.40678914    282.37095879      4.39082898 12227676718558582784.00000000
 35419.07319732    282.33375685      4.39140754 12058185072215506944.00000000
 35423.73960551    282.29656472      4.39198610 11890460228705419264.00000000
 35428.40601370    282.25938238      4.39256467 11724476648572221440.00000000
 35433.07242189    282.22220983      4.39314323 11560208102635139072.00000000
 35437.73883008    282.18504708      4.39372179 11397627920868091904.00000000
 35442.40523827    282.14789411      4.39430035 11236709229651046400.00000000
 35447.07164645    282.11075092      4.39487891 11077425176424261632.00000000
 35451.73805464    282.07361751      4.39545747 10919749140897536000.00000000
 35456.40446283    282.03649387      4.39603603 10763654932090789888.00000000
 35461.07087102    281.99938001      4.39661459 10609116970610223104.00000000
 35465.73727921    281.96227591      4.39719315 10456110455694004224.00000000
 35470.40368740    281.92518157      4.39777172 10304611516703188992.00000000
 35475.07009558    281.88809699      4.39835028 10154597348851910656.00000000
 35479.73650377    281.85102217      4.39892884 10006046333115062272.00000000
 35484.40291196    281.81395710      4.39950740 9858938140361940992.00000000
 35489.06932015    281.77690178      4.40008596 9713253819898431488.00000000
 35493.73572834    281.73985620      4.40066452 9568975872698089472.00000000
 35498.40213653    281.70282036      4.40124308 9426088309720948736.00000000
 35503.06854471    281.66579425      4.40182164 9284576695800209408.00000000
 35507.73495290    281.62877788      4.40240021 9144428179673884672.00000000
 35512.40136109    281.59177123      4.40297877 9005631510805124096.00000000
 35517.06776928    281.55477431      4.40355733 8868177043700049920.00000000
 35521.73417747    281.51778711      4.40413589 8732056730485801984.00000000
 35526.40058566    281.48080963      4.40471445 8597264102552075264.00000000
 35531.06699384    281.44384186      4.40529301 8463794242088109056.00000000
 35535.73340203    281.40688379      4.40587157 8331643744364773376.00000000
 35540.39981022    281.36993544      4.40645013 8200810671627931648.00000000
 35545.06621841    281.33299678      4.40702869 8071294499457389568.00000000
 35549.73262660    281.29606782      4.40760726 7943096056449499136.00000000
 35554.39903479    281.25914856      4.40818582 7816217458052126720.00000000
 35559.06544297    281.22223898      4.40876438 7690662035369233408.00000000
 35563.73185116    281.18533909      4.40934294 7566434259710555136.00000000
 35568.39825935    281.14844889      4.40992150 7443539663639983104.00000000
 35573.06466754    281.11156836      4.41050006 7321984759225658368.00000000
 35577.73107573    281.07469750      4.41107862 7201776954165174272.00000000
 35582.39748392    281.03783632      4.41165718 7082924466409164800.00000000
 35587.06389210    281.00098481      4.41223575 6965436237864995840.00000000
 35591.73030029    280.96414295      4.41281431 6849321847719988224.00000000
 35596.39670848    280.92731076      4.41339287 6734591425880630272.00000000
 35601.06311667    280.89048822      4.41397143 6621255566981715968.00000000
 35605.72952486    280.85367533      4.41454999 6509325245378529280.00000000
 35610.39593305    280.81687210      4.41512855 6398811731504183296.00000000
 35615.06234123    280.78007850      4.41570711 6289726509930595328.00000000
 35619.72874942    280.74329455      4.41628567 6182081199450215424.00000000
 35624.39515761    280.70652023      4.41686423 6075887475456800768.00000000
 35629.06156580    280.66975555      4.41744280 5971156994888209408.00000000
 35633.72797399    280.63300049      4.41802136 5867901323960974336.00000000
 35638.39438218    280.59625506      4.41859992 5766131868916333568.00000000
 35643.06079036    280.55951925      4.41917848 5665859809969723392.00000000
 35647.72719855    280.52279306      4.41975704 5567096038647983104.00000000
 35652.39360674    280.48607648      4.42033560 5469851098678746112.00000000
 35657.06001493    280.44936952      4.42091416 5374135130584184832.00000000
 35661.72642312    280.41267216      4.42149272 5279957820119432192.00000000
 35666.39283131    280.37598440      4.42207128 5187328350683395072.00000000
 35671.05923949    280.33930624      4.42264985 5096255359815640064.00000000
 35675.72564768    280.30263767      4.42322841 5006746899878382592.00000000
 35680.39205587    280.26597870      4.42380697 4918810403012958208.00000000
 35685.05846406    280.22932932      4.42438553 4832452650436386816.00000000
 35689.72487225    280.19268951      4.42496409 4747679746134554624.00000000
 35694.39128044    280.15605929      4.42554265 4664497094980514816.00000000
 35699.05768862    280.11943865      4.42612121 4582909385293589504.00000000
 35703.72409681    280.08282758      4.42669977 4502920575823205888.00000000
 35708.39050500    280.04622607      4.42727834 4424533887124786688.00000000
 35713.05691319    280.00963413      4.42785690 4347751797259809792.00000000
 35717.72332138    279.97305175      4.42843546 4272576041731398656.00000000
 35722.38972957    279.93647893      4.42901402 4199007617532412416.00000000
 35727.05613775    279.89991567      4.42959258 4127046791153996800.00000000
 35731.72254594    279.86336195      4.43017114 4056693110372846080.00000000
 35736.38895413    279.82681778      4.43074970 3987945419604756480.00000000
 35741.05536232    279.79028315      4.43132826 3920801878581355008.00000000
 35745.72177051    279.75375806      4.43190682 3855259984077632000.00000000
 35750.38817870    279.71724251      4.43248539 3791316594394549760.00000000
 35755.05458688    279.68073649      4.43306395 3728967956270695424.00000000
 35759.72099507    279.64423999      4.43364251 3668209733881465856.00000000
 35764.38740326    279.60775302      4.43422107 3609037039559556096.00000000
 35769.05381145    279.57127557      4.43479963 3551444465862139392.00000000
 35773.72021964    279.53480764      4.43537819 3495426118593634304.00000000
 35778.38662782    279.49834921      4.43595675 3440975650393163264.00000000
 35783.05303601    279.46190030      4.43653531 3388086294489328128.00000000
 35787.71944420    279.42546089      4.43711388 3336750898233937408.00000000
 35792.38585239    279.38903099      4.43769244 3286961956032759296.00000000
 35797.05226058    279.35261058      4.43827100 3238711641306480640.00000000
 35801.71866877    279.31619966      4.43884956 3191991837135736320.00000000
 35806.38507695    279.27979824      4.43942812 3146794165268350464.00000000
 35811.05148514    279.24340630      4.44000668 3103110013195968512.00000000
 35815.71789333    279.20702385      4.44058524 3060930559040532992.00000000
 35820.38430152    279.17065087      4.44116380 3020246794030933504.00000000
 35825.05070971    279.13428737      4.44174236 2981049542387424768.00000000
 35829.71711790    279.09793335      4.44232093 2943329478479247872.00000000
 35834.38352608    279.06158879      4.44289949 2907077141162464768.00000000
 35839.04993427    279.02525369      4.44347805 2872282945256223744.00000000
 35843.71634246    278.98892806      4.44405661 2838937190159593472.00000000
 35848.38275065    278.95261188      4.44463517 2807030065662416896.00000000
 35853.04915884    278.91630516      4.44521373 2776551655046875648.00000000
 35857.71556703    278.88000788      4.44579229 2747491935624581632.00000000
 35862.38197521    278.84372005      4.44637085 2719840776894560256.00000000
 35867.04838340    278.80744167      4.44694941 2693587936547561472.00000000
 35871.71479159    278.77117272      4.44752798 2668723054577975808.00000000
 35876.38119978    278.73491321      4.44810654 2645235645795803136.00000000
 35881.04760797    278.69866313      4.44868510 2623115091056859648.00000000
 35885.71401616    278.66242248      4.44926366 2602350627550091776.00000000
 35890.38042434    278.62619125      4.44984222 2582931338496796160.00000000
 35895.04683253    278.58996944      4.45042078 2564846142623475712.00000000
 35899.71324072    278.55375704      4.45099934 2548083783774575616.00000000
 35904.37964891    278.51755406      4.45157790 2532632821025418240.00000000
 35909.04605710    278.48136049      4.45215647 2518481619647390720.00000000
 35913.71246529    278.44517633      4.45273503 2505618343259174400.00000000
 35918.37887347    278.40900157      4.45331359 2494030947477237248.00000000
 35923.04528166    278.37283620      4.45389215 2483707175349239808.00000000
 35927.71168985    278.33668023      4.45447071 2474634554822463488.00000000
 35932.37809804    278.30053365      4.45504927 2466800398460659200.00000000
 35937.04450623    278.26439646      4.45562783 2460191805581594112.00000000
 35941.71091442    278.22826865      4.45620639 2454795666942600704.00000000
 35946.37732260    278.19215022      4.45678495 2450598672054048256.00000000
 35951.04373079    278.15604117      4.45736352 2447587319151174656.00000000
 35955.71013898    278.11994149      4.45794208 2445747927804799488.00000000
 35960.37654717    278.08385118      4.45852064 2445066654101029376.00000000
 35965.04295536    278.04777023      4.45909920 2445529508270432256.00000000
 35969.70936355    278.01169865      4.45967776 2447122374599191552.00000000
 35974.37577173    277.97563642      4.46025632 2449831033408987648.00000000
 35979.04217992    277.93958355      4.46083488 2453641184849629696.00000000
 35983.70858811    277.90354003      4.46141344 2458538474209945600.00000000
 35988.37499630    277.86750586      4.46199201 2464508518417485312.00000000
 35993.04140449    277.83148102      4.46257057 2471536933369036800.00000000
 35997.70781268    277.79546553      4.46314913 2479609361709164032.00000000
 36002.37422086    277.75945938      4.46372769 2488711500656729088.00000000
 36007.04062905    277.72346256      4.46430625 2498829129467121664.00000000
 36011.70703724    277.68747507      4.46488481 2509948136112813056.00000000
 36016.37344543    277.65149690      4.46546337 2522054542765412352.00000000
 36021.03985362    277.61552805      4.46604193 2535134529670252032.00000000
 36025.70626181    277.57956853      4.46662049 2549174457018398720.00000000
 36030.37266999    277.54361831      4.46719906 2564160884440066560.00000000
 36035.03907818    277.50767741      4.46777762 2580080587770147328.00000000
 36039.70548637    277.47174582      4.46835618 2596920572766087168.00000000
 36044.37189456    277.43582352      4.46893474 2614668085495596032.00000000
 36049.03830275    277.39991053      4.46951330 2633310619149890560.00000000
 36053.70471094    277.36400684      4.47009186 2652835917083509248.00000000
 36058.37111912    277.32811244      4.47067042 2673231971926180352.00000000
 36063.03752731    277.29222732      4.47124898 2694487020662794240.00000000
 36067.70393550    277.25635150      4.47182754 2716589535625414656.00000000
 36072.37034369    277.22048495      4.47240611 2739528211393127424.00000000
 36077.03675188    277.18462768      4.47298467 2763291947645258240.00000000
 36081.70316007    277.14877969      4.47356323 2787869828062636544.00000000
 36086.36956825    277.11294097      4.47414179 2813251095419017728.00000000
 36091.03597644    277.07711152      4.47472035 2839425123050001408.00000000
 36095.70238463    277.04129133      4.47529891 2866381382929113600.00000000
 36100.36879282    277.00548040      4.47587747 2894109410617373184.00000000
 36105.03520101    276.96967873      4.47645603 2922598767388984832.00000000
 36109.70160920    276.93388631      4.47703460 2951838999862401536.00000000
 36114.36801738    276.89810314      4.47761316 2981819597492764160.00000000
 36119.03442557    276.86232921      4.47819172 3012529948298051584.00000000
 36123.70083376    276.82656453      4.47877028 3043959293207202816.00000000
 36128.36724195    276.79080909      4.47934884 3076096679423471616.00000000
 36133.03365014    276.75506288      4.47992740 3108930913201400320.00000000
 36137.70005833    276.71932591      4.48050596 3142450512429728256.00000000
 36142.36646651    276.68359816      4.48108452 3176643659405955584.00000000
 36147.03287470    276.64787964      4.48166308 3211498154174414848.00000000
 36151.69928289    276.61217034      4.48224165 3247001368781328384.00000000
 36156.36569108    276.57647025      4.48282021 3283140202778234368.00000000
 36161.03209927    276.54077938      4.48339877 3319901040279802880.00000000
 36165.69850746    276.50509772      4.48397733 3357269708854055936.00000000
 36170.36491564    276.46942527      4.48455589 3395231440489476608.00000000
 36175.03132383    276.43376202      4.48513445 3433770834854426112.00000000
 36179.69773202    276.39810797      4.48571301 3472871825026102272.00000000
 36184.36414021    276.36246311      4.48629157 3512517645836272640.00000000
 36189.03054840    276.32682745      4.48687013 3552690804942895616.00000000
 36193.69695659    276.29120098      4.48744870 3593373056707363840.00000000
 36198.36336477    276.25558369      4.48802726 3634545378921878016.00000000
 36203.02977296    276.21997559      4.48860582 3676187952405478912.00000000
 36207.69618115    276.18437666      4.48918438 3718280143457129984.00000000
 36212.36258934    276.14878690      4.48976294 3760800489132271104.00000000
 36217.02899753    276.11320632      4.49034150 3803726685288794624.00000000
 36221.69540572    276.07763491      4.49092006 3847035577330738176.00000000
 36226.36181390    276.04207266      4.49149862 3890703153565566976.00000000
 36231.02822209    276.00651957      4.49207719 3934704541082456576.00000000
 36235.69463028    275.97097564      4.49265575 3979014004055308800.00000000
 36240.36103847    275.93544086      4.49323431 4023604944370693632.00000000
 36245.02744666    275.89991523      4.49381287 4068449904488902144.00000000
 36249.69385484    275.86439875      4.49439143 4113520572448450048.00000000
 36254.36026303    275.82889141      4.49496999 4158787788939508736.00000000
 36259.02667122    275.79339321      4.49554855 4204221556380973568.00000000
 36263.69307941    275.75790414      4.49612711 4249791049956050432.00000000
 36268.35948760    275.72242421      4.49670567 4295464630575056896.00000000
 36273.02589579    275.68695341      4.49728424 4341209859758123008.00000000
 36277.69230397    275.65149173      4.49786280 4386993516446833152.00000000
 36282.35871216    275.61603917      4.49844136 4432781615777270272.00000000
 36287.02512035    275.58059573      4.49901992 4478539429867251712.00000000
 36291.69152854    275.54516141      4.49959848 4524231510687437312.00000000
 36296.35793673    275.50973620      4.50017704 4569821715107891712.00000000
 36301.02434492    275.47432009      4.50075560 4615273232223021056.00000000
 36305.69075310    275.43891309      4.50133416 4660548613075141632.00000000
 36310.35716129    275.40351519      4.50191273 4705609802902501376.00000000
 36315.02356948    275.36812639      4.50249129 4750418176048208896.00000000
 36319.68997767    275.33274668      4.50306985 4794934573664195584.00000000
 36324.35638586    275.29737606      4.50364841 4839119344347116544.00000000
 36329.02279405    275.26201452      4.50422697 4882932387832050688.00000000
 36333.68920223    275.22666207      4.50480553 4926333201863329792.00000000
 36338.35561042    275.19131870      4.50538409 4969280932342236160.00000000
 36343.02201861    275.15598441      4.50596265 5011734426835253248.00000000
 36347.68842680    275.12065919      4.50654121 5053652291499213824.00000000
 36352.35483499    275.08534304      4.50711978 5094992951453083648.00000000
 36357.02124318    275.05003595      4.50769834 5135714714595190784.00000000
 36361.68765136    275.01473793      4.50827690 5175775838826671104.00000000
 36366.35405955    274.97944896      4.50885546 5215134602608348160.00000000
 36371.02046774    274.94416905      4.50943402 5253749378734384128.00000000
 36375.68687593    274.90889819      4.51001258 5291578711168777216.00000000
 36380.35328412    274.87363638      4.51059114 5328581394744922112.00000000
 36385.01969231    274.83838361      4.51116970 5364716557490345984.00000000
 36389.68610049    274.80313989      4.51174826 5399943745293402112.00000000
 36394.35250868    274.76790520      4.51232683 5434223008592473088.00000000
 36399.01891687    274.73267955      4.51290539 5467514990726702080.00000000
 36403.68532506    274.69746293      4.51348395 5499781017555480576.00000000
 36408.35173325    274.66225533      4.51406251 5530983187918980096.00000000
 36413.01814144    274.62705676      4.51464107 5561084464487352320.00000000
 36417.68454962    274.59186721      4.51521963 5590048764520241152.00000000
 36422.35095781    274.55668668      4.51579819 5617841050042065920.00000000
 36427.01736600    274.52151516      4.51637675 5644427416925332480.00000000
 36431.68377419    274.48635265      4.51695532 5669775182365991936.00000000
 36436.35018238    274.45119914      4.51753388 5693852970235802624.00000000
 36441.01659057    274.41605464      4.51811244 5716630793799049216.00000000
 36445.68299875    274.38091914      4.51869100 5738080135294065664.00000000
 36450.34940694    274.34579264      4.51926956 5758174021894449152.00000000
 36455.01581513    274.31067513      4.51984812 5776887097589105664.00000000
 36459.68222332    274.27556660      4.52042668 5794195690546251776.00000000
 36464.34863151    274.24046707      4.52100524 5810077875560471552.00000000
 36469.01503970    274.20537651      4.52158380 5824513531217931264.00000000
 36473.68144788    274.17029494      4.52216237 5837484391456888832.00000000
 36478.34785607    274.13522234      4.52274093 5848974091244061696.00000000
 36483.01426426    274.10015871      4.52331949 5858968206135650304.00000000
 36487.68067245    274.06510405      4.52389805 5867454285539517440.00000000
 36492.34708064    274.03005835      4.52447661 5874421879546686464.00000000
 36497.01348883    273.99502162      4.52505517 5879862559250373632.00000000
 36501.67989701    273.95999385      4.52563373 5883769930521476096.00000000
 36506.34630520    273.92497503      4.52621229 5886139641259534336.00000000
 36511.01271339    273.88996516      4.52679086 5886969382185938944.00000000
 36515.67912158    273.85496424      4.52736942 5886258881292157952.00000000
 36520.34552977    273.81997226      4.52794798 5884009892098742272.00000000
 36525.01193796    273.78498923      4.52852654 5880226175920479232.00000000
 36529.67834614    273.75001513      4.52910510 5874913478368745472.00000000
 36534.34475433    273.71504997      4.52968366 5868079500353783808.00000000
 36539.01116252    273.68009374      4.53026222 5859733863876441088.00000000
 36543.67757071    273.64514643      4.53084078 5849888072921501696.00000000
 36548.34397890    273.61020805      4.53141934 5838555469781850112.00000000
 36553.01038709    273.57527859      4.53199791 5825751187155483648.00000000
 36557.67679527    273.54035805      4.53257647 5811492096365205504.00000000
 36562.34320346    273.50544642      4.53315503 5795796752053733376.00000000
 36567.00961165    273.47054370      4.53373359 5778685333705846784.00000000
 36571.67601984    273.43564989      4.53431215 5760179584344032256.00000000
 36576.34242803    273.40076498      4.53489071 5740302746734007296.00000000
 36581.00883622    273.36588897      4.53546927 5719079497425591296.00000000
 36585.67524440    273.33102186      4.53604783 5696535878937292800.00000000
 36590.34165259    273.29616364      4.53662639 5672699230377156608.00000000
 36595.00806078    273.26131431      4.53720496 5647598116771195904.00000000
 36599.67446897    273.22647387      4.53778352 5621262257352009728.00000000
 36604.34087716    273.19164231      4.53836208 5593722453036632064.00000000
 36609.00728535    273.15681963      4.53894064 5565010513303500800.00000000
 36613.67369353    273.12200583      4.53951920 5535159182654690304.00000000
 36618.34010172    273.08720090      4.54009776 5504202066831681536.00000000
 36623.00650991    273.05240484      4.54067632 5472173558931468288.00000000
 36627.67291810    273.01761765      4.54125488 5439108765554107392.00000000
 36632.33932629    272.98283931      4.54183345 5405043433096449024.00000000
 36637.00573448    272.94806984      4.54241201 5370013874292971520.00000000
 36641.67214266    272.91330923      4.54299057 5334056895094840320.00000000
 36646.33855085    272.87855746      4.54356913 5297209721969310720.00000000
 36651.00495904    272.84381455      4.54414769 5259509929695977472.00000000
 36655.67136723    272.80908048      4.54472625 5220995369732436992.00000000
 36660.33777542    272.77435525      4.54530481 5181704099223347200.00000000
 36665.00418361    272.73963886      4.54588337 5141674310725435392.00000000
 36669.67059179    272.70493131      4.54646193 5100944262728541184.00000000
 36674.33699998    272.67023259      4.54704050 5059552211054541824.00000000
 36679.00340817    272.63554270      4.54761906 5017536341227167744.00000000
 36683.66981636    272.60086164      4.54819762 4974934701911623680.00000000
 36688.33622455    272.56618940      4.54877618 4931785139533452288.00000000
 36693.00263274    272.53152597      4.54935474 4888125234195780608.00000000
 36697.66904092    272.49687136      4.54993330 4843992237025075200.00000000
 36702.33544911    272.46222557      4.55051186 4799423009083854848.00000000
 36707.00185730    272.42758858      4.55109042 4754453961998768128.00000000
 36711.66826549    272.39296040      4.55166899 4709121000460148736.00000000
 36716.33467368    272.35834102      4.55224755 4663459466756503552.00000000
 36721.00108186    272.32373044      4.55282611 4617504087511351296.00000000
 36725.66749005    272.28912865      4.55340467 4571288922792132096.00000000
 36730.33389824    272.25453566      4.55398323 4524847317764496896.00000000
 36735.00030643    272.21995145      4.55456179 4478211857059030528.00000000
 36739.66671462    272.18537603      4.55514035 4431414322017997824.00000000
 36744.33312281    272.15080939      4.55571891 4384485650978393600.00000000
 36748.99953099    272.11625153      4.55629747 4337455902741844992.00000000
 36753.66593918    272.08170245      4.55687604 4290354223367612416.00000000
 36758.33234737    272.04716214      4.55745460 4243208816410881024.00000000
 36762.99875556    272.01263059      4.55803316 4196046916712434688.00000000
 36767.66516375    271.97810781      4.55861172 4148894767827036160.00000000
 36772.33157194    271.94359380      4.55919028 4101777603156361216.00000000
 36776.99798012    271.90908854      4.55976884 4054719630830684672.00000000
 36781.66438831    271.87459204      4.56034740 4007744022360170496.00000000
 36786.33079650    271.84010429      4.56092596 3960872905052744704.00000000
 36790.99720469    271.80562528      4.56150452 3914127358170191360.00000000
 36795.66361288    271.77115503      4.56208309 3867527412768542720.00000000
 36800.33002107    271.73669351      4.56266165 3821092055146870272.00000000
 36804.99642925    271.70224073      4.56324021 3774839233800490496.00000000
 36809.66283744    271.66779669      4.56381877 3728785869756120576.00000000
 36814.32924563    271.63336138      4.56439733 3682947870139929088.00000000
 36818.99565382    271.59893480      4.56497589 3637340144813715968.00000000
 36823.66206201    271.56451694      4.56555445 3591976625893217792.00000000
 36828.32847020    271.53010781      4.56613301 3546870289946983936.00000000
 36832.99487838    271.49570740      4.56671158 3502033182661289984.00000000
 36837.66128657    271.46131570      4.56729014 3457476445744724480.00000000
 36842.32769476    271.42693271      4.56786870 3413210345837073920.00000000
 36846.99410295    271.39255843      4.56844726 3369244305180972032.00000000
 36851.66051114    271.35819285      4.56902582 3325586933812154880.00000000
 36856.32691933    271.32383598      4.56960438 3282246063022888448.00000000
 36860.99332751    271.28948781      4.57018294 3239228779855109120.00000000
 36865.65973570    271.25514833      4.57076150 3196541462383359488.00000000
 36870.32614389    271.22081755      4.57134006 3154189815556331008.00000000
 36874.99255208    271.18649545      4.57191863 3112178907371500544.00000000
 36879.65896027    271.15218204      4.57249719 3070513205171507712.00000000
 36884.32536846    271.11787731      4.57307575 3029196611859650048.00000000
 36888.99177664    271.08358126      4.57365431 2988232501848912896.00000000
 36893.65818483    271.04929389      4.57423287 2947623756571664896.00000000
 36898.32459302    271.01501519      4.57481143 2907372799393327104.00000000
 36902.99100121    270.98074516      4.57538999 2867481629790183936.00000000
 36907.65740940    270.94648379      4.57596855 2827951856667900416.00000000
 36912.32381759    270.91223109      4.57654711 2788784730713611776.00000000
 36916.99022577    270.87798704      4.57712568 2749981175690655744.00000000
 36921.65663396    270.84375165      4.57770424 2711541818601607168.00000000
 36926.32304215    270.80952492      4.57828280 2673467018660288512.00000000
 36930.98945034    270.77530683      4.57886136 2635756895027535360.00000000
 36935.65585853    270.74109739      4.57943992 2598411353278122496.00000000
 36940.32226672    270.70689659      4.58001848 2561430110580850688.00000000
 36944.98867490    270.67270444      4.58059704 2524812719580914688.00000000
 36949.65508309    270.63852091      4.58117560 2488558590987516416.00000000
 36954.32149128    270.60434603      4.58175417 2452667014873624576.00000000
 36958.98789947    270.57017977      4.58233273 2417137180705366016.00000000
 36963.65430766    270.53602214      4.58291129 2381968196121581568.00000000
 36968.32071585    270.50187313      4.58348985 2347159104489142784.00000000
 36972.98712403    270.46773274      4.58406841 2312708901262738432.00000000
 36977.65353222    270.43360097      4.58464697 2278616549179979776.00000000
 36982.31994041    270.39947781      4.58522553 2244880992323201792.00000000
 36986.98634860    270.36536326      4.58580409 2211501169079283712.00000000
 36991.65275679    270.33125732      4.58638265 2178476024029041920.00000000
 36996.31916498    270.29715998      4.58696122 2145804518796150016.00000000
 37000.98557316    270.26307124      4.58753978 2113485641884181248.00000000
 37005.65198135    270.22899110      4.58811834 2081518417527793408.00000000
 37010.31838954    270.19491956      4.58869690 2049901913584316416.00000000
 37014.98479773    270.16085660      4.58927546 2018635248487311616.00000000
 37019.65120592    270.12680223      4.58985402 1987717597285150208.00000000
 37024.31761411    270.09275645      4.59043258 1957148196783238656.00000000
 37028.98402229    270.05871924      4.59101114 1926926349810300160.00000000
 37033.65043048    270.02469062      4.59158971 1897051428626692864.00000000
 37038.31683867    269.99067057      4.59216827 1867522877493343232.00000000
 37042.98324686    269.95665909      4.59274683 1838340214420520448.00000000
 37047.64965505    269.92265618      4.59332539 1809503032116795136.00000000
 37052.31606324    269.88866183      4.59390395 1781010998159759872.00000000
 37056.98247142    269.85467604      4.59448251 1752863854412247040.00000000
 37061.64887961    269.82069882      4.59506107 1725061415710718976.00000000
 37066.31528780    269.78673014      4.59563963 1697603567855455488.00000000
 37070.98169599    269.75277002      4.59621819 1670490264935317760.00000000
 37075.64810418    269.71881845      4.59679676 1643721526023016448.00000000
 37080.31451237    269.68487543      4.59737532 1617297431282190080.00000000
 37084.98092055    269.65094094      4.59795388 1591218117528906752.00000000
 37089.64732874    269.61701500      4.59853244 1565483773296667136.00000000
 37094.31373693    269.58309759      4.59911100 1540094633454849024.00000000
 37098.98014512    269.54918871      4.59968956 1515050973436149248.00000000
 37103.64655331    269.51528836      4.60026812 1490353103129875200.00000000
 37108.31296150    269.48139654      4.60084668 1466001360500798720.00000000
 37112.97936968    269.44751324      4.60142524 1441996104995226880.00000000
 37117.64577787    269.41363846      4.60200381 1418337710797158912.00000000
 37122.31218606    269.37977219      4.60258237 1395026559997507584.00000000
 37126.97859425    269.34591444      4.60316093 1372063035739085056.00000000
 37131.64500244    269.31206520      4.60373949 1349447515399197184.00000000
 37136.31141063    269.27822447      4.60431805 1327180363869818880.00000000
 37140.97781881    269.24439224      4.60489661 1305261926992327680.00000000
 37145.64422700    269.21056851      4.60547517 1283692525200071680.00000000
 37150.31063519    269.17675328      4.60605373 1262472447419048704.00000000
 37154.97704338    269.14294654      4.60663230 1241601945270177280.00000000
 37159.64345157    269.10914829      4.60721086 1221081227613294080.00000000
 37164.30985976    269.07535853      4.60778942 1200910455464875264.00000000
 37168.97626794    269.04157725      4.60836798 1181089737316909056.00000000
 37173.64267613    269.00780446      4.60894654 1161619124876394752.00000000
 37178.30908432    268.97404014      4.60952510 1142498609238232704.00000000
 37182.97549251    268.94028430      4.61010366 1123728117497505664.00000000
 37187.64190070    268.90653693      4.61068222 1105307509800006784.00000000
 37192.30830888    268.87279802      4.61126078 1087236576822866688.00000000
 37196.97471707    268.83906759      4.61183935 1069515037670492160.00000000
 37201.64112526    268.80534561      4.61241791 1052142538165068672.00000000
 37206.30753345    268.77163210      4.61299647 1035118649505148288.00000000
 37210.97394164    268.73792703      4.61357503 1018442867260494848.00000000
 37215.64034983    268.70423043      4.61415359 1002114610666780800.00000000
 37220.30675801    268.67054227      4.61473215 986133222180864640.00000000
 37224.97316620    268.63686255      4.61531071 970497967253120000.00000000
 37229.63957439    268.60319128      4.61588927 955208034272796544.00000000
 37234.30598258    268.56952845      4.61646784 940262534639680512.00000000
 37238.97239077    268.53587406      4.61704640 925660502916449152.00000000
 37243.63879896    268.50222810      4.61762496 911400897015805184.00000000
 37248.30520714    268.46859057      4.61820352 897482598378216832.00000000
 37252.97161533    268.43496146      4.61878208 883904412098578560.00000000
 37257.63802352    268.40134079      4.61936064 870665066963160704.00000000
 37262.30443171    268.36772853      4.61993920 857763215361903744.00000000
 37266.97083990    268.33412469      4.62051776 845197433045562880.00000000
 37271.63724809    268.30052926      4.62109632 832966218702435712.00000000
 37276.30365627    268.26694224      4.62167489 821067993334832256.00000000
 37280.97006446    268.23336364      4.62225345 809501099421157504.00000000
 37285.63647265    268.19979343      4.62283201 798263799855445632.00000000
 37290.30288084    268.16623163      4.62341057 787354276663099392.00000000
 37294.96928903    268.13267823      4.62398913 776770629496721792.00000000
 37299.63569722    268.09913322      4.62456769 766510873923355648.00000000
 37304.30210540    268.06559661      4.62514625 756572939519341056.00000000
 37308.96851359    268.03206838      4.62572481 746954667795535744.00000000
 37313.63492178    267.99854855      4.62630337 737653809980565120.00000000
 37318.30132997    267.96503709      4.62688194 728668024694672512.00000000
 37322.96773816    267.93153401      4.62746050 719994875551247744.00000000
 37327.63414635    267.89803931      4.62803906 711631828726830336.00000000
 37332.30055453    267.86455299      4.62861762 703576250543446400.00000000
 37336.96696272    267.83107503      4.62919618 695825405109464192.00000000
 37341.63337091    267.79760544      4.62977474 688376452067133184.00000000
 37346.29977910    267.76414422      4.63035330 681226444495832192.00000000
 37350.96618729    267.73069135      4.63093186 674372327020343040.00000000
 37355.63259548    267.69724685      4.63151043 667810934172930816.00000000
 37360.29900366    267.66381069      4.63208899 661538989057346944.00000000
 37364.96541185    267.63038289      4.63266755 655553102360522368.00000000
 37369.63182004    267.59696344      4.63324611 649849771756052224.00000000
 37374.29822823    267.56355234      4.63382467 644425381740102400.00000000
 37378.96463642    267.53014957      4.63440323 639276203937578752.00000000
 37383.63104461    267.49675515      4.63498179 634398397912259072.00000000
 37388.29745279    267.46336906      4.63556035 629788012510690816.00000000
 37392.96386098    267.42999130      4.63613891 625440987765277952.00000000
 37397.63026917    267.39662187      4.63671748 621353157377492864.00000000
 37402.29667736    267.36326077      4.63729604 617520251797420544.00000000
 37406.96308555    267.32990799      4.63787460 613937901911127296.00000000
 37411.62949374    267.29656354      4.63845316 610601643342786304.00000000
 37416.29590192    267.26322740      4.63903172 607506921373778176.00000000
 37420.96231011    267.22989957      4.63961028 604649096476553600.00000000
 37425.62871830    267.19658006      4.64018884 602023450456667648.00000000
 37430.29512649    267.16326885      4.64076740 599625193192489088.00000000
 37434.96153468    267.12996595      4.64134597 597449469957980416.00000000
 37439.62794287    267.09667135      4.64192453 595491369310629888.00000000
 37444.29435105    267.06338504      4.64250309 593745931523035392.00000000
 37448.96075924    267.03010704      4.64308165 592208157533796352.00000000
 37453.62716743    266.99683732      4.64366021 590873018390433920.00000000
 37458.29357562    266.96357590      4.64423877 589735465154542848.00000000
 37462.95998381    266.93032276      4.64481733 588790439237048192.00000000
 37467.62639200    266.89707790      4.64539589 588032883129257984.00000000
 37472.29280018    266.86384133      4.64597445 587457751493388032.00000000
 37476.95920837    266.83061303      4.64655302 587060022574316800.00000000
 37481.62561656    266.79739300      4.64713158 586834709892511872.00000000
 37486.29202475    266.76418125      4.64771014 586776874176197504.00000000
 37490.95843294    266.73097776      4.64828870 586881635489033984.00000000
 37495.62484113    266.69778254      4.64886726 587144185507622784.00000000
 37500.29124931    266.66459558      4.64944582 587559799901171712.00000000
 37504.95765750    266.63141687      4.65002438 588123850763538176.00000000
 37509.62406569    266.59824643      4.65060294 588831819045520256.00000000
 37514.29047388    266.56508423      4.65118150 589679306932914944.00000000
 37518.95688207    266.53193028      4.65176007 590662050113150976.00000000
 37523.62329026    266.49878458      4.65233863 591775929870600832.00000000
 37528.28969844    266.46564713      4.65291719 593016984947716096.00000000
 37532.95610663    266.43251791      4.65349575 594381423106123904.00000000
 37537.62251482    266.39939693      4.65407431 595865632318636288.00000000
 37542.28892301    266.36628418      4.65465287 597466191520089344.00000000
 37546.95533120    266.33317966      4.65523143 599179880841740800.00000000
 37551.62173939    266.30008337      4.65580999 601003691250968320.00000000
 37556.28814757    266.26699531      4.65638856 602934833515289600.00000000
 37560.95455576    266.23391547      4.65696712 604970746407069440.00000000
 37565.62096395    266.20084384      4.65754568 607109104063299840.00000000
 37570.28737214    266.16778043      4.65812424 609347822413014912.00000000
 37574.95378033    266.13472523      4.65870280 611685064584019200.00000000
 37579.62018852    266.10167825      4.65928136 614119245199995776.00000000
 37584.28659670    266.06863946      4.65985992 616649033479739264.00000000
 37588.95300489    266.03560888      4.66043848 619273355051304832.00000000
 37593.61941308    266.00258651      4.66101704 621991392396326016.00000000
 37598.28582127    265.96957232      4.66159561 624802583843054336.00000000
 37602.95222946    265.93656634      4.66217417 627706621031168256.00000000
 37607.61863765    265.90356854      4.66275273 630703444777065600.00000000
 37612.28504583    265.87057893      4.66333129 633793239275321088.00000000
 37616.95145402    265.83759751      4.66390985 636976424580275328.00000000
 37621.61786221    265.80462426      4.66448841 640253647320955904.00000000
 37626.28427040    265.77165920      4.66506697 643625769613607040.00000000
 37630.95067859    265.73870231      4.66564553 647093856147708160.00000000
 37635.61708678    265.70575359      4.66622409 650659159434828160.00000000
 37640.28349496    265.67281305      4.66680266 654323103223551360.00000000
 37644.94990315    265.63988067      4.66738122 658087264099208320.00000000
 37649.61631134    265.60695645      4.66795978 661953351302898432.00000000
 37654.28271953    265.57404039      4.66853834 665923184821374720.00000000
 37658.94912772    265.54113250      4.66911690 669998671816344320.00000000
 37663.61553591    265.50823275      4.66969546 674181781479656832.00000000
 37668.28194409    265.47534116      4.67027402 678474518418628096.00000000
 37672.94835228    265.44245772      4.67085258 682878894693501952.00000000
 37677.61476047    265.40958242      4.67143115 687396900646579456.00000000
 37682.28116866    265.37671526      4.67200971 692030474679649024.00000000
 37686.94757685    265.34385624      4.67258827 696781472152655872.00000000
 37691.61398503    265.31100536      4.67316683 701651633591712640.00000000
 37696.28039322    265.27816261      4.67374539 706642552409047424.00000000
 37700.94680141    265.24532799      4.67432395 711755642349758208.00000000
 37705.61320960    265.21250150      4.67490251 716992104891882496.00000000
 37710.27961779    265.17968314      4.67548107 722352896834996480.00000000
 37714.94602598    265.14687289      4.67605963 727838698320401152.00000000
 37719.61243416    265.11407076      4.67663820 733449881530500096.00000000
 37724.27884235    265.08127675      4.67721676 739186480318286848.00000000
 37728.94525054    265.04849085      4.67779532 745048161017847168.00000000
 37733.61165873    265.01571306      4.67837388 751034194684843776.00000000
 37738.27806692    264.98294337      4.67895244 757143431011413504.00000000
 37742.94447511    264.95018179      4.67953100 763374274152473600.00000000
 37747.61088329    264.91742831      4.68010956 769724660690822784.00000000
